,category,catlink,itemlink,itemname,itemprice
0,❤후원 목걸이❤,https://smartstore.naver.com/vldiol/category/b1069017d4564db0a8271d2b64ffd014?cp=1,https://smartstore.naver.com/vldiol/products/8241901071,[브디올] 유기동물 후원 Cozy 목걸이,16930
1,❤후원 팔찌❤,https://smartstore.naver.com/vldiol/category/011287821edf4f56ac9b6d214d1179e9?cp=1,https://smartstore.naver.com/vldiol/products/5647583908,[브디올] 유기동물 후원 디안 팔찌,19360
2,All Products,https://smartstore.naver.com/vldiol/category/d7d6f68ca6594222a6416d6298f3d696?cp=1,https://smartstore.naver.com/vldiol/products/8241901071,[브디올] 유기동물 후원 Cozy 목걸이,16930
3,All Products,https://smartstore.naver.com/vldiol/category/d7d6f68ca6594222a6416d6298f3d696?cp=1,https://smartstore.naver.com/vldiol/products/5647583908,[브디올] 유기동물 후원 디안 팔찌,19360
4,BEST,https://smartstore.naver.com/talk_that_griptok/best?cp=1,https://smartstore.naver.com/talk_that_griptok/products/8131706861,[무배] 톡댓그립톡 심플 슬림 라운드 원형 스마트링 마그네틱 그립 스마트톡  4컬러 1+1 골라담기,7400
5,BEST,https://smartstore.naver.com/talk_that_griptok/best?cp=1,https://smartstore.naver.com/talk_that_griptok/products/8215932406,톡댓그립톡 미키 미니 디즈니 캐릭터 거울 미러 그립톡,4900
6,BEST,https://smartstore.naver.com/talk_that_griptok/best?cp=1,https://smartstore.naver.com/talk_that_griptok/products/7900405507,톡댓그립톡 심플 슬림 라운드 원형 스마트링 마그네틱 그립 스마트톡,3900
7,BEST,https://smartstore.naver.com/talk_that_griptok/best?cp=1,https://smartstore.naver.com/talk_that_griptok/products/8175469237,[무배] 톡댓그립톡 오로라 테디베어 곰돌이 레진 그립톡 5컬러 1+1 2개 골라담기,12300
8,BEST,https://smartstore.naver.com/talk_that_griptok/best?cp=1,https://smartstore.naver.com/talk_that_griptok/products/8166812222,톡댓그립톡 우주 갤럭시 하리보 테디베어 아크릴 그립톡,6900
9,BEST,https://smartstore.naver.com/talk_that_griptok/best?cp=1,https://smartstore.naver.com/talk_that_griptok/products/8140276417,[무배] 톡댓그립톡 하이틴 레트로 Y2K 키치 큐티 캐릭터 베티붑 아크릴 그립톡,13200
10,BEST,https://smartstore.naver.com/talk_that_griptok/best?cp=1,https://smartstore.naver.com/talk_that_griptok/products/8264295636,톡댓그립톡 키치한 Y2K 무드 에잇볼 갤럭시 아이폰 케이스,9900
11,BEST,https://smartstore.naver.com/talk_that_griptok/best?cp=1,https://smartstore.naver.com/talk_that_griptok/products/8264236478,톡댓그립톡 키치한 Y2K 무드 에잇볼 그립톡,6900
12,BEST,https://smartstore.naver.com/talk_that_griptok/best?cp=1,https://smartstore.naver.com/talk_that_griptok/products/8013142859,톡댓그립톡 럭키 구름 카메라풀커버 실리콘 젤리 아이폰 에어팟 케이스,4900
13,BEST,https://smartstore.naver.com/talk_that_griptok/best?cp=1,https://smartstore.naver.com/talk_that_griptok/products/8385745521,[무배] 톡댓그립톡 초경량 도킹형 스틱 보조배터리 5000mAh C타입 갤럭시 8핀 아이폰 1+1 골라담기,19400
14,BEST,https://smartstore.naver.com/talk_that_griptok/best?cp=1,https://smartstore.naver.com/talk_that_griptok/products/8336487237,톡댓그립톡 키치한 쏘스 아크릴 그립톡,6900
15,BEST,https://smartstore.naver.com/talk_that_griptok/best?cp=1,https://smartstore.naver.com/talk_that_griptok/products/8336289795,톡댓그립톡 귀여운 피크닉 소품 디저트 아크릴 그립톡,6900
16,BEST,https://smartstore.naver.com/talk_that_griptok/best?cp=1,https://smartstore.naver.com/talk_that_griptok/products/8324883889,톡댓그립톡 귀여운 키치 패스트푸드 프렌즈 아크릴 그립톡,6900
17,BEST,https://smartstore.naver.com/talk_that_griptok/best?cp=1,https://smartstore.naver.com/talk_that_griptok/products/8305549651,톡댓그립톡 귀여운 하리보 곰돌이 프렌즈 카드 케이스,9900
18,BEST,https://smartstore.naver.com/talk_that_griptok/best?cp=1,https://smartstore.naver.com/talk_that_griptok/products/8305400605,톡댓그립톡 귀여운 하리보 곰돌이 프렌즈 갤럭시 아이폰 케이스,9900
19,BEST,https://smartstore.naver.com/talk_that_griptok/best?cp=1,https://smartstore.naver.com/talk_that_griptok/products/8289155165,톡댓그립톡 귀여운 하리보 곰돌이 프렌즈 아크릴 그립톡,6900
20,BEST,https://smartstore.naver.com/talk_that_griptok/best?cp=1,https://smartstore.naver.com/talk_that_griptok/products/8264146485,톡댓그립톡 폭신폭신 귀여운 리본 털 토끼 열쇠고리 키홀더 키링,6900
21,BEST,https://smartstore.naver.com/talk_that_griptok/best?cp=1,https://smartstore.naver.com/talk_that_griptok/products/8264032896,톡댓그립톡 폭신폭신 귀여운 하트 폼폼이 솜털 열쇠고리 키링,4900
22,BEST,https://smartstore.naver.com/talk_that_griptok/best?cp=1,https://smartstore.naver.com/talk_that_griptok/products/8230754523,톡댓그립톡 베네치아 열쇠고리 에어팟 갤럭시버즈 키링,4900
23,BEST,https://smartstore.naver.com/talk_that_griptok/best?cp=1,https://smartstore.naver.com/talk_that_griptok/products/8230683006,톡댓그립톡 아기천사 열쇠고리 에어팟 갤럭시버즈 키링,4900
24,BEST,https://smartstore.naver.com/talk_that_griptok/best?cp=1,https://smartstore.naver.com/talk_that_griptok/products/8205344796,톡댓그립톡 귀여운 초코 곰돌이 에어팟 케이스 키링 세트,4900
25,BEST,https://smartstore.naver.com/talk_that_griptok/best?cp=1,https://smartstore.naver.com/talk_that_griptok/products/8205181256,톡댓그립톡 귀여운 하리보 카메라풀커버 실리콘 젤리 아이폰 케이스,4900
26,BEST,https://smartstore.naver.com/talk_that_griptok/best?cp=1,https://smartstore.naver.com/talk_that_griptok/products/8168478517,톡댓그립톡 해피벌스데이 테디베어 인형 그립 스마트톡,6900
27,BEST,https://smartstore.naver.com/talk_that_griptok/best?cp=1,https://smartstore.naver.com/talk_that_griptok/products/8161565340,톡댓그립톡 OREO 오레오 그립 스마트톡,6900
28,BEST,https://smartstore.naver.com/talk_that_griptok/best?cp=1,https://smartstore.naver.com/talk_that_griptok/products/8158386402,톡댓그립톡 디저트카페 아이스크림 치즈 쿠키 베이커리 아크릴 그립톡,6900
29,BEST,https://smartstore.naver.com/talk_that_griptok/best?cp=1,https://smartstore.naver.com/talk_that_griptok/products/8158258687,톡댓그립톡 피크닉 소풍 소품샵 구름 레몬 케이크 아크릴 그립톡,6900
30,BEST,https://smartstore.naver.com/talk_that_griptok/best?cp=1,https://smartstore.naver.com/talk_that_griptok/products/8150365318,톡댓그립톡 귀여운 센과 치히로 스스와타리 먼지 인형 그립톡,4900
31,BEST,https://smartstore.naver.com/talk_that_griptok/best?cp=1,https://smartstore.naver.com/talk_that_griptok/products/8150010199,톡댓그립톡 봄날 파스텔톤 플라워 꽃송이 아크릴 그립톡,3900
32,BEST,https://smartstore.naver.com/talk_that_griptok/best?cp=1,https://smartstore.naver.com/talk_that_griptok/products/8148335246,톡댓그립톡 폭신폭신 귀여운 산리오 캐릭터 쿠션팝 빅사이즈 인형 그립톡,6900
33,BEST,https://smartstore.naver.com/talk_that_griptok/best?cp=1,https://smartstore.naver.com/talk_that_griptok/products/8148107108,톡댓그립톡 건물 사이에 피어난 장미 그립톡,4900
34,GRIPTOK,https://smartstore.naver.com/talk_that_griptok/category/2c52067db4a1490cad10e472512980ca?cp=1,https://smartstore.naver.com/talk_that_griptok/products/8336487237,톡댓그립톡 키치한 쏘스 아크릴 그립톡,6900
35,GRIPTOK,https://smartstore.naver.com/talk_that_griptok/category/2c52067db4a1490cad10e472512980ca?cp=1,https://smartstore.naver.com/talk_that_griptok/products/8336289795,톡댓그립톡 귀여운 피크닉 소품 디저트 아크릴 그립톡,6900
36,GRIPTOK,https://smartstore.naver.com/talk_that_griptok/category/2c52067db4a1490cad10e472512980ca?cp=1,https://smartstore.naver.com/talk_that_griptok/products/8324883889,톡댓그립톡 귀여운 키치 패스트푸드 프렌즈 아크릴 그립톡,6900
37,GRIPTOK,https://smartstore.naver.com/talk_that_griptok/category/2c52067db4a1490cad10e472512980ca?cp=1,https://smartstore.naver.com/talk_that_griptok/products/8289155165,톡댓그립톡 귀여운 하리보 곰돌이 프렌즈 아크릴 그립톡,6900
38,GRIPTOK,https://smartstore.naver.com/talk_that_griptok/category/2c52067db4a1490cad10e472512980ca?cp=1,https://smartstore.naver.com/talk_that_griptok/products/8264236478,톡댓그립톡 키치한 Y2K 무드 에잇볼 그립톡,6900
39,GRIPTOK,https://smartstore.naver.com/talk_that_griptok/category/2c52067db4a1490cad10e472512980ca?cp=1,https://smartstore.naver.com/talk_that_griptok/products/8215932406,톡댓그립톡 미키 미니 디즈니 캐릭터 거울 미러 그립톡,4900
40,GRIPTOK,https://smartstore.naver.com/talk_that_griptok/category/2c52067db4a1490cad10e472512980ca?cp=1,https://smartstore.naver.com/talk_that_griptok/products/8175469237,[무배] 톡댓그립톡 오로라 테디베어 곰돌이 레진 그립톡 5컬러 1+1 2개 골라담기,12300
41,GRIPTOK,https://smartstore.naver.com/talk_that_griptok/category/2c52067db4a1490cad10e472512980ca?cp=1,https://smartstore.naver.com/talk_that_griptok/products/8168478517,톡댓그립톡 해피벌스데이 테디베어 인형 그립 스마트톡,6900
42,GRIPTOK,https://smartstore.naver.com/talk_that_griptok/category/2c52067db4a1490cad10e472512980ca?cp=1,https://smartstore.naver.com/talk_that_griptok/products/8166812222,톡댓그립톡 우주 갤럭시 하리보 테디베어 아크릴 그립톡,6900
43,GRIPTOK,https://smartstore.naver.com/talk_that_griptok/category/2c52067db4a1490cad10e472512980ca?cp=1,https://smartstore.naver.com/talk_that_griptok/products/8161565340,톡댓그립톡 OREO 오레오 그립 스마트톡,6900
44,GRIPTOK,https://smartstore.naver.com/talk_that_griptok/category/2c52067db4a1490cad10e472512980ca?cp=1,https://smartstore.naver.com/talk_that_griptok/products/8158386402,톡댓그립톡 디저트카페 아이스크림 치즈 쿠키 베이커리 아크릴 그립톡,6900
45,GRIPTOK,https://smartstore.naver.com/talk_that_griptok/category/2c52067db4a1490cad10e472512980ca?cp=1,https://smartstore.naver.com/talk_that_griptok/products/8158258687,톡댓그립톡 피크닉 소풍 소품샵 구름 레몬 케이크 아크릴 그립톡,6900
46,GRIPTOK,https://smartstore.naver.com/talk_that_griptok/category/2c52067db4a1490cad10e472512980ca?cp=1,https://smartstore.naver.com/talk_that_griptok/products/8150365318,톡댓그립톡 귀여운 센과 치히로 스스와타리 먼지 인형 그립톡,4900
47,GRIPTOK,https://smartstore.naver.com/talk_that_griptok/category/2c52067db4a1490cad10e472512980ca?cp=1,https://smartstore.naver.com/talk_that_griptok/products/8150010199,톡댓그립톡 봄날 파스텔톤 플라워 꽃송이 아크릴 그립톡,3900
48,GRIPTOK,https://smartstore.naver.com/talk_that_griptok/category/2c52067db4a1490cad10e472512980ca?cp=1,https://smartstore.naver.com/talk_that_griptok/products/8148335246,톡댓그립톡 폭신폭신 귀여운 산리오 캐릭터 쿠션팝 빅사이즈 인형 그립톡,6900
49,GRIPTOK,https://smartstore.naver.com/talk_that_griptok/category/2c52067db4a1490cad10e472512980ca?cp=1,https://smartstore.naver.com/talk_that_griptok/products/8148107108,톡댓그립톡 건물 사이에 피어난 장미 그립톡,4900
50,GRIPTOK,https://smartstore.naver.com/talk_that_griptok/category/2c52067db4a1490cad10e472512980ca?cp=1,https://smartstore.naver.com/talk_that_griptok/products/8140276417,[무배] 톡댓그립톡 하이틴 레트로 Y2K 키치 큐티 캐릭터 베티붑 아크릴 그립톡,13200
51,GRIPTOK,https://smartstore.naver.com/talk_that_griptok/category/2c52067db4a1490cad10e472512980ca?cp=1,https://smartstore.naver.com/talk_that_griptok/products/8131706861,[무배] 톡댓그립톡 심플 슬림 라운드 원형 스마트링 마그네틱 그립 스마트톡  4컬러 1+1 골라담기,7400
52,GRIPTOK,https://smartstore.naver.com/talk_that_griptok/category/2c52067db4a1490cad10e472512980ca?cp=1,https://smartstore.naver.com/talk_that_griptok/products/8120603034,톡댓그립톡 폭신폭신 귀여운 하트 폼폼이 솜털 멀티 컬러 그립톡,4900
53,GRIPTOK,https://smartstore.naver.com/talk_that_griptok/category/2c52067db4a1490cad10e472512980ca?cp=1,https://smartstore.naver.com/talk_that_griptok/products/8108074327,톡댓그립톡 폭신폭신 빵빵한 귀여운 하트 쿠션 패딩 그립톡,4900
54,GRIPTOK,https://smartstore.naver.com/talk_that_griptok/category/2c52067db4a1490cad10e472512980ca?cp=1,https://smartstore.naver.com/talk_that_griptok/products/8107911152,톡댓그립톡 비비드 빅 스마일 미러 거울 그립 스마트톡,4900
55,GRIPTOK,https://smartstore.naver.com/talk_that_griptok/category/2c52067db4a1490cad10e472512980ca?cp=1,https://smartstore.naver.com/talk_that_griptok/products/8107346149,톡댓그립톡 영롱한 유광 홀로그램 투명 곰돌이 하리보 오로라 레진 그립 스마트톡,6900
56,GRIPTOK,https://smartstore.naver.com/talk_that_griptok/category/2c52067db4a1490cad10e472512980ca?cp=1,https://smartstore.naver.com/talk_that_griptok/products/8105438890,톡댓그립톡 키치 유니크 하리보 초코비 곰젤리 쿠션 그립톡 별키링 포함,4900
57,GRIPTOK,https://smartstore.naver.com/talk_that_griptok/category/2c52067db4a1490cad10e472512980ca?cp=1,https://smartstore.naver.com/talk_that_griptok/products/8105199513,톡댓그립톡 고급스러운 무광 홀로그램 투명 곰돌이 하리보 오로라 레진 그립 스마트톡,6900
58,GRIPTOK,https://smartstore.naver.com/talk_that_griptok/category/2c52067db4a1490cad10e472512980ca?cp=1,https://smartstore.naver.com/talk_that_griptok/products/8098574202,[무배] 톡댓그립톡 엠엔엠즈 초콜릿 하이틴 테디베어 아크릴 그립 스마트톡,13200
59,GRIPTOK,https://smartstore.naver.com/talk_that_griptok/category/2c52067db4a1490cad10e472512980ca?cp=1,https://smartstore.naver.com/talk_that_griptok/products/8090818284,[무배] 톡댓그립톡 해피래빗 하이틴 토끼 아크릴 그립 스마트톡,13200
60,GRIPTOK,https://smartstore.naver.com/talk_that_griptok/category/2c52067db4a1490cad10e472512980ca?cp=1,https://smartstore.naver.com/talk_that_griptok/products/8087451583,[무배] 톡댓그립톡 귀여운 하이틴 심슨 도넛 핑거톡 그립톡,6900
61,GRIPTOK,https://smartstore.naver.com/talk_that_griptok/category/2c52067db4a1490cad10e472512980ca?cp=1,https://smartstore.naver.com/talk_that_griptok/products/8075711084,톡댓그립톡 폭신폭신 꽃잎 플라워 그립톡 스마트톡,4900
62,GRIPTOK,https://smartstore.naver.com/talk_that_griptok/category/2c52067db4a1490cad10e472512980ca?cp=1,https://smartstore.naver.com/talk_that_griptok/products/8075616464,톡댓그립톡 귀여운 곰돌이 인형 스마트톡 핑거톡 그립톡,4900
63,GRIPTOK,https://smartstore.naver.com/talk_that_griptok/category/2c52067db4a1490cad10e472512980ca?cp=1,https://smartstore.naver.com/talk_that_griptok/products/8075415691,톡댓그립톡 귀여운 눈사람 식빵 쿠키 강아지 그립톡 스마트톡,4900
64,GRIPTOK,https://smartstore.naver.com/talk_that_griptok/category/2c52067db4a1490cad10e472512980ca?cp=1,https://smartstore.naver.com/talk_that_griptok/products/7922512839,[무배] 톡댓그립톡 스누즈키튼즈 캐릭터 스쿨 슈퍼마켓 아크릴 거치대 홀더 그립톡,13200
65,GRIPTOK,https://smartstore.naver.com/talk_that_griptok/category/2c52067db4a1490cad10e472512980ca?cp=1,https://smartstore.naver.com/talk_that_griptok/products/7918410978,톡댓그립톡 심플 링 그립톡2 맥세이프 메탈릭 컬러 그립톡,9900
66,GRIPTOK,https://smartstore.naver.com/talk_that_griptok/category/2c52067db4a1490cad10e472512980ca?cp=1,https://smartstore.naver.com/talk_that_griptok/products/7916980054,톡댓그립톡 복실복실 체리 베어 부드러운 곰돌이 인형 그립 스마트톡,6900
67,GRIPTOK,https://smartstore.naver.com/talk_that_griptok/category/2c52067db4a1490cad10e472512980ca?cp=1,https://smartstore.naver.com/talk_that_griptok/products/7916649014,톡댓그립톡 복실복실 귀여운 털실 곰돌이 곰도리 그립톡,6900
68,GRIPTOK,https://smartstore.naver.com/talk_that_griptok/category/2c52067db4a1490cad10e472512980ca?cp=1,https://smartstore.naver.com/talk_that_griptok/products/7900405507,톡댓그립톡 심플 슬림 라운드 원형 스마트링 마그네틱 그립 스마트톡,3900
69,GRIPTOK,https://smartstore.naver.com/talk_that_griptok/category/2c52067db4a1490cad10e472512980ca?cp=1,https://smartstore.naver.com/talk_that_griptok/products/7900398440,톡댓그립톡 곰돌이 테드 테디베어 스마트톡 그립톡 거치대 홀더,6900
70,GRIPTOK,https://smartstore.naver.com/talk_that_griptok/category/2c52067db4a1490cad10e472512980ca?cp=1,https://smartstore.naver.com/talk_that_griptok/products/7900379143,톡댓그립톡 깅엄 체크 해피데이 스마일 이모지 그립톡,6900
71,GRIPTOK,https://smartstore.naver.com/talk_that_griptok/category/2c52067db4a1490cad10e472512980ca?cp=1,https://smartstore.naver.com/talk_that_griptok/products/7897305430,[무배] 톡댓그립톡 디저트래빗 하이틴 토끼 아크릴 그립 스마트톡,13200
72,CASE,https://smartstore.naver.com/talk_that_griptok/category/729339b4a1ef425f8a0bb7739b91adb2?cp=1,https://smartstore.naver.com/talk_that_griptok/products/8305400605,톡댓그립톡 귀여운 하리보 곰돌이 프렌즈 갤럭시 아이폰 케이스,9900
73,CASE,https://smartstore.naver.com/talk_that_griptok/category/729339b4a1ef425f8a0bb7739b91adb2?cp=1,https://smartstore.naver.com/talk_that_griptok/products/8264295636,톡댓그립톡 키치한 Y2K 무드 에잇볼 갤럭시 아이폰 케이스,9900
74,CASE,https://smartstore.naver.com/talk_that_griptok/category/729339b4a1ef425f8a0bb7739b91adb2?cp=1,https://smartstore.naver.com/talk_that_griptok/products/8205181256,톡댓그립톡 귀여운 하리보 카메라풀커버 실리콘 젤리 아이폰 케이스,4900
75,CASE,https://smartstore.naver.com/talk_that_griptok/category/729339b4a1ef425f8a0bb7739b91adb2?cp=1,https://smartstore.naver.com/talk_that_griptok/products/8100750909,톡댓그립톡 젤하드 투명 클리어 방탄 에어쿠션 범퍼 케이스,4900
76,CASE,https://smartstore.naver.com/talk_that_griptok/category/729339b4a1ef425f8a0bb7739b91adb2?cp=1,https://smartstore.naver.com/talk_that_griptok/products/8082044431,톡댓그립톡 심플 무광 힌지보호 힌지가드 Z플립4 케이스,9500
77,CASE,https://smartstore.naver.com/talk_that_griptok/category/729339b4a1ef425f8a0bb7739b91adb2?cp=1,https://smartstore.naver.com/talk_that_griptok/products/8039180302,톡댓그립톡 젤하드 맥세이프 아이폰 케이스,9500
78,CASE,https://smartstore.naver.com/talk_that_griptok/category/729339b4a1ef425f8a0bb7739b91adb2?cp=1,https://smartstore.naver.com/talk_that_griptok/products/8013211707,톡댓그립톡 캔디 코튼 웨이브 미러 그립톡 일체형 아이폰 케이스,8300
79,CASE,https://smartstore.naver.com/talk_that_griptok/category/729339b4a1ef425f8a0bb7739b91adb2?cp=1,https://smartstore.naver.com/talk_that_griptok/products/8013142859,톡댓그립톡 럭키 구름 카메라풀커버 실리콘 젤리 아이폰 에어팟 케이스,4900
80,CASE,https://smartstore.naver.com/talk_that_griptok/category/729339b4a1ef425f8a0bb7739b91adb2?cp=1,https://smartstore.naver.com/talk_that_griptok/products/8007297066,톡댓그립톡 사랑스러운 하트 토끼 베어 카메라풀커버 아이폰 케이스,4900
81,CASE,https://smartstore.naver.com/talk_that_griptok/category/729339b4a1ef425f8a0bb7739b91adb2?cp=1,https://smartstore.naver.com/talk_that_griptok/products/8007292622,톡댓그립톡 귀여운 바니 토끼 카메라풀커버 아이폰 케이스,4900
82,CASE,https://smartstore.naver.com/talk_that_griptok/category/729339b4a1ef425f8a0bb7739b91adb2?cp=1,https://smartstore.naver.com/talk_that_griptok/products/7934883863,톡댓그립톡 그라디언트 그라데이션 카메라 풀커버 카드수납 방탄 젤리 케이스 / 아이폰 갤럭시,5900
83,CASE,https://smartstore.naver.com/talk_that_griptok/category/729339b4a1ef425f8a0bb7739b91adb2?cp=1,https://smartstore.naver.com/talk_that_griptok/products/7934754880,톡댓그립톡 슈퍼방탄 변색방지 카드수납 카메라 풀커버 소프트 젤리 투명 갤럭시 아이폰 케이스,4900
84,CASE,https://smartstore.naver.com/talk_that_griptok/category/729339b4a1ef425f8a0bb7739b91adb2?cp=1,https://smartstore.naver.com/talk_that_griptok/products/7922714359,톡댓그립톡 하이틴 xoxo 다이어리 블링블링 글리터 아이폰 갤럭시 케이스,9800
85,CASE,https://smartstore.naver.com/talk_that_griptok/category/729339b4a1ef425f8a0bb7739b91adb2?cp=1,https://smartstore.naver.com/talk_that_griptok/products/7921446018,톡댓그립톡 Z플립4 플라워 스마일 이모지 케이스,9800
86,CASE,https://smartstore.naver.com/talk_that_griptok/category/729339b4a1ef425f8a0bb7739b91adb2?cp=1,https://smartstore.naver.com/talk_that_griptok/products/7920651509,톡댓그립톡 Z플립 힌지 가드 귀여운 냐미 커플 투명 케이스 포크 거치대 포함,9800
87,CASE,https://smartstore.naver.com/talk_that_griptok/category/729339b4a1ef425f8a0bb7739b91adb2?cp=1,https://smartstore.naver.com/talk_that_griptok/products/7908245556,톡댓그립톡 귀여운 타마고 다이노 공룡 카메라 풀커버 아이폰 케이스,4900
88,CASE,https://smartstore.naver.com/talk_that_griptok/category/729339b4a1ef425f8a0bb7739b91adb2?cp=1,https://smartstore.naver.com/talk_that_griptok/products/7908225437,톡댓그립톡 사랑스러운 로맨틱 커플 강아지 카메라 풀커버 케이스 아이폰,4900
89,CASE,https://smartstore.naver.com/talk_that_griptok/category/729339b4a1ef425f8a0bb7739b91adb2?cp=1,https://smartstore.naver.com/talk_that_griptok/products/7908205660,톡댓그립톡 상큼한 애플 민트 토끼와 곰돌이 카메라 풀커버 아이폰 케이스,4900
90,CASE,https://smartstore.naver.com/talk_that_griptok/category/729339b4a1ef425f8a0bb7739b91adb2?cp=1,https://smartstore.naver.com/talk_that_griptok/products/7908171302,톡댓그립톡 귀여운 강아지 말티 카메라 풀커버 아이폰 케이스,4900
91,CASE,https://smartstore.naver.com/talk_that_griptok/category/729339b4a1ef425f8a0bb7739b91adb2?cp=1,https://smartstore.naver.com/talk_that_griptok/products/7908158941,톡댓그립톡 귀여운 도토리와 고양이 카메라 풀커버 아이폰 케이스,4900
92,CASE,https://smartstore.naver.com/talk_that_griptok/category/729339b4a1ef425f8a0bb7739b91adb2?cp=1,https://smartstore.naver.com/talk_that_griptok/products/7908146357,톡댓그립톡 귀여운 양말 속 곰돌이 카메라 풀커버 아이폰 케이스,4900
93,KEYRING,https://smartstore.naver.com/talk_that_griptok/category/a3bf9937e0e74fb7a725b4c3d54b01d0?cp=1,https://smartstore.naver.com/talk_that_griptok/products/8264146485,톡댓그립톡 폭신폭신 귀여운 리본 털 토끼 열쇠고리 키홀더 키링,6900
94,KEYRING,https://smartstore.naver.com/talk_that_griptok/category/a3bf9937e0e74fb7a725b4c3d54b01d0?cp=1,https://smartstore.naver.com/talk_that_griptok/products/8264032896,톡댓그립톡 폭신폭신 귀여운 하트 폼폼이 솜털 열쇠고리 키링,4900
95,KEYRING,https://smartstore.naver.com/talk_that_griptok/category/a3bf9937e0e74fb7a725b4c3d54b01d0?cp=1,https://smartstore.naver.com/talk_that_griptok/products/8230754523,톡댓그립톡 베네치아 열쇠고리 에어팟 갤럭시버즈 키링,4900
96,KEYRING,https://smartstore.naver.com/talk_that_griptok/category/a3bf9937e0e74fb7a725b4c3d54b01d0?cp=1,https://smartstore.naver.com/talk_that_griptok/products/8230683006,톡댓그립톡 아기천사 열쇠고리 에어팟 갤럭시버즈 키링,4900
97,KEYRING,https://smartstore.naver.com/talk_that_griptok/category/a3bf9937e0e74fb7a725b4c3d54b01d0?cp=1,https://smartstore.naver.com/talk_that_griptok/products/8108899586,[무배] 톡댓그립톡 복실복실 부들부들 귀여운 강아지 바둑이 인형 키홀더 키링,8300
98,KEYRING,https://smartstore.naver.com/talk_that_griptok/category/a3bf9937e0e74fb7a725b4c3d54b01d0?cp=1,https://smartstore.naver.com/talk_that_griptok/products/7983928870,톡댓그립톡 뽀글뽀글 귀여운 푸들 구름이 강아지 인형 키홀더 키링,6900
99,KEYRING,https://smartstore.naver.com/talk_that_griptok/category/a3bf9937e0e74fb7a725b4c3d54b01d0?cp=1,https://smartstore.naver.com/talk_that_griptok/products/7973454644,톡댓그립톡 귀여운 코스튬 테디베어 에어팟 케이스 스마트폰 가방 키링,4900
100,KEYRING,https://smartstore.naver.com/talk_that_griptok/category/a3bf9937e0e74fb7a725b4c3d54b01d0?cp=1,https://smartstore.naver.com/talk_that_griptok/products/7970501679,톡댓그립톡 산리오 키링 시나모롤 마이멜로디 쿠로미 헬로키티 폼폼푸린 모찌 인형,11900
101,KEYRING,https://smartstore.naver.com/talk_that_griptok/category/a3bf9937e0e74fb7a725b4c3d54b01d0?cp=1,https://smartstore.naver.com/talk_that_griptok/products/7958197180,톡댓그립톡 키치한 하이틴 볼터치 애착 인형 토끼 래빗 키링,6900
102,KEYRING,https://smartstore.naver.com/talk_that_griptok/category/a3bf9937e0e74fb7a725b4c3d54b01d0?cp=1,https://smartstore.naver.com/talk_that_griptok/products/7958071886,톡댓그립톡 키치한 하이틴 볼터치 애착 인형 테디베어 키링,6900
103,AIRPODS,https://smartstore.naver.com/talk_that_griptok/category/33f19827b008410ca09be05467837cd2?cp=1,https://smartstore.naver.com/talk_that_griptok/products/8205344796,톡댓그립톡 귀여운 초코 곰돌이 에어팟 케이스 키링 세트,4900
104,AIRPODS,https://smartstore.naver.com/talk_that_griptok/category/33f19827b008410ca09be05467837cd2?cp=1,https://smartstore.naver.com/talk_that_griptok/products/8013142859,톡댓그립톡 럭키 구름 카메라풀커버 실리콘 젤리 아이폰 에어팟 케이스,4900
105,AIRPODS,https://smartstore.naver.com/talk_that_griptok/category/33f19827b008410ca09be05467837cd2?cp=1,https://smartstore.naver.com/talk_that_griptok/products/8007479192,톡댓그립톡 에어팟 투명 클리어 젤리 실리콘 케이스 카라비너 포함,3900
106,AIRPODS,https://smartstore.naver.com/talk_that_griptok/category/33f19827b008410ca09be05467837cd2?cp=1,https://smartstore.naver.com/talk_that_griptok/products/7984513181,톡댓그립톡 로마네 도낫도낫 베어 밀크티 초코 베리 에어팟프로 케이스,12300
107,AIRPODS,https://smartstore.naver.com/talk_that_griptok/category/33f19827b008410ca09be05467837cd2?cp=1,https://smartstore.naver.com/talk_that_griptok/products/7967394026,톡댓그립톡 귀여운 몽몽 강아지 에어팟 실리콘 케이스 1/2세대 프로,6900
108,AIRPODS,https://smartstore.naver.com/talk_that_griptok/category/33f19827b008410ca09be05467837cd2?cp=1,https://smartstore.naver.com/talk_that_griptok/products/7966535108,톡댓그립톡 진주 플라워 베어 키링 에어팟 케이스 1.2세대 프로 3세대,9800
109,AIRPODS,https://smartstore.naver.com/talk_that_griptok/category/33f19827b008410ca09be05467837cd2?cp=1,https://smartstore.naver.com/talk_that_griptok/products/7959168404,톡댓그립톡 에어팟 체커보드 보더체크 바둑무늬 케이스,9900
110,POUCH,https://smartstore.naver.com/talk_that_griptok/category/6489e4328de9460dbbd35774e16cbe03?cp=1,https://smartstore.naver.com/talk_that_griptok/products/8114166758,[무배] 톡댓그립톡 귀여운 피넛 인형 펜슬 케이스 파우치,11900
111,POUCH,https://smartstore.naver.com/talk_that_griptok/category/6489e4328de9460dbbd35774e16cbe03?cp=1,https://smartstore.naver.com/talk_that_griptok/products/8114090699,[무배] 톡댓그립톡 귀여운 가을 뽀글이 곰돌이 테디베어 펜슬 케이스 파우치,9900
112,POUCH,https://smartstore.naver.com/talk_that_griptok/category/6489e4328de9460dbbd35774e16cbe03?cp=1,https://smartstore.naver.com/talk_that_griptok/products/8114007485,[무배] 톡댓그립톡 귀여운 부드러운 동물 애니멀 캐릭터 퍼 파우치,12900
113,POUCH,https://smartstore.naver.com/talk_that_griptok/category/6489e4328de9460dbbd35774e16cbe03?cp=1,https://smartstore.naver.com/talk_that_griptok/products/8113916017,[무배] 톡댓그립톡 귀여운 부드러운 비비드 컬러 퍼 파우치,11900
114,POUCH,https://smartstore.naver.com/talk_that_griptok/category/6489e4328de9460dbbd35774e16cbe03?cp=1,https://smartstore.naver.com/talk_that_griptok/products/8113767108,[무배] 톡댓그립톡 귀여운 동물 뽀글이 퍼 곰돌이 테디베어 파우치,11900
115,POUCH,https://smartstore.naver.com/talk_that_griptok/category/6489e4328de9460dbbd35774e16cbe03?cp=1,https://smartstore.naver.com/talk_that_griptok/products/8113703307,[무배] 톡댓그립톡 귀여운 보더체크 체크보드 패턴 새학기 필통 펜슬 케이스 파우치,9900
116,POUCH,https://smartstore.naver.com/talk_that_griptok/category/6489e4328de9460dbbd35774e16cbe03?cp=1,https://smartstore.naver.com/talk_that_griptok/products/8113471288,[무배] 톡댓그립톡 귀여운 동물 애니멀 곰돌이 테디베어 동전지갑 파우치,11900
117,POUCH,https://smartstore.naver.com/talk_that_griptok/category/6489e4328de9460dbbd35774e16cbe03?cp=1,https://smartstore.naver.com/talk_that_griptok/products/8113428657,[무배] 톡댓그립톡 귀여운 식빵 브레드 캐릭터 키링 파우치,12900
118,POUCH,https://smartstore.naver.com/talk_that_griptok/category/6489e4328de9460dbbd35774e16cbe03?cp=1,https://smartstore.naver.com/talk_that_griptok/products/8113368580,[무배] 톡댓그립톡 귀여운 과일 체리 패턴 파우치,11900
119,POUCH,https://smartstore.naver.com/talk_that_griptok/category/6489e4328de9460dbbd35774e16cbe03?cp=1,https://smartstore.naver.com/talk_that_griptok/products/8113312424,[무배] 톡댓그립톡 귀여운 동물 친구들 크롱이 토토 파우치,11900
120,POUCH,https://smartstore.naver.com/talk_that_griptok/category/6489e4328de9460dbbd35774e16cbe03?cp=1,https://smartstore.naver.com/talk_that_griptok/products/7987492519,톡댓그립톡 로마네 도낫도낫 11형 아이패드 파우치 도낫베어 도낫프렌즈,19800
121,ALL,https://smartstore.naver.com/talk_that_griptok/category/20bf14b32ffb4fdc9cc378632f183cee?cp=1,https://smartstore.naver.com/talk_that_griptok/products/8385745521,[무배] 톡댓그립톡 초경량 도킹형 스틱 보조배터리 5000mAh C타입 갤럭시 8핀 아이폰 1+1 골라담기,19400
122,ALL,https://smartstore.naver.com/talk_that_griptok/category/20bf14b32ffb4fdc9cc378632f183cee?cp=1,https://smartstore.naver.com/talk_that_griptok/products/8336487237,톡댓그립톡 키치한 쏘스 아크릴 그립톡,6900
123,ALL,https://smartstore.naver.com/talk_that_griptok/category/20bf14b32ffb4fdc9cc378632f183cee?cp=1,https://smartstore.naver.com/talk_that_griptok/products/8336289795,톡댓그립톡 귀여운 피크닉 소품 디저트 아크릴 그립톡,6900
124,ALL,https://smartstore.naver.com/talk_that_griptok/category/20bf14b32ffb4fdc9cc378632f183cee?cp=1,https://smartstore.naver.com/talk_that_griptok/products/8324883889,톡댓그립톡 귀여운 키치 패스트푸드 프렌즈 아크릴 그립톡,6900
125,ALL,https://smartstore.naver.com/talk_that_griptok/category/20bf14b32ffb4fdc9cc378632f183cee?cp=1,https://smartstore.naver.com/talk_that_griptok/products/8305549651,톡댓그립톡 귀여운 하리보 곰돌이 프렌즈 카드 케이스,9900
126,ALL,https://smartstore.naver.com/talk_that_griptok/category/20bf14b32ffb4fdc9cc378632f183cee?cp=1,https://smartstore.naver.com/talk_that_griptok/products/8305400605,톡댓그립톡 귀여운 하리보 곰돌이 프렌즈 갤럭시 아이폰 케이스,9900
127,ALL,https://smartstore.naver.com/talk_that_griptok/category/20bf14b32ffb4fdc9cc378632f183cee?cp=1,https://smartstore.naver.com/talk_that_griptok/products/8289155165,톡댓그립톡 귀여운 하리보 곰돌이 프렌즈 아크릴 그립톡,6900
128,ALL,https://smartstore.naver.com/talk_that_griptok/category/20bf14b32ffb4fdc9cc378632f183cee?cp=1,https://smartstore.naver.com/talk_that_griptok/products/8264295636,톡댓그립톡 키치한 Y2K 무드 에잇볼 갤럭시 아이폰 케이스,9900
129,ALL,https://smartstore.naver.com/talk_that_griptok/category/20bf14b32ffb4fdc9cc378632f183cee?cp=1,https://smartstore.naver.com/talk_that_griptok/products/8264236478,톡댓그립톡 키치한 Y2K 무드 에잇볼 그립톡,6900
130,ALL,https://smartstore.naver.com/talk_that_griptok/category/20bf14b32ffb4fdc9cc378632f183cee?cp=1,https://smartstore.naver.com/talk_that_griptok/products/8264146485,톡댓그립톡 폭신폭신 귀여운 리본 털 토끼 열쇠고리 키홀더 키링,6900
131,ALL,https://smartstore.naver.com/talk_that_griptok/category/20bf14b32ffb4fdc9cc378632f183cee?cp=1,https://smartstore.naver.com/talk_that_griptok/products/8264032896,톡댓그립톡 폭신폭신 귀여운 하트 폼폼이 솜털 열쇠고리 키링,4900
132,ALL,https://smartstore.naver.com/talk_that_griptok/category/20bf14b32ffb4fdc9cc378632f183cee?cp=1,https://smartstore.naver.com/talk_that_griptok/products/8230754523,톡댓그립톡 베네치아 열쇠고리 에어팟 갤럭시버즈 키링,4900
133,ALL,https://smartstore.naver.com/talk_that_griptok/category/20bf14b32ffb4fdc9cc378632f183cee?cp=1,https://smartstore.naver.com/talk_that_griptok/products/8230683006,톡댓그립톡 아기천사 열쇠고리 에어팟 갤럭시버즈 키링,4900
134,ALL,https://smartstore.naver.com/talk_that_griptok/category/20bf14b32ffb4fdc9cc378632f183cee?cp=1,https://smartstore.naver.com/talk_that_griptok/products/8215932406,톡댓그립톡 미키 미니 디즈니 캐릭터 거울 미러 그립톡,4900
135,ALL,https://smartstore.naver.com/talk_that_griptok/category/20bf14b32ffb4fdc9cc378632f183cee?cp=1,https://smartstore.naver.com/talk_that_griptok/products/8205344796,톡댓그립톡 귀여운 초코 곰돌이 에어팟 케이스 키링 세트,4900
136,ALL,https://smartstore.naver.com/talk_that_griptok/category/20bf14b32ffb4fdc9cc378632f183cee?cp=1,https://smartstore.naver.com/talk_that_griptok/products/8205181256,톡댓그립톡 귀여운 하리보 카메라풀커버 실리콘 젤리 아이폰 케이스,4900
137,ALL,https://smartstore.naver.com/talk_that_griptok/category/20bf14b32ffb4fdc9cc378632f183cee?cp=1,https://smartstore.naver.com/talk_that_griptok/products/8175469237,[무배] 톡댓그립톡 오로라 테디베어 곰돌이 레진 그립톡 5컬러 1+1 2개 골라담기,12300
138,ALL,https://smartstore.naver.com/talk_that_griptok/category/20bf14b32ffb4fdc9cc378632f183cee?cp=1,https://smartstore.naver.com/talk_that_griptok/products/8168478517,톡댓그립톡 해피벌스데이 테디베어 인형 그립 스마트톡,6900
139,ALL,https://smartstore.naver.com/talk_that_griptok/category/20bf14b32ffb4fdc9cc378632f183cee?cp=1,https://smartstore.naver.com/talk_that_griptok/products/8166812222,톡댓그립톡 우주 갤럭시 하리보 테디베어 아크릴 그립톡,6900
140,ALL,https://smartstore.naver.com/talk_that_griptok/category/20bf14b32ffb4fdc9cc378632f183cee?cp=1,https://smartstore.naver.com/talk_that_griptok/products/8161565340,톡댓그립톡 OREO 오레오 그립 스마트톡,6900
141,ALL,https://smartstore.naver.com/talk_that_griptok/category/20bf14b32ffb4fdc9cc378632f183cee?cp=1,https://smartstore.naver.com/talk_that_griptok/products/8158386402,톡댓그립톡 디저트카페 아이스크림 치즈 쿠키 베이커리 아크릴 그립톡,6900
142,ALL,https://smartstore.naver.com/talk_that_griptok/category/20bf14b32ffb4fdc9cc378632f183cee?cp=1,https://smartstore.naver.com/talk_that_griptok/products/8158258687,톡댓그립톡 피크닉 소풍 소품샵 구름 레몬 케이크 아크릴 그립톡,6900
143,ALL,https://smartstore.naver.com/talk_that_griptok/category/20bf14b32ffb4fdc9cc378632f183cee?cp=1,https://smartstore.naver.com/talk_that_griptok/products/8150365318,톡댓그립톡 귀여운 센과 치히로 스스와타리 먼지 인형 그립톡,4900
144,ALL,https://smartstore.naver.com/talk_that_griptok/category/20bf14b32ffb4fdc9cc378632f183cee?cp=1,https://smartstore.naver.com/talk_that_griptok/products/8150010199,톡댓그립톡 봄날 파스텔톤 플라워 꽃송이 아크릴 그립톡,3900
145,ALL,https://smartstore.naver.com/talk_that_griptok/category/20bf14b32ffb4fdc9cc378632f183cee?cp=1,https://smartstore.naver.com/talk_that_griptok/products/8148335246,톡댓그립톡 폭신폭신 귀여운 산리오 캐릭터 쿠션팝 빅사이즈 인형 그립톡,6900
146,ALL,https://smartstore.naver.com/talk_that_griptok/category/20bf14b32ffb4fdc9cc378632f183cee?cp=1,https://smartstore.naver.com/talk_that_griptok/products/8148107108,톡댓그립톡 건물 사이에 피어난 장미 그립톡,4900
147,ALL,https://smartstore.naver.com/talk_that_griptok/category/20bf14b32ffb4fdc9cc378632f183cee?cp=1,https://smartstore.naver.com/talk_that_griptok/products/8140276417,[무배] 톡댓그립톡 하이틴 레트로 Y2K 키치 큐티 캐릭터 베티붑 아크릴 그립톡,13200
148,ALL,https://smartstore.naver.com/talk_that_griptok/category/20bf14b32ffb4fdc9cc378632f183cee?cp=1,https://smartstore.naver.com/talk_that_griptok/products/8131706861,[무배] 톡댓그립톡 심플 슬림 라운드 원형 스마트링 마그네틱 그립 스마트톡  4컬러 1+1 골라담기,7400
149,ALL,https://smartstore.naver.com/talk_that_griptok/category/20bf14b32ffb4fdc9cc378632f183cee?cp=1,https://smartstore.naver.com/talk_that_griptok/products/8120603034,톡댓그립톡 폭신폭신 귀여운 하트 폼폼이 솜털 멀티 컬러 그립톡,4900
150,ALL,https://smartstore.naver.com/talk_that_griptok/category/20bf14b32ffb4fdc9cc378632f183cee?cp=1,https://smartstore.naver.com/talk_that_griptok/products/8114166758,[무배] 톡댓그립톡 귀여운 피넛 인형 펜슬 케이스 파우치,11900
151,ALL,https://smartstore.naver.com/talk_that_griptok/category/20bf14b32ffb4fdc9cc378632f183cee?cp=1,https://smartstore.naver.com/talk_that_griptok/products/8114090699,[무배] 톡댓그립톡 귀여운 가을 뽀글이 곰돌이 테디베어 펜슬 케이스 파우치,9900
152,ALL,https://smartstore.naver.com/talk_that_griptok/category/20bf14b32ffb4fdc9cc378632f183cee?cp=1,https://smartstore.naver.com/talk_that_griptok/products/8114007485,[무배] 톡댓그립톡 귀여운 부드러운 동물 애니멀 캐릭터 퍼 파우치,12900
153,ALL,https://smartstore.naver.com/talk_that_griptok/category/20bf14b32ffb4fdc9cc378632f183cee?cp=1,https://smartstore.naver.com/talk_that_griptok/products/8113916017,[무배] 톡댓그립톡 귀여운 부드러운 비비드 컬러 퍼 파우치,11900
154,ALL,https://smartstore.naver.com/talk_that_griptok/category/20bf14b32ffb4fdc9cc378632f183cee?cp=1,https://smartstore.naver.com/talk_that_griptok/products/8113767108,[무배] 톡댓그립톡 귀여운 동물 뽀글이 퍼 곰돌이 테디베어 파우치,11900
155,ALL,https://smartstore.naver.com/talk_that_griptok/category/20bf14b32ffb4fdc9cc378632f183cee?cp=1,https://smartstore.naver.com/talk_that_griptok/products/8113703307,[무배] 톡댓그립톡 귀여운 보더체크 체크보드 패턴 새학기 필통 펜슬 케이스 파우치,9900
156,ALL,https://smartstore.naver.com/talk_that_griptok/category/20bf14b32ffb4fdc9cc378632f183cee?cp=1,https://smartstore.naver.com/talk_that_griptok/products/8113471288,[무배] 톡댓그립톡 귀여운 동물 애니멀 곰돌이 테디베어 동전지갑 파우치,11900
157,ALL,https://smartstore.naver.com/talk_that_griptok/category/20bf14b32ffb4fdc9cc378632f183cee?cp=1,https://smartstore.naver.com/talk_that_griptok/products/8113428657,[무배] 톡댓그립톡 귀여운 식빵 브레드 캐릭터 키링 파우치,12900
158,ALL,https://smartstore.naver.com/talk_that_griptok/category/20bf14b32ffb4fdc9cc378632f183cee?cp=1,https://smartstore.naver.com/talk_that_griptok/products/8113368580,[무배] 톡댓그립톡 귀여운 과일 체리 패턴 파우치,11900
159,ALL,https://smartstore.naver.com/talk_that_griptok/category/20bf14b32ffb4fdc9cc378632f183cee?cp=1,https://smartstore.naver.com/talk_that_griptok/products/8113312424,[무배] 톡댓그립톡 귀여운 동물 친구들 크롱이 토토 파우치,11900
160,ALL,https://smartstore.naver.com/talk_that_griptok/category/20bf14b32ffb4fdc9cc378632f183cee?cp=1,https://smartstore.naver.com/talk_that_griptok/products/8108899586,[무배] 톡댓그립톡 복실복실 부들부들 귀여운 강아지 바둑이 인형 키홀더 키링,8300
161,ALL,https://smartstore.naver.com/talk_that_griptok/category/20bf14b32ffb4fdc9cc378632f183cee?cp=1,https://smartstore.naver.com/talk_that_griptok/products/8108074327,톡댓그립톡 폭신폭신 빵빵한 귀여운 하트 쿠션 패딩 그립톡,4900
162,ALL,https://smartstore.naver.com/talk_that_griptok/category/20bf14b32ffb4fdc9cc378632f183cee?cp=1,https://smartstore.naver.com/talk_that_griptok/products/8107911152,톡댓그립톡 비비드 빅 스마일 미러 거울 그립 스마트톡,4900
163,ALL,https://smartstore.naver.com/talk_that_griptok/category/20bf14b32ffb4fdc9cc378632f183cee?cp=1,https://smartstore.naver.com/talk_that_griptok/products/8107346149,톡댓그립톡 영롱한 유광 홀로그램 투명 곰돌이 하리보 오로라 레진 그립 스마트톡,6900
164,ALL,https://smartstore.naver.com/talk_that_griptok/category/20bf14b32ffb4fdc9cc378632f183cee?cp=1,https://smartstore.naver.com/talk_that_griptok/products/8105438890,톡댓그립톡 키치 유니크 하리보 초코비 곰젤리 쿠션 그립톡 별키링 포함,4900
165,ALL,https://smartstore.naver.com/talk_that_griptok/category/20bf14b32ffb4fdc9cc378632f183cee?cp=1,https://smartstore.naver.com/talk_that_griptok/products/8105199513,톡댓그립톡 고급스러운 무광 홀로그램 투명 곰돌이 하리보 오로라 레진 그립 스마트톡,6900
166,ALL,https://smartstore.naver.com/talk_that_griptok/category/20bf14b32ffb4fdc9cc378632f183cee?cp=1,https://smartstore.naver.com/talk_that_griptok/products/8100750909,톡댓그립톡 젤하드 투명 클리어 방탄 에어쿠션 범퍼 케이스,4900
167,ALL,https://smartstore.naver.com/talk_that_griptok/category/20bf14b32ffb4fdc9cc378632f183cee?cp=1,https://smartstore.naver.com/talk_that_griptok/products/8098574202,[무배] 톡댓그립톡 엠엔엠즈 초콜릿 하이틴 테디베어 아크릴 그립 스마트톡,13200
168,ALL,https://smartstore.naver.com/talk_that_griptok/category/20bf14b32ffb4fdc9cc378632f183cee?cp=1,https://smartstore.naver.com/talk_that_griptok/products/8090818284,[무배] 톡댓그립톡 해피래빗 하이틴 토끼 아크릴 그립 스마트톡,13200
169,ALL,https://smartstore.naver.com/talk_that_griptok/category/20bf14b32ffb4fdc9cc378632f183cee?cp=1,https://smartstore.naver.com/talk_that_griptok/products/8087451583,[무배] 톡댓그립톡 귀여운 하이틴 심슨 도넛 핑거톡 그립톡,6900
170,ALL,https://smartstore.naver.com/talk_that_griptok/category/20bf14b32ffb4fdc9cc378632f183cee?cp=1,https://smartstore.naver.com/talk_that_griptok/products/8082044431,톡댓그립톡 심플 무광 힌지보호 힌지가드 Z플립4 케이스,9500
171,ALL,https://smartstore.naver.com/talk_that_griptok/category/20bf14b32ffb4fdc9cc378632f183cee?cp=1,https://smartstore.naver.com/talk_that_griptok/products/8075711084,톡댓그립톡 폭신폭신 꽃잎 플라워 그립톡 스마트톡,4900
172,ALL,https://smartstore.naver.com/talk_that_griptok/category/20bf14b32ffb4fdc9cc378632f183cee?cp=1,https://smartstore.naver.com/talk_that_griptok/products/8075616464,톡댓그립톡 귀여운 곰돌이 인형 스마트톡 핑거톡 그립톡,4900
173,ALL,https://smartstore.naver.com/talk_that_griptok/category/20bf14b32ffb4fdc9cc378632f183cee?cp=1,https://smartstore.naver.com/talk_that_griptok/products/8075415691,톡댓그립톡 귀여운 눈사람 식빵 쿠키 강아지 그립톡 스마트톡,4900
174,ALL,https://smartstore.naver.com/talk_that_griptok/category/20bf14b32ffb4fdc9cc378632f183cee?cp=1,https://smartstore.naver.com/talk_that_griptok/products/8039180302,톡댓그립톡 젤하드 맥세이프 아이폰 케이스,9500
175,ALL,https://smartstore.naver.com/talk_that_griptok/category/20bf14b32ffb4fdc9cc378632f183cee?cp=1,https://smartstore.naver.com/talk_that_griptok/products/8013211707,톡댓그립톡 캔디 코튼 웨이브 미러 그립톡 일체형 아이폰 케이스,8300
176,ALL,https://smartstore.naver.com/talk_that_griptok/category/20bf14b32ffb4fdc9cc378632f183cee?cp=1,https://smartstore.naver.com/talk_that_griptok/products/8013142859,톡댓그립톡 럭키 구름 카메라풀커버 실리콘 젤리 아이폰 에어팟 케이스,4900
177,ALL,https://smartstore.naver.com/talk_that_griptok/category/20bf14b32ffb4fdc9cc378632f183cee?cp=1,https://smartstore.naver.com/talk_that_griptok/products/8007479192,톡댓그립톡 에어팟 투명 클리어 젤리 실리콘 케이스 카라비너 포함,3900
178,ALL,https://smartstore.naver.com/talk_that_griptok/category/20bf14b32ffb4fdc9cc378632f183cee?cp=1,https://smartstore.naver.com/talk_that_griptok/products/8007297066,톡댓그립톡 사랑스러운 하트 토끼 베어 카메라풀커버 아이폰 케이스,4900
179,ALL,https://smartstore.naver.com/talk_that_griptok/category/20bf14b32ffb4fdc9cc378632f183cee?cp=1,https://smartstore.naver.com/talk_that_griptok/products/8007292622,톡댓그립톡 귀여운 바니 토끼 카메라풀커버 아이폰 케이스,4900
180,ALL,https://smartstore.naver.com/talk_that_griptok/category/20bf14b32ffb4fdc9cc378632f183cee?cp=1,https://smartstore.naver.com/talk_that_griptok/products/7987492519,톡댓그립톡 로마네 도낫도낫 11형 아이패드 파우치 도낫베어 도낫프렌즈,19800
181,ALL,https://smartstore.naver.com/talk_that_griptok/category/20bf14b32ffb4fdc9cc378632f183cee?cp=1,https://smartstore.naver.com/talk_that_griptok/products/7984513181,톡댓그립톡 로마네 도낫도낫 베어 밀크티 초코 베리 에어팟프로 케이스,12300
182,ALL,https://smartstore.naver.com/talk_that_griptok/category/20bf14b32ffb4fdc9cc378632f183cee?cp=1,https://smartstore.naver.com/talk_that_griptok/products/7983928870,톡댓그립톡 뽀글뽀글 귀여운 푸들 구름이 강아지 인형 키홀더 키링,6900
183,ALL,https://smartstore.naver.com/talk_that_griptok/category/20bf14b32ffb4fdc9cc378632f183cee?cp=1,https://smartstore.naver.com/talk_that_griptok/products/7973454644,톡댓그립톡 귀여운 코스튬 테디베어 에어팟 케이스 스마트폰 가방 키링,4900
184,ALL,https://smartstore.naver.com/talk_that_griptok/category/20bf14b32ffb4fdc9cc378632f183cee?cp=1,https://smartstore.naver.com/talk_that_griptok/products/7970501679,톡댓그립톡 산리오 키링 시나모롤 마이멜로디 쿠로미 헬로키티 폼폼푸린 모찌 인형,11900
185,ALL,https://smartstore.naver.com/talk_that_griptok/category/20bf14b32ffb4fdc9cc378632f183cee?cp=1,https://smartstore.naver.com/talk_that_griptok/products/7967394026,톡댓그립톡 귀여운 몽몽 강아지 에어팟 실리콘 케이스 1/2세대 프로,6900
186,ALL,https://smartstore.naver.com/talk_that_griptok/category/20bf14b32ffb4fdc9cc378632f183cee?cp=1,https://smartstore.naver.com/talk_that_griptok/products/7966535108,톡댓그립톡 진주 플라워 베어 키링 에어팟 케이스 1.2세대 프로 3세대,9800
187,ALL,https://smartstore.naver.com/talk_that_griptok/category/20bf14b32ffb4fdc9cc378632f183cee?cp=1,https://smartstore.naver.com/talk_that_griptok/products/7959168404,톡댓그립톡 에어팟 체커보드 보더체크 바둑무늬 케이스,9900
188,ALL,https://smartstore.naver.com/talk_that_griptok/category/20bf14b32ffb4fdc9cc378632f183cee?cp=1,https://smartstore.naver.com/talk_that_griptok/products/7958197180,톡댓그립톡 키치한 하이틴 볼터치 애착 인형 토끼 래빗 키링,6900
189,ALL,https://smartstore.naver.com/talk_that_griptok/category/20bf14b32ffb4fdc9cc378632f183cee?cp=1,https://smartstore.naver.com/talk_that_griptok/products/7958071886,톡댓그립톡 키치한 하이틴 볼터치 애착 인형 테디베어 키링,6900
190,ALL,https://smartstore.naver.com/talk_that_griptok/category/20bf14b32ffb4fdc9cc378632f183cee?cp=1,https://smartstore.naver.com/talk_that_griptok/products/7934883863,톡댓그립톡 그라디언트 그라데이션 카메라 풀커버 카드수납 방탄 젤리 케이스 / 아이폰 갤럭시,5900
191,ALL,https://smartstore.naver.com/talk_that_griptok/category/20bf14b32ffb4fdc9cc378632f183cee?cp=1,https://smartstore.naver.com/talk_that_griptok/products/7934754880,톡댓그립톡 슈퍼방탄 변색방지 카드수납 카메라 풀커버 소프트 젤리 투명 갤럭시 아이폰 케이스,4900
192,ALL,https://smartstore.naver.com/talk_that_griptok/category/20bf14b32ffb4fdc9cc378632f183cee?cp=1,https://smartstore.naver.com/talk_that_griptok/products/7922714359,톡댓그립톡 하이틴 xoxo 다이어리 블링블링 글리터 아이폰 갤럭시 케이스,9800
193,ALL,https://smartstore.naver.com/talk_that_griptok/category/20bf14b32ffb4fdc9cc378632f183cee?cp=1,https://smartstore.naver.com/talk_that_griptok/products/7922512839,[무배] 톡댓그립톡 스누즈키튼즈 캐릭터 스쿨 슈퍼마켓 아크릴 거치대 홀더 그립톡,13200
194,ALL,https://smartstore.naver.com/talk_that_griptok/category/20bf14b32ffb4fdc9cc378632f183cee?cp=1,https://smartstore.naver.com/talk_that_griptok/products/7921446018,톡댓그립톡 Z플립4 플라워 스마일 이모지 케이스,9800
195,ALL,https://smartstore.naver.com/talk_that_griptok/category/20bf14b32ffb4fdc9cc378632f183cee?cp=1,https://smartstore.naver.com/talk_that_griptok/products/7920651509,톡댓그립톡 Z플립 힌지 가드 귀여운 냐미 커플 투명 케이스 포크 거치대 포함,9800
196,ALL,https://smartstore.naver.com/talk_that_griptok/category/20bf14b32ffb4fdc9cc378632f183cee?cp=1,https://smartstore.naver.com/talk_that_griptok/products/7918410978,톡댓그립톡 심플 링 그립톡2 맥세이프 메탈릭 컬러 그립톡,9900
197,ALL,https://smartstore.naver.com/talk_that_griptok/category/20bf14b32ffb4fdc9cc378632f183cee?cp=1,https://smartstore.naver.com/talk_that_griptok/products/7916980054,톡댓그립톡 복실복실 체리 베어 부드러운 곰돌이 인형 그립 스마트톡,6900
198,ALL,https://smartstore.naver.com/talk_that_griptok/category/20bf14b32ffb4fdc9cc378632f183cee?cp=1,https://smartstore.naver.com/talk_that_griptok/products/7916649014,톡댓그립톡 복실복실 귀여운 털실 곰돌이 곰도리 그립톡,6900
199,ALL,https://smartstore.naver.com/talk_that_griptok/category/20bf14b32ffb4fdc9cc378632f183cee?cp=1,https://smartstore.naver.com/talk_that_griptok/products/7908245556,톡댓그립톡 귀여운 타마고 다이노 공룡 카메라 풀커버 아이폰 케이스,4900
200,ALL,https://smartstore.naver.com/talk_that_griptok/category/20bf14b32ffb4fdc9cc378632f183cee?cp=1,https://smartstore.naver.com/talk_that_griptok/products/7908225437,톡댓그립톡 사랑스러운 로맨틱 커플 강아지 카메라 풀커버 케이스 아이폰,4900
201,ALL,https://smartstore.naver.com/talk_that_griptok/category/20bf14b32ffb4fdc9cc378632f183cee?cp=1,https://smartstore.naver.com/talk_that_griptok/products/7908205660,톡댓그립톡 상큼한 애플 민트 토끼와 곰돌이 카메라 풀커버 아이폰 케이스,4900
202,ALL,https://smartstore.naver.com/talk_that_griptok/category/20bf14b32ffb4fdc9cc378632f183cee?cp=1,https://smartstore.naver.com/talk_that_griptok/products/7908171302,톡댓그립톡 귀여운 강아지 말티 카메라 풀커버 아이폰 케이스,4900
203,ALL,https://smartstore.naver.com/talk_that_griptok/category/20bf14b32ffb4fdc9cc378632f183cee?cp=1,https://smartstore.naver.com/talk_that_griptok/products/7908158941,톡댓그립톡 귀여운 도토리와 고양이 카메라 풀커버 아이폰 케이스,4900
204,ALL,https://smartstore.naver.com/talk_that_griptok/category/20bf14b32ffb4fdc9cc378632f183cee?cp=1,https://smartstore.naver.com/talk_that_griptok/products/7908146357,톡댓그립톡 귀여운 양말 속 곰돌이 카메라 풀커버 아이폰 케이스,4900
205,ALL,https://smartstore.naver.com/talk_that_griptok/category/20bf14b32ffb4fdc9cc378632f183cee?cp=1,https://smartstore.naver.com/talk_that_griptok/products/7900405507,톡댓그립톡 심플 슬림 라운드 원형 스마트링 마그네틱 그립 스마트톡,3900
206,ALL,https://smartstore.naver.com/talk_that_griptok/category/20bf14b32ffb4fdc9cc378632f183cee?cp=1,https://smartstore.naver.com/talk_that_griptok/products/7900398440,톡댓그립톡 곰돌이 테드 테디베어 스마트톡 그립톡 거치대 홀더,6900
207,ALL,https://smartstore.naver.com/talk_that_griptok/category/20bf14b32ffb4fdc9cc378632f183cee?cp=1,https://smartstore.naver.com/talk_that_griptok/products/7900379143,톡댓그립톡 깅엄 체크 해피데이 스마일 이모지 그립톡,6900
208,ALL,https://smartstore.naver.com/talk_that_griptok/category/20bf14b32ffb4fdc9cc378632f183cee?cp=1,https://smartstore.naver.com/talk_that_griptok/products/7897305430,[무배] 톡댓그립톡 디저트래빗 하이틴 토끼 아크릴 그립 스마트톡,13200
209,베스트,https://smartstore.naver.com/g-fox/best?cp=1,https://smartstore.naver.com/g-fox/products/5586438095,쇼트볼청소기,1050000
210,베스트,https://smartstore.naver.com/g-fox/best?cp=1,https://smartstore.naver.com/g-fox/products/5439293715,DB 2018,1850000
211,베스트,https://smartstore.naver.com/g-fox/best?cp=1,https://smartstore.naver.com/g-fox/products/6187910977,K-2195TST 고압세척기 크란즐2195TST,1950000
212,베스트,https://smartstore.naver.com/g-fox/best?cp=1,https://smartstore.naver.com/g-fox/products/6111320455,X2D PLUS 보행식청소차 (20in / 500mm),3500000
213,베스트,https://smartstore.naver.com/g-fox/best?cp=1,https://smartstore.naver.com/g-fox/products/6103447864,"크란즐 고압세척기 HD7/122TS 에어컨세척,운동화세척",1110000
214,베스트,https://smartstore.naver.com/g-fox/best?cp=1,https://smartstore.naver.com/g-fox/products/6103034713,Profi 195TST 고압세척기 크란즐195TST,2095000
215,베스트,https://smartstore.naver.com/g-fox/best?cp=1,https://smartstore.naver.com/g-fox/products/6099334285,Profi 160TST 고압세척기 크란즐160TST,2095000
216,베스트,https://smartstore.naver.com/g-fox/best?cp=1,https://smartstore.naver.com/g-fox/products/5590390968,[AR] 고압펌프 04.10RC-M N 고압세척기/세차장/부품/펌프,770000
217,베스트,https://smartstore.naver.com/g-fox/best?cp=1,https://smartstore.naver.com/g-fox/products/5590388057,[AR] 고압펌프 RWA-S 5.5G30H 고압세척기/세차장/부품/펌프,880000
218,베스트,https://smartstore.naver.com/g-fox/best?cp=1,https://smartstore.naver.com/g-fox/products/5590378244,[AR] 고압펌프 RKA-SS 7G22 고압세척기/세차장/부품/펌프,2680000
219,베스트,https://smartstore.naver.com/g-fox/best?cp=1,https://smartstore.naver.com/g-fox/products/5590372486,[AR] 고압펌프 RKA-SS 4.2G15 고압세척기/세차장/부품/펌프,3270000
220,베스트,https://smartstore.naver.com/g-fox/best?cp=1,https://smartstore.naver.com/g-fox/products/5590360789,[AR] 고압펌프 RKA-SS 3G15 N 고압세척기/세차장/부품/펌프,3380000
221,베스트,https://smartstore.naver.com/g-fox/best?cp=1,https://smartstore.naver.com/g-fox/products/5590356285,[AR] 고압펌프 XTA 3G19 고압세척기/세차장/부품/펌프,447000
222,베스트,https://smartstore.naver.com/g-fox/best?cp=1,https://smartstore.naver.com/g-fox/products/5590352743,[AR] 고압펌프 XMTA 3.5G22 고압세척기/세차장/부품/펌프,650000
223,베스트,https://smartstore.naver.com/g-fox/best?cp=1,https://smartstore.naver.com/g-fox/products/5590349465,[AR] 고압펌프 XMA 3.5G22J (엔진형) 고압세척기/세차장/부품/펌프,795000
224,베스트,https://smartstore.naver.com/g-fox/best?cp=1,https://smartstore.naver.com/g-fox/products/5590343793,[AR] 고압펌프 RKA 4G30 고압세척기/세차장/부품/펌프,650000
225,베스트,https://smartstore.naver.com/g-fox/best?cp=1,https://smartstore.naver.com/g-fox/products/5590340627,[AR] 고압펌프 RKV 4G40H 고압세척기/세차장/부품/펌프,890000
226,베스트,https://smartstore.naver.com/g-fox/best?cp=1,https://smartstore.naver.com/g-fox/products/5590338709,[AR] 고압펌프 RKA 5.5G30H 고압세척기/세차장/부품/펌프,919000
227,베스트,https://smartstore.naver.com/g-fox/best?cp=1,https://smartstore.naver.com/g-fox/products/5590336698,[AR] 고압펌프 SXWA 5.5G50 고압세척기/세차장/부품/펌프,1260000
228,베스트,https://smartstore.naver.com/g-fox/best?cp=1,https://smartstore.naver.com/g-fox/products/5590334805,[AR] 고압펌프 RCA 3G25N 고압세척기/세차장/부품/펌프,560000
229,베스트,https://smartstore.naver.com/g-fox/best?cp=1,https://smartstore.naver.com/g-fox/products/5590332215,[AR] 고압펌프 XWA-S 8G29H 고압세척기/세차장/부품/펌프,1113000
230,베스트,https://smartstore.naver.com/g-fox/best?cp=1,https://smartstore.naver.com/g-fox/products/5590329720,[AR] 고압펌프 XWL 36.15 고압세척기/세차장/부품/펌프,1270000
231,베스트,https://smartstore.naver.com/g-fox/best?cp=1,https://smartstore.naver.com/g-fox/products/5590328461,[AR] 고압펌프 XWL 41.20 고압세척기/세차장/부품/펌프,1200000
232,베스트,https://smartstore.naver.com/g-fox/best?cp=1,https://smartstore.naver.com/g-fox/products/5590325625,[AR] 고압펌프 XWLA 13G15 고압세척기/세차장/부품/펌프,1390000
233,베스트,https://smartstore.naver.com/g-fox/best?cp=1,https://smartstore.naver.com/g-fox/products/5590321881,[AR] 고압펌프 XWA 9G16 고압세척기/세차장/부품/펌프,1770000
234,베스트,https://smartstore.naver.com/g-fox/best?cp=1,https://smartstore.naver.com/g-fox/products/5590319939,[AR] 고압펌프 SXWA 7G50 고압세척기/세차장/부품/펌프,1280000
235,베스트,https://smartstore.naver.com/g-fox/best?cp=1,https://smartstore.naver.com/g-fox/products/5590271788,[AR] 아노비 고압펌프 SHP 15.50 고압세척기/세차장/부품/펌프,2158000
236,베스트,https://smartstore.naver.com/g-fox/best?cp=1,https://smartstore.naver.com/g-fox/products/5590266356,[AR] 아노비 고압펌프 SHP 22.50 고압세척기/세차장/부품/펌프,1870000
237,베스트,https://smartstore.naver.com/g-fox/best?cp=1,https://smartstore.naver.com/g-fox/products/5590260643,[AR] 아노비 고압펌프 RTP 30.600N 고압세척기/세차장/부품/펌프,7120000
238,베스트,https://smartstore.naver.com/g-fox/best?cp=1,https://smartstore.naver.com/g-fox/products/5590255086,[AR] 아노비 고압펌프 XWL-SS 42.15 고압세척기/세차장/부품/펌프,4030000
239,고압세척기하위 메뉴 있음,https://smartstore.naver.com/g-fox/category/92f165efe42c4a01a83e3d859f7c2af4?cp=1,https://smartstore.naver.com/g-fox/products/5439293715,DB 2018,1850000
240,고압세척기하위 메뉴 있음,https://smartstore.naver.com/g-fox/category/92f165efe42c4a01a83e3d859f7c2af4?cp=1,https://smartstore.naver.com/g-fox/products/6187910977,K-2195TST 고압세척기 크란즐2195TST,1950000
241,고압세척기하위 메뉴 있음,https://smartstore.naver.com/g-fox/category/92f165efe42c4a01a83e3d859f7c2af4?cp=1,https://smartstore.naver.com/g-fox/products/6103447864,"크란즐 고압세척기 HD7/122TS 에어컨세척,운동화세척",1110000
242,고압세척기하위 메뉴 있음,https://smartstore.naver.com/g-fox/category/92f165efe42c4a01a83e3d859f7c2af4?cp=1,https://smartstore.naver.com/g-fox/products/6103034713,Profi 195TST 고압세척기 크란즐195TST,2095000
243,고압세척기하위 메뉴 있음,https://smartstore.naver.com/g-fox/category/92f165efe42c4a01a83e3d859f7c2af4?cp=1,https://smartstore.naver.com/g-fox/products/6099334285,Profi 160TST 고압세척기 크란즐160TST,2095000
244,고압세척기하위 메뉴 있음,https://smartstore.naver.com/g-fox/category/92f165efe42c4a01a83e3d859f7c2af4?cp=1,https://smartstore.naver.com/g-fox/products/5439322532,MISSISSIPPI 1310 [미시시피],2790000
245,고압세척기하위 메뉴 있음,https://smartstore.naver.com/g-fox/category/92f165efe42c4a01a83e3d859f7c2af4?cp=1,https://smartstore.naver.com/g-fox/products/5439316603,HYPER L 2018 [하이퍼2018],4500000
246,고압세척기하위 메뉴 있음,https://smartstore.naver.com/g-fox/category/92f165efe42c4a01a83e3d859f7c2af4?cp=1,https://smartstore.naver.com/g-fox/products/5439311081,HYPER L 1211 [하이퍼1211],3830000
247,고압세척기하위 메뉴 있음,https://smartstore.naver.com/g-fox/category/92f165efe42c4a01a83e3d859f7c2af4?cp=1,https://smartstore.naver.com/g-fox/products/5439306009,COLUMBIA 2018 [콜럼비아],2160000
248,고압세척기하위 메뉴 있음,https://smartstore.naver.com/g-fox/category/92f165efe42c4a01a83e3d859f7c2af4?cp=1,https://smartstore.naver.com/g-fox/products/5439304612,HYPER C 2018,2380000
249,고압세척기하위 메뉴 있음,https://smartstore.naver.com/g-fox/category/92f165efe42c4a01a83e3d859f7c2af4?cp=1,https://smartstore.naver.com/g-fox/products/5439302178,TUCSON 2018,2280000
250,고압세척기하위 메뉴 있음,https://smartstore.naver.com/g-fox/category/92f165efe42c4a01a83e3d859f7c2af4?cp=1,https://smartstore.naver.com/g-fox/products/5439287052,DB 2018A (Auto-stop),2040000
251,고압세척기하위 메뉴 있음,https://smartstore.naver.com/g-fox/category/92f165efe42c4a01a83e3d859f7c2af4?cp=1,https://smartstore.naver.com/g-fox/products/5439282750,DB 200H [온수흡입],2790000
252,고압세척기하위 메뉴 있음,https://smartstore.naver.com/g-fox/category/92f165efe42c4a01a83e3d859f7c2af4?cp=1,https://smartstore.naver.com/g-fox/products/5439278298,DB 2018P (Premium),2160000
253,고압세척기하위 메뉴 있음,https://smartstore.naver.com/g-fox/category/92f165efe42c4a01a83e3d859f7c2af4?cp=1,https://smartstore.naver.com/g-fox/products/5439273167,DB 2518,2050000
254,고압세척기하위 메뉴 있음,https://smartstore.naver.com/g-fox/category/92f165efe42c4a01a83e3d859f7c2af4?cp=1,https://smartstore.naver.com/g-fox/products/5439268636,DB 2525,2550000
255,고압세척기하위 메뉴 있음,https://smartstore.naver.com/g-fox/category/92f165efe42c4a01a83e3d859f7c2af4?cp=1,https://smartstore.naver.com/g-fox/products/5411674474,DB 2532,3820000
256,고압세척기하위 메뉴 있음,https://smartstore.naver.com/g-fox/category/92f165efe42c4a01a83e3d859f7c2af4?cp=1,https://smartstore.naver.com/g-fox/products/5409939157,DB150A,1890000
257,고압세척기하위 메뉴 있음,https://smartstore.naver.com/g-fox/category/92f165efe42c4a01a83e3d859f7c2af4?cp=1,https://smartstore.naver.com/g-fox/products/5409929953,DB150,1660000
258,고압세척기하위 메뉴 있음,https://smartstore.naver.com/g-fox/category/92f165efe42c4a01a83e3d859f7c2af4?cp=1,https://smartstore.naver.com/g-fox/products/5409899910,GARAGE S1 [가라지],1870000
259,고압세척기하위 메뉴 있음,https://smartstore.naver.com/g-fox/category/92f165efe42c4a01a83e3d859f7c2af4?cp=1,https://smartstore.naver.com/g-fox/products/5409878083,GARAGE S2 [가라지],1650000
260,고압세척기하위 메뉴 있음,https://smartstore.naver.com/g-fox/category/92f165efe42c4a01a83e3d859f7c2af4?cp=1,https://smartstore.naver.com/g-fox/products/5409862214,HYPER C 1211,2270000
261,고압세척기하위 메뉴 있음,https://smartstore.naver.com/g-fox/category/92f165efe42c4a01a83e3d859f7c2af4?cp=1,https://smartstore.naver.com/g-fox/products/5409845318,MCHPV1211,1880000
262,고압세척기하위 메뉴 있음,https://smartstore.naver.com/g-fox/category/92f165efe42c4a01a83e3d859f7c2af4?cp=1,https://smartstore.naver.com/g-fox/products/5409829269,TUCSON1211,1730000
263,고압세척기하위 메뉴 있음,https://smartstore.naver.com/g-fox/category/92f165efe42c4a01a83e3d859f7c2af4?cp=1,https://smartstore.naver.com/g-fox/products/5409795411,LMX 160M,1410000
264,고압세척기하위 메뉴 있음,https://smartstore.naver.com/g-fox/category/92f165efe42c4a01a83e3d859f7c2af4?cp=1,https://smartstore.naver.com/g-fox/products/5409742474,KW35,1150000
265,고압세척기하위 메뉴 있음,https://smartstore.naver.com/g-fox/category/92f165efe42c4a01a83e3d859f7c2af4?cp=1,https://smartstore.naver.com/g-fox/products/5409700739,KW26,880000
266,고압세척기하위 메뉴 있음,https://smartstore.naver.com/g-fox/category/92f165efe42c4a01a83e3d859f7c2af4?cp=1,https://smartstore.naver.com/g-fox/products/5409556331,5K,395000
267,고압세척기하위 메뉴 있음,https://smartstore.naver.com/g-fox/category/92f165efe42c4a01a83e3d859f7c2af4?cp=1,https://smartstore.naver.com/g-fox/products/5409466388,161K X-TRA,270000
268,고압세척기하위 메뉴 있음,https://smartstore.naver.com/g-fox/category/92f165efe42c4a01a83e3d859f7c2af4?cp=1,https://smartstore.naver.com/g-fox/products/5405851577,171K X-TRA,296000
269,"청소용품,세제",https://smartstore.naver.com/g-fox/category/f33a45310b914867a63224d6534debe3?cp=1,https://smartstore.naver.com/g-fox/products/3417885933,"진공 청소기 호스 38Ø (내경38mm) (길이5m~20m 선택)   ( 진공청소기 호스, 세차장/주유소 호스, 브라보 진공청소기 호스, 경서/보흥 청소기 외 )",69600
270,"청소용품,세제",https://smartstore.naver.com/g-fox/category/f33a45310b914867a63224d6534debe3?cp=1,https://smartstore.naver.com/g-fox/products/3417820927,"청소기 호스 45Ø  (내경45mm) (길이5m~20m)   ( 진공청소기 호스, 세차장/주유소 진공청소기 호스, 브라보 진공청소기 호스, 경서/보흥 청소기 외 )",88600
271,"청소용품,세제",https://smartstore.naver.com/g-fox/category/f33a45310b914867a63224d6534debe3?cp=1,https://smartstore.naver.com/g-fox/products/3417811212,"청소기 호스 45Ø  (내경45mm) (길이10m)   ( 진공청소기 호스, 세차장/주유소 진공청소기 호스, 브라보 진공청소기 호스, 경서/보흥 청소기 외 )",88000
272,"청소용품,세제",https://smartstore.naver.com/g-fox/category/f33a45310b914867a63224d6534debe3?cp=1,https://smartstore.naver.com/g-fox/products/3417765609,"청소기 호스 45Ø  (내경45mm) (길이20m)   ( 진공청소기 호스, 세차장/주유소 진공청소기 호스, 브라보 진공청소기 호스, 경서/보흥 청소기 외 )",117000
273,쇼트볼청소기,https://smartstore.naver.com/g-fox/category/4f80ea67fdbc475791ed48f57dc710f7?cp=1,https://smartstore.naver.com/g-fox/products/5586438095,쇼트볼청소기,1050000
274,고압펌프&모터하위 메뉴 있음,https://smartstore.naver.com/g-fox/category/c92f7dbfdfbf4d2aa2108f30db1fb8a7?cp=1,https://smartstore.naver.com/g-fox/products/5590390968,[AR] 고압펌프 04.10RC-M N 고압세척기/세차장/부품/펌프,770000
275,고압펌프&모터하위 메뉴 있음,https://smartstore.naver.com/g-fox/category/c92f7dbfdfbf4d2aa2108f30db1fb8a7?cp=1,https://smartstore.naver.com/g-fox/products/5590388057,[AR] 고압펌프 RWA-S 5.5G30H 고압세척기/세차장/부품/펌프,880000
276,고압펌프&모터하위 메뉴 있음,https://smartstore.naver.com/g-fox/category/c92f7dbfdfbf4d2aa2108f30db1fb8a7?cp=1,https://smartstore.naver.com/g-fox/products/5590378244,[AR] 고압펌프 RKA-SS 7G22 고압세척기/세차장/부품/펌프,2680000
277,고압펌프&모터하위 메뉴 있음,https://smartstore.naver.com/g-fox/category/c92f7dbfdfbf4d2aa2108f30db1fb8a7?cp=1,https://smartstore.naver.com/g-fox/products/5590372486,[AR] 고압펌프 RKA-SS 4.2G15 고압세척기/세차장/부품/펌프,3270000
278,고압펌프&모터하위 메뉴 있음,https://smartstore.naver.com/g-fox/category/c92f7dbfdfbf4d2aa2108f30db1fb8a7?cp=1,https://smartstore.naver.com/g-fox/products/5590360789,[AR] 고압펌프 RKA-SS 3G15 N 고압세척기/세차장/부품/펌프,3380000
279,고압펌프&모터하위 메뉴 있음,https://smartstore.naver.com/g-fox/category/c92f7dbfdfbf4d2aa2108f30db1fb8a7?cp=1,https://smartstore.naver.com/g-fox/products/5590356285,[AR] 고압펌프 XTA 3G19 고압세척기/세차장/부품/펌프,447000
280,고압펌프&모터하위 메뉴 있음,https://smartstore.naver.com/g-fox/category/c92f7dbfdfbf4d2aa2108f30db1fb8a7?cp=1,https://smartstore.naver.com/g-fox/products/5590352743,[AR] 고압펌프 XMTA 3.5G22 고압세척기/세차장/부품/펌프,650000
281,고압펌프&모터하위 메뉴 있음,https://smartstore.naver.com/g-fox/category/c92f7dbfdfbf4d2aa2108f30db1fb8a7?cp=1,https://smartstore.naver.com/g-fox/products/5590349465,[AR] 고압펌프 XMA 3.5G22J (엔진형) 고압세척기/세차장/부품/펌프,795000
282,고압펌프&모터하위 메뉴 있음,https://smartstore.naver.com/g-fox/category/c92f7dbfdfbf4d2aa2108f30db1fb8a7?cp=1,https://smartstore.naver.com/g-fox/products/5590343793,[AR] 고압펌프 RKA 4G30 고압세척기/세차장/부품/펌프,650000
283,고압펌프&모터하위 메뉴 있음,https://smartstore.naver.com/g-fox/category/c92f7dbfdfbf4d2aa2108f30db1fb8a7?cp=1,https://smartstore.naver.com/g-fox/products/5590340627,[AR] 고압펌프 RKV 4G40H 고압세척기/세차장/부품/펌프,890000
284,고압펌프&모터하위 메뉴 있음,https://smartstore.naver.com/g-fox/category/c92f7dbfdfbf4d2aa2108f30db1fb8a7?cp=1,https://smartstore.naver.com/g-fox/products/5590338709,[AR] 고압펌프 RKA 5.5G30H 고압세척기/세차장/부품/펌프,919000
285,고압펌프&모터하위 메뉴 있음,https://smartstore.naver.com/g-fox/category/c92f7dbfdfbf4d2aa2108f30db1fb8a7?cp=1,https://smartstore.naver.com/g-fox/products/5590336698,[AR] 고압펌프 SXWA 5.5G50 고압세척기/세차장/부품/펌프,1260000
286,고압펌프&모터하위 메뉴 있음,https://smartstore.naver.com/g-fox/category/c92f7dbfdfbf4d2aa2108f30db1fb8a7?cp=1,https://smartstore.naver.com/g-fox/products/5590334805,[AR] 고압펌프 RCA 3G25N 고압세척기/세차장/부품/펌프,560000
287,고압펌프&모터하위 메뉴 있음,https://smartstore.naver.com/g-fox/category/c92f7dbfdfbf4d2aa2108f30db1fb8a7?cp=1,https://smartstore.naver.com/g-fox/products/5590332215,[AR] 고압펌프 XWA-S 8G29H 고압세척기/세차장/부품/펌프,1113000
288,고압펌프&모터하위 메뉴 있음,https://smartstore.naver.com/g-fox/category/c92f7dbfdfbf4d2aa2108f30db1fb8a7?cp=1,https://smartstore.naver.com/g-fox/products/5590329720,[AR] 고압펌프 XWL 36.15 고압세척기/세차장/부품/펌프,1270000
289,고압펌프&모터하위 메뉴 있음,https://smartstore.naver.com/g-fox/category/c92f7dbfdfbf4d2aa2108f30db1fb8a7?cp=1,https://smartstore.naver.com/g-fox/products/5590328461,[AR] 고압펌프 XWL 41.20 고압세척기/세차장/부품/펌프,1200000
290,고압펌프&모터하위 메뉴 있음,https://smartstore.naver.com/g-fox/category/c92f7dbfdfbf4d2aa2108f30db1fb8a7?cp=1,https://smartstore.naver.com/g-fox/products/5590325625,[AR] 고압펌프 XWLA 13G15 고압세척기/세차장/부품/펌프,1390000
291,고압펌프&모터하위 메뉴 있음,https://smartstore.naver.com/g-fox/category/c92f7dbfdfbf4d2aa2108f30db1fb8a7?cp=1,https://smartstore.naver.com/g-fox/products/5590321881,[AR] 고압펌프 XWA 9G16 고압세척기/세차장/부품/펌프,1770000
292,고압펌프&모터하위 메뉴 있음,https://smartstore.naver.com/g-fox/category/c92f7dbfdfbf4d2aa2108f30db1fb8a7?cp=1,https://smartstore.naver.com/g-fox/products/5590319939,[AR] 고압펌프 SXWA 7G50 고압세척기/세차장/부품/펌프,1280000
293,고압펌프&모터하위 메뉴 있음,https://smartstore.naver.com/g-fox/category/c92f7dbfdfbf4d2aa2108f30db1fb8a7?cp=1,https://smartstore.naver.com/g-fox/products/5590271788,[AR] 아노비 고압펌프 SHP 15.50 고압세척기/세차장/부품/펌프,2158000
294,고압펌프&모터하위 메뉴 있음,https://smartstore.naver.com/g-fox/category/c92f7dbfdfbf4d2aa2108f30db1fb8a7?cp=1,https://smartstore.naver.com/g-fox/products/5590266356,[AR] 아노비 고압펌프 SHP 22.50 고압세척기/세차장/부품/펌프,1870000
295,고압펌프&모터하위 메뉴 있음,https://smartstore.naver.com/g-fox/category/c92f7dbfdfbf4d2aa2108f30db1fb8a7?cp=1,https://smartstore.naver.com/g-fox/products/5590260643,[AR] 아노비 고압펌프 RTP 30.600N 고압세척기/세차장/부품/펌프,7120000
296,고압펌프&모터하위 메뉴 있음,https://smartstore.naver.com/g-fox/category/c92f7dbfdfbf4d2aa2108f30db1fb8a7?cp=1,https://smartstore.naver.com/g-fox/products/5590255086,[AR] 아노비 고압펌프 XWL-SS 42.15 고압세척기/세차장/부품/펌프,4030000
297,고압펌프&모터하위 메뉴 있음,https://smartstore.naver.com/g-fox/category/c92f7dbfdfbf4d2aa2108f30db1fb8a7?cp=1,https://smartstore.naver.com/g-fox/products/5590250720,[AR] 아노비 고압펌프 HYD-RK 15.20 고압세척기/세차장/부품/펌프,1870000
298,고압펌프&모터하위 메뉴 있음,https://smartstore.naver.com/g-fox/category/c92f7dbfdfbf4d2aa2108f30db1fb8a7?cp=1,https://smartstore.naver.com/g-fox/products/5590239114,[AR] 아노비 고압펌프 XM-M 02.10 고압세척기/세차장/부품/펌프,725000
299,고압펌프&모터하위 메뉴 있음,https://smartstore.naver.com/g-fox/category/c92f7dbfdfbf4d2aa2108f30db1fb8a7?cp=1,https://smartstore.naver.com/g-fox/products/5590224398,[AR] 아노비 고압펌프 RC-M 02.10 N DX 고압세척기/세차장/부품/펌프,700000
300,고압펌프&모터하위 메뉴 있음,https://smartstore.naver.com/g-fox/category/c92f7dbfdfbf4d2aa2108f30db1fb8a7?cp=1,https://smartstore.naver.com/g-fox/products/5590218478,[AR] 아노비 고압펌프 RC-M 05.10N DX 고압세척기/세차장/부품/펌프,700000
301,고압펌프&모터하위 메뉴 있음,https://smartstore.naver.com/g-fox/category/c92f7dbfdfbf4d2aa2108f30db1fb8a7?cp=1,https://smartstore.naver.com/g-fox/products/5586516499,[AR] 아노비 고압펌프 RC-M 06.10N 고압세척기/세차장/부품/펌프,700000
302,전체상품,https://smartstore.naver.com/g-fox/category/4a4a8790632241d48f1a4fd0651ebf93?cp=1,https://smartstore.naver.com/g-fox/products/6187910977,K-2195TST 고압세척기 크란즐2195TST,1950000
303,전체상품,https://smartstore.naver.com/g-fox/category/4a4a8790632241d48f1a4fd0651ebf93?cp=1,https://smartstore.naver.com/g-fox/products/6111320455,X2D PLUS 보행식청소차 (20in / 500mm),3500000
304,전체상품,https://smartstore.naver.com/g-fox/category/4a4a8790632241d48f1a4fd0651ebf93?cp=1,https://smartstore.naver.com/g-fox/products/6103447864,"크란즐 고압세척기 HD7/122TS 에어컨세척,운동화세척",1110000
305,전체상품,https://smartstore.naver.com/g-fox/category/4a4a8790632241d48f1a4fd0651ebf93?cp=1,https://smartstore.naver.com/g-fox/products/6103034713,Profi 195TST 고압세척기 크란즐195TST,2095000
306,전체상품,https://smartstore.naver.com/g-fox/category/4a4a8790632241d48f1a4fd0651ebf93?cp=1,https://smartstore.naver.com/g-fox/products/6099334285,Profi 160TST 고압세척기 크란즐160TST,2095000
307,전체상품,https://smartstore.naver.com/g-fox/category/4a4a8790632241d48f1a4fd0651ebf93?cp=1,https://smartstore.naver.com/g-fox/products/5590390968,[AR] 고압펌프 04.10RC-M N 고압세척기/세차장/부품/펌프,770000
308,전체상품,https://smartstore.naver.com/g-fox/category/4a4a8790632241d48f1a4fd0651ebf93?cp=1,https://smartstore.naver.com/g-fox/products/5590388057,[AR] 고압펌프 RWA-S 5.5G30H 고압세척기/세차장/부품/펌프,880000
309,전체상품,https://smartstore.naver.com/g-fox/category/4a4a8790632241d48f1a4fd0651ebf93?cp=1,https://smartstore.naver.com/g-fox/products/5590378244,[AR] 고압펌프 RKA-SS 7G22 고압세척기/세차장/부품/펌프,2680000
310,전체상품,https://smartstore.naver.com/g-fox/category/4a4a8790632241d48f1a4fd0651ebf93?cp=1,https://smartstore.naver.com/g-fox/products/5590372486,[AR] 고압펌프 RKA-SS 4.2G15 고압세척기/세차장/부품/펌프,3270000
311,전체상품,https://smartstore.naver.com/g-fox/category/4a4a8790632241d48f1a4fd0651ebf93?cp=1,https://smartstore.naver.com/g-fox/products/5590360789,[AR] 고압펌프 RKA-SS 3G15 N 고압세척기/세차장/부품/펌프,3380000
312,전체상품,https://smartstore.naver.com/g-fox/category/4a4a8790632241d48f1a4fd0651ebf93?cp=1,https://smartstore.naver.com/g-fox/products/5590356285,[AR] 고압펌프 XTA 3G19 고압세척기/세차장/부품/펌프,447000
313,전체상품,https://smartstore.naver.com/g-fox/category/4a4a8790632241d48f1a4fd0651ebf93?cp=1,https://smartstore.naver.com/g-fox/products/5590352743,[AR] 고압펌프 XMTA 3.5G22 고압세척기/세차장/부품/펌프,650000
314,전체상품,https://smartstore.naver.com/g-fox/category/4a4a8790632241d48f1a4fd0651ebf93?cp=1,https://smartstore.naver.com/g-fox/products/5590349465,[AR] 고압펌프 XMA 3.5G22J (엔진형) 고압세척기/세차장/부품/펌프,795000
315,전체상품,https://smartstore.naver.com/g-fox/category/4a4a8790632241d48f1a4fd0651ebf93?cp=1,https://smartstore.naver.com/g-fox/products/5590343793,[AR] 고압펌프 RKA 4G30 고압세척기/세차장/부품/펌프,650000
316,전체상품,https://smartstore.naver.com/g-fox/category/4a4a8790632241d48f1a4fd0651ebf93?cp=1,https://smartstore.naver.com/g-fox/products/5590340627,[AR] 고압펌프 RKV 4G40H 고압세척기/세차장/부품/펌프,890000
317,전체상품,https://smartstore.naver.com/g-fox/category/4a4a8790632241d48f1a4fd0651ebf93?cp=1,https://smartstore.naver.com/g-fox/products/5590338709,[AR] 고압펌프 RKA 5.5G30H 고압세척기/세차장/부품/펌프,919000
318,전체상품,https://smartstore.naver.com/g-fox/category/4a4a8790632241d48f1a4fd0651ebf93?cp=1,https://smartstore.naver.com/g-fox/products/5590336698,[AR] 고압펌프 SXWA 5.5G50 고압세척기/세차장/부품/펌프,1260000
319,전체상품,https://smartstore.naver.com/g-fox/category/4a4a8790632241d48f1a4fd0651ebf93?cp=1,https://smartstore.naver.com/g-fox/products/5590334805,[AR] 고압펌프 RCA 3G25N 고압세척기/세차장/부품/펌프,560000
320,전체상품,https://smartstore.naver.com/g-fox/category/4a4a8790632241d48f1a4fd0651ebf93?cp=1,https://smartstore.naver.com/g-fox/products/5590332215,[AR] 고압펌프 XWA-S 8G29H 고압세척기/세차장/부품/펌프,1113000
321,전체상품,https://smartstore.naver.com/g-fox/category/4a4a8790632241d48f1a4fd0651ebf93?cp=1,https://smartstore.naver.com/g-fox/products/5590329720,[AR] 고압펌프 XWL 36.15 고압세척기/세차장/부품/펌프,1270000
322,전체상품,https://smartstore.naver.com/g-fox/category/4a4a8790632241d48f1a4fd0651ebf93?cp=1,https://smartstore.naver.com/g-fox/products/5590328461,[AR] 고압펌프 XWL 41.20 고압세척기/세차장/부품/펌프,1200000
323,전체상품,https://smartstore.naver.com/g-fox/category/4a4a8790632241d48f1a4fd0651ebf93?cp=1,https://smartstore.naver.com/g-fox/products/5590325625,[AR] 고압펌프 XWLA 13G15 고압세척기/세차장/부품/펌프,1390000
324,전체상품,https://smartstore.naver.com/g-fox/category/4a4a8790632241d48f1a4fd0651ebf93?cp=1,https://smartstore.naver.com/g-fox/products/5590321881,[AR] 고압펌프 XWA 9G16 고압세척기/세차장/부품/펌프,1770000
325,전체상품,https://smartstore.naver.com/g-fox/category/4a4a8790632241d48f1a4fd0651ebf93?cp=1,https://smartstore.naver.com/g-fox/products/5590319939,[AR] 고압펌프 SXWA 7G50 고압세척기/세차장/부품/펌프,1280000
326,전체상품,https://smartstore.naver.com/g-fox/category/4a4a8790632241d48f1a4fd0651ebf93?cp=1,https://smartstore.naver.com/g-fox/products/5590271788,[AR] 아노비 고압펌프 SHP 15.50 고압세척기/세차장/부품/펌프,2158000
327,전체상품,https://smartstore.naver.com/g-fox/category/4a4a8790632241d48f1a4fd0651ebf93?cp=1,https://smartstore.naver.com/g-fox/products/5590266356,[AR] 아노비 고압펌프 SHP 22.50 고압세척기/세차장/부품/펌프,1870000
328,전체상품,https://smartstore.naver.com/g-fox/category/4a4a8790632241d48f1a4fd0651ebf93?cp=1,https://smartstore.naver.com/g-fox/products/5590260643,[AR] 아노비 고압펌프 RTP 30.600N 고압세척기/세차장/부품/펌프,7120000
329,전체상품,https://smartstore.naver.com/g-fox/category/4a4a8790632241d48f1a4fd0651ebf93?cp=1,https://smartstore.naver.com/g-fox/products/5590255086,[AR] 아노비 고압펌프 XWL-SS 42.15 고압세척기/세차장/부품/펌프,4030000
330,전체상품,https://smartstore.naver.com/g-fox/category/4a4a8790632241d48f1a4fd0651ebf93?cp=1,https://smartstore.naver.com/g-fox/products/5590250720,[AR] 아노비 고압펌프 HYD-RK 15.20 고압세척기/세차장/부품/펌프,1870000
331,전체상품,https://smartstore.naver.com/g-fox/category/4a4a8790632241d48f1a4fd0651ebf93?cp=1,https://smartstore.naver.com/g-fox/products/5590239114,[AR] 아노비 고압펌프 XM-M 02.10 고압세척기/세차장/부품/펌프,725000
332,전체상품,https://smartstore.naver.com/g-fox/category/4a4a8790632241d48f1a4fd0651ebf93?cp=1,https://smartstore.naver.com/g-fox/products/5590224398,[AR] 아노비 고압펌프 RC-M 02.10 N DX 고압세척기/세차장/부품/펌프,700000
333,전체상품,https://smartstore.naver.com/g-fox/category/4a4a8790632241d48f1a4fd0651ebf93?cp=1,https://smartstore.naver.com/g-fox/products/5590218478,[AR] 아노비 고압펌프 RC-M 05.10N DX 고압세척기/세차장/부품/펌프,700000
334,전체상품,https://smartstore.naver.com/g-fox/category/4a4a8790632241d48f1a4fd0651ebf93?cp=1,https://smartstore.naver.com/g-fox/products/5586516499,[AR] 아노비 고압펌프 RC-M 06.10N 고압세척기/세차장/부품/펌프,700000
335,전체상품,https://smartstore.naver.com/g-fox/category/4a4a8790632241d48f1a4fd0651ebf93?cp=1,https://smartstore.naver.com/g-fox/products/5586438095,쇼트볼청소기,1050000
336,전체상품,https://smartstore.naver.com/g-fox/category/4a4a8790632241d48f1a4fd0651ebf93?cp=1,https://smartstore.naver.com/g-fox/products/5439322532,MISSISSIPPI 1310 [미시시피],2790000
337,전체상품,https://smartstore.naver.com/g-fox/category/4a4a8790632241d48f1a4fd0651ebf93?cp=1,https://smartstore.naver.com/g-fox/products/5439316603,HYPER L 2018 [하이퍼2018],4500000
338,전체상품,https://smartstore.naver.com/g-fox/category/4a4a8790632241d48f1a4fd0651ebf93?cp=1,https://smartstore.naver.com/g-fox/products/5439311081,HYPER L 1211 [하이퍼1211],3830000
339,전체상품,https://smartstore.naver.com/g-fox/category/4a4a8790632241d48f1a4fd0651ebf93?cp=1,https://smartstore.naver.com/g-fox/products/5439306009,COLUMBIA 2018 [콜럼비아],2160000
340,전체상품,https://smartstore.naver.com/g-fox/category/4a4a8790632241d48f1a4fd0651ebf93?cp=1,https://smartstore.naver.com/g-fox/products/5439304612,HYPER C 2018,2380000
341,전체상품,https://smartstore.naver.com/g-fox/category/4a4a8790632241d48f1a4fd0651ebf93?cp=1,https://smartstore.naver.com/g-fox/products/5439302178,TUCSON 2018,2280000
342,전체상품,https://smartstore.naver.com/g-fox/category/4a4a8790632241d48f1a4fd0651ebf93?cp=1,https://smartstore.naver.com/g-fox/products/5439293715,DB 2018,1850000
343,전체상품,https://smartstore.naver.com/g-fox/category/4a4a8790632241d48f1a4fd0651ebf93?cp=1,https://smartstore.naver.com/g-fox/products/5439287052,DB 2018A (Auto-stop),2040000
344,전체상품,https://smartstore.naver.com/g-fox/category/4a4a8790632241d48f1a4fd0651ebf93?cp=1,https://smartstore.naver.com/g-fox/products/5439282750,DB 200H [온수흡입],2790000
345,전체상품,https://smartstore.naver.com/g-fox/category/4a4a8790632241d48f1a4fd0651ebf93?cp=1,https://smartstore.naver.com/g-fox/products/5439278298,DB 2018P (Premium),2160000
346,전체상품,https://smartstore.naver.com/g-fox/category/4a4a8790632241d48f1a4fd0651ebf93?cp=1,https://smartstore.naver.com/g-fox/products/5439273167,DB 2518,2050000
347,전체상품,https://smartstore.naver.com/g-fox/category/4a4a8790632241d48f1a4fd0651ebf93?cp=1,https://smartstore.naver.com/g-fox/products/5439268636,DB 2525,2550000
348,전체상품,https://smartstore.naver.com/g-fox/category/4a4a8790632241d48f1a4fd0651ebf93?cp=1,https://smartstore.naver.com/g-fox/products/5411674474,DB 2532,3820000
349,전체상품,https://smartstore.naver.com/g-fox/category/4a4a8790632241d48f1a4fd0651ebf93?cp=1,https://smartstore.naver.com/g-fox/products/5409939157,DB150A,1890000
350,전체상품,https://smartstore.naver.com/g-fox/category/4a4a8790632241d48f1a4fd0651ebf93?cp=1,https://smartstore.naver.com/g-fox/products/5409929953,DB150,1660000
351,전체상품,https://smartstore.naver.com/g-fox/category/4a4a8790632241d48f1a4fd0651ebf93?cp=1,https://smartstore.naver.com/g-fox/products/5409899910,GARAGE S1 [가라지],1870000
352,전체상품,https://smartstore.naver.com/g-fox/category/4a4a8790632241d48f1a4fd0651ebf93?cp=1,https://smartstore.naver.com/g-fox/products/5409878083,GARAGE S2 [가라지],1650000
353,전체상품,https://smartstore.naver.com/g-fox/category/4a4a8790632241d48f1a4fd0651ebf93?cp=1,https://smartstore.naver.com/g-fox/products/5409862214,HYPER C 1211,2270000
354,전체상품,https://smartstore.naver.com/g-fox/category/4a4a8790632241d48f1a4fd0651ebf93?cp=1,https://smartstore.naver.com/g-fox/products/5409845318,MCHPV1211,1880000
355,전체상품,https://smartstore.naver.com/g-fox/category/4a4a8790632241d48f1a4fd0651ebf93?cp=1,https://smartstore.naver.com/g-fox/products/5409829269,TUCSON1211,1730000
356,전체상품,https://smartstore.naver.com/g-fox/category/4a4a8790632241d48f1a4fd0651ebf93?cp=1,https://smartstore.naver.com/g-fox/products/5409795411,LMX 160M,1410000
357,전체상품,https://smartstore.naver.com/g-fox/category/4a4a8790632241d48f1a4fd0651ebf93?cp=1,https://smartstore.naver.com/g-fox/products/5409742474,KW35,1150000
358,전체상품,https://smartstore.naver.com/g-fox/category/4a4a8790632241d48f1a4fd0651ebf93?cp=1,https://smartstore.naver.com/g-fox/products/5409700739,KW26,880000
359,전체상품,https://smartstore.naver.com/g-fox/category/4a4a8790632241d48f1a4fd0651ebf93?cp=1,https://smartstore.naver.com/g-fox/products/5409556331,5K,395000
360,전체상품,https://smartstore.naver.com/g-fox/category/4a4a8790632241d48f1a4fd0651ebf93?cp=1,https://smartstore.naver.com/g-fox/products/5409466388,161K X-TRA,270000
361,전체상품,https://smartstore.naver.com/g-fox/category/4a4a8790632241d48f1a4fd0651ebf93?cp=1,https://smartstore.naver.com/g-fox/products/5405851577,171K X-TRA,296000
362,전체상품,https://smartstore.naver.com/g-fox/category/4a4a8790632241d48f1a4fd0651ebf93?cp=1,https://smartstore.naver.com/g-fox/products/3417885933,"진공 청소기 호스 38Ø (내경38mm) (길이5m~20m 선택)   ( 진공청소기 호스, 세차장/주유소 호스, 브라보 진공청소기 호스, 경서/보흥 청소기 외 )",69600
363,전체상품,https://smartstore.naver.com/g-fox/category/4a4a8790632241d48f1a4fd0651ebf93?cp=1,https://smartstore.naver.com/g-fox/products/3417820927,"청소기 호스 45Ø  (내경45mm) (길이5m~20m)   ( 진공청소기 호스, 세차장/주유소 진공청소기 호스, 브라보 진공청소기 호스, 경서/보흥 청소기 외 )",88600
364,전체상품,https://smartstore.naver.com/g-fox/category/4a4a8790632241d48f1a4fd0651ebf93?cp=1,https://smartstore.naver.com/g-fox/products/3417811212,"청소기 호스 45Ø  (내경45mm) (길이10m)   ( 진공청소기 호스, 세차장/주유소 진공청소기 호스, 브라보 진공청소기 호스, 경서/보흥 청소기 외 )",88000
365,전체상품,https://smartstore.naver.com/g-fox/category/4a4a8790632241d48f1a4fd0651ebf93?cp=1,https://smartstore.naver.com/g-fox/products/3417765609,"청소기 호스 45Ø  (내경45mm) (길이20m)   ( 진공청소기 호스, 세차장/주유소 진공청소기 호스, 브라보 진공청소기 호스, 경서/보흥 청소기 외 )",117000
366,생활/건강하위 메뉴 있음,https://smartstore.naver.com/momo24time/category/50000008?cp=1,https://smartstore.naver.com/momo24time/products/8316242788,담금주 키트 상견례 집들이선물,25800
367,전체상품,https://smartstore.naver.com/momo24time/category/ALL?cp=1,https://smartstore.naver.com/momo24time/products/8316242788,담금주 키트 상견례 집들이선물,25800
368,식품하위 메뉴 있음,https://smartstore.naver.com/orangebridge/category/50000006?cp=1,https://smartstore.naver.com/orangebridge/products/8319907183,성주꿀참외 참외5kg 3kg 2kg 참외농장 직송 가정용 선물용 담하네,20800
369,전체상품,https://smartstore.naver.com/orangebridge/category/ALL?cp=1,https://smartstore.naver.com/orangebridge/products/8319907183,성주꿀참외 참외5kg 3kg 2kg 참외농장 직송 가정용 선물용 담하네,20800
