,Unnamed: 0,기입날짜,별점,옵션,후기
0,0,23.01.08.,1,"칡즙: 50포(일반포장)
유통기한아주 넉넉해요포장꼼꼼해요편리그냥그래요",재구매해서 먹는데 처음과 칡즙이 많이 달라요.처음에 걸죽하고 맛도 좋았는데 두번째는 다른것 많이 섞인듯 찱즙이 묽고 맛도 쓴맛이 강하고 물탄듯한느낌(실제로는물안탔습)
1,1,22.12.30.,3,"칡즙: 50포(일반포장)
유통기한꽤 남았어요포장적당해요편리그냥그래요",그런대로 맛이 괜찮아요
2,2,22.12.09.,3,"칡즙: 50포(일반포장)
유통기한꽤 남았어요포장적당해요편리그냥그래요","칡즙이 왜 얼어서 왔나요? 냉동 얼렷다가 잠깐 녹여 보내주셧나요? 얼리고나서 녹으면 맛이 그만큼 없는데..녹이느라 반정도는 밖에 두엇습니다;;
배송과 토마토즙 2개서비스는 좋습니다"
3,3,22.10.06.,3,"칡즙: 30포
유통기한꽤 남았어요포장적당해요편리그냥그래요",칡즙이 에스트로겐이 많이 들어서 갱년기에  좋다고 주문했어요.효과 있었으면 좋겠어요
4,4,22.09.04.,3,"칡즙: 30포
유통기한아주 넉넉해요포장꼼꼼해요편리편리해요","선물용이라서 유통기한이 잘 찍혀있는 상품 출고 요청드렸는데 반이상은 날짜 구분이 어렵네요.
유통기한 찍으실때 좀 신경써주세요.
제꺼 구매할때도 그래서 전 매직으로 하나하나 다 썼어요.
매일 먹는 용도가 아니다보니 유통기한이 중요하거든요.
포장은 이중으로 해주셔서 터지지 않고 안전하게 잘 오네요^^
파우치가 날카로워서 조심스러워요.
맛은 가루가 많지만 진하고 맛있어요."
5,5,20.10.05.,3,"칡즙: 50포
유통기한아주 넉넉해요포장꼼꼼해요편리편리해요",암칡이라 그런지 몰라도 이전에 먹던거보다 더 텁텁해요
6,6,23.04.19.,4,"칡즙: 50포(일반포장)
유통기한꽤 남았어요포장적당해요편리편리해요",배송빠르고 두번째구매입니다 암칡이라 먹기편하고 맛도달고 맛있어요
7,7,23.04.15.,4,"칡즙: 50포(일반포장)
유통기한꽤 남았어요포장꼼꼼해요편리편리해요",맛도좋고 품질도좋고 지인들도 다들어디서구매했냐구해서 공유했습니다 저도 장바구니에 또 탐아놨구여
8,8,23.04.08.,4,"칡즙: 50포(일반포장)
유통기한꽤 남았어요포장적당해요편리그냥그래요",많이 쓰지 않고 암칡이라니 믿고 먹어보렵니다.
9,9,23.03.12.,4,"칡즙: 50포(일반포장)
유통기한꽤 남았어요포장적당해요편리그냥그래요",잘 먹고 있습니다. 효과 기대합니다.
10,10,23.03.03.,4,"칡즙: 50포(일반포장)
유통기한꽤 남았어요포장꼼꼼해요편리편리해요","어제 도착해서 먹어봤는데.. 진하네요.. 건강해지는 느낌입니다. ^^
복용후 효과있다면 재구매 예정입니다."
11,11,23.02.18.,4,"칡즙: 50포(일반포장)
유통기한아주 넉넉해요포장꼼꼼해요편리편리해요",양이좀 적은거 같아요.  단맛이있어 마시기 좋아요
12,12,23.02.17.,4,"칡즙: 30포(일반포장)
유통기한꽤 남았어요포장꼼꼼해요편리편리해요",오랜만에 재구매했는데 여전히 진하고 맛있네요!
13,13,23.02.17.,4,"칡즙: 50포(일반포장)
유통기한꽤 남았어요포장적당해요편리편리해요",두번째구매입니다 진하고 건더기도있고 먹기편해요
14,14,23.02.15.,4,"칡즙: 50포(일반포장)
유통기한아주 넉넉해요포장꼼꼼해요편리편리해요","생리 불순에 효과 있어요
작년 가을에 먹고 효과 있어서 이번에 재구매합니다
몇일 먹었더니 다시 효과 봤어요"
15,15,23.02.11.,4,"칡즙: 50포(일반포장)
유통기한꽤 남았어요포장꼼꼼해요편리편리해요","진하고 좋아요.
여름에도 같은 맛일까요"
16,16,23.02.10.,4,"칡즙: 실크보자기 포장(50포)
유통기한꽤 남았어요포장적당해요편리편리해요",지인에게 선물로드렸는데  갱년기라 너무 좋아하시네요.
17,17,23.02.01.,4,"칡즙: 50포(일반포장)
유통기한아주 넉넉해요포장꼼꼼해요편리편리해요",어릴때 씹어먹던 칡맛과 가장비슷한 맛입니다 여기저기 먹어봤는데 여기가 최고네요  이맛변치않았으면  합니다
18,18,23.01.30.,4,"칡즙: 50포(일반포장)
유통기한꽤 남았어요포장적당해요편리편리해요",맛있습니다. 보내주신 사은품도 고맙습니다.
19,19,23.01.28.,4,"칡즙: 50포(일반포장)
유통기한아주 넉넉해요포장꼼꼼해요편리편리해요",선물하기 좋은 제품입니다.
20,20,23.01.27.,4,"칡즙: 50포(일반포장)
유통기한아주 넉넉해요포장꼼꼼해요편리편리해요",두 번째 주문인데 첫 번째보다 좀 싱겁네요. 물을 좀 더 탄 듯.... 소비자 입맛은 귀신입니다. 세 번째 주문은 고민 중...
21,21,23.01.06.,4,"칡즙: 50포(일반포장)
유통기한꽤 남았어요포장꼼꼼해요편리그냥그래요",얼어서 왔어요. 얼었다 녹은것은 식감이 좋지 않아요.
22,22,22.12.30.,4,"칡즙: 30포(일반포장)
유통기한아주 넉넉해요포장꼼꼼해요편리편리해요",맛도좋고 포장도 깔끔하네요
23,23,22.12.21.,4,"칡즙: 50포(일반포장)
유통기한꽤 남았어요포장꼼꼼해요편리편리해요","칡즙을 많이 먹어보진 않아서 맛을 잘 알진 못하지만 맛은 달달하면서 너무 맛있더라구요
포장도 하나 터지지 않게 신경 많이 써주신점 감동이였어요~ 다 먹고 또 시켜 먹을 생각입니다~~ 편지 내용 처럼 내 가족이 먹는다는 생각으로 만들어 주세용"
24,24,22.11.26.,4,"칡즙: 30포
유통기한꽤 남았어요포장꼼꼼해요편리편리해요",엄마 사드렷는데 맛있다네요
25,25,22.10.31.,4,"칡즙: 50포
유통기한꽤 남았어요포장적당해요편리그냥그래요","칡즙이 아주 직접 내려 먹는것 처럼 맛있습니다
매일아침 하나씩 챙겨먹으려고요
토마토 하나 칡즙하나로 아침 시작합니다"
26,26,22.10.29.,4,"칡즙: 50포
유통기한아주 넉넉해요포장적당해요편리그냥그래요","배송이 빠르네요.
몇개 먹어보니 진하고 건강해지는 느낌입니다.."
27,27,22.10.22.,4,"칡즙: 50포
유통기한꽤 남았어요포장적당해요편리편리해요",부모님께 보내들였는데 암칡이라 진하고 맛도괜찮으시다하네요
28,28,22.10.19.,4,"칡즙: 50포
유통기한꽤 남았어요포장적당해요편리그냥그래요",늘 먹는 제품입니다.
29,29,22.09.17.,4,"칡즙: 50포
유통기한꽤 남았어요포장적당해요편리그냥그래요",자주 구매합니다. 먹을만 해요.
30,30,22.08.30.,4,"칡즙: 30포
유통기한아주 넉넉해요포장꼼꼼해요편리그냥그래요","평이 좋아서 구매했어요
기대되네요^^"
31,31,22.08.15.,4,"칡즙: 50포
유통기한꽤 남았어요포장꼼꼼해요편리편리해요",맛이 약간 연하네요ㅎㅎㅎ그래도 믿고 먹어볼게요!
32,32,22.07.06.,4,"칡즙: 50포
유통기한꽤 남았어요포장적당해요편리그냥그래요",꾸준히 먹고 있습니다.
33,33,22.06.29.,4,"칡즙: 50포
유통기한아주 넉넉해요포장꼼꼼해요편리편리해요",일년에 한번씩 꼭꼭 챙겨 먹어요
34,34,22.06.21.,4,"칡즙: 30포
유통기한꽤 남았어요포장적당해요편리편리해요",배송빠르게 잘 받았습니다.
35,35,22.05.31.,4,"칡즙: 50포
유통기한꽤 남았어요포장꼼꼼해요편리그냥그래요",갱년기 개선용으로 먹고 있어요.
36,36,22.04.26.,4,"칡즙: 50포
유통기한꽤 남았어요포장꼼꼼해요편리편리해요",매일 먹는 제품입니다. 갱년기쟝애에 좋습니다.
37,37,22.04.19.,4,"칡즙: 30포
유통기한아주 넉넉해요포장꼼꼼해요편리편리해요","가루 침전물이 많긴 한데 진하고 맛있어요.
유통기한이 찍혀있는게 있고.. 안찍혀 있는게 더 많은게 아쉽네요.
매일 먹을게 아니라서 매직으로 일일이 써놓았어요.
맛은 좋아서 선물하려고 다시 주문했어요.
이번에는 유통기한 잘 찍힌 제품 보내주세요^^"
38,38,22.04.06.,4,"칡즙: 50포
유통기한꽤 남았어요포장꼼꼼해요편리그냥그래요",맛있어요. 자주 구매합니다.
39,39,22.03.30.,4,"칡즙: 50포
유통기한꽤 남았어요포장적당해요편리편리해요",지인 소개로 처음 먹어보는데 목넘김도 좋고 먹을만 해요.
40,40,22.02.26.,4,"칡즙: 30포
유통기한꽤 남았어요포장적당해요편리편리해요","와이프 주려고 구매 했는데 저도 같이 먹고
생칡즙 그대로 맛도 좋습니다"
41,41,22.02.15.,4,"칡즙: 50포
유통기한꽤 남았어요포장적당해요편리그냥그래요",맛있어서 자주 구매합니다.
42,42,22.02.08.,4,"칡즙: 50포
유통기한아주 넉넉해요포장적당해요편리편리해요",이것 저것 챙겨주시고 감사합니다. 이거 복용하고 건강해질께요.
43,43,22.01.12.,4,"칡즙: 50포
유통기한꽤 남았어요포장적당해요편리그냥그래요",선물했어요. 맛있어서.
44,44,21.07.27.,4,"칡즙: 50포
유통기한꽤 남았어요포장꼼꼼해요편리편리해요",갱년기장애 효과있습니다.
45,45,21.01.11.,4,"칡즙: 50포
유통기한아주 넉넉해요포장꼼꼼해요편리편리해요","두번째주문입니다
잘먹고있어요"
46,46,23.04.23.,5,"칡즙: 50포(일반포장)
유통기한아주 넉넉해요포장꼼꼼해요편리편리해요",포장도 좋고 맛고 진허고 좋어요
47,47,23.04.22.,5,"칡즙: 30포(일반포장)
유통기한아주 넉넉해요포장꼼꼼해요편리편리해요",여기서만시켜먹는대역시나만족함니다다먹고. 또시킬게요. 수고하세요
48,48,23.04.21.,5,"칡즙: 50포(일반포장)
유통기한아주 넉넉해요포장꼼꼼해요편리편리해요",진하고 너무 맛있어요. 몇개를 받아 마셨는데 너무 맛있어서 대량 주문했습니다.
49,49,23.04.21.,5,"칡즙: 30포(일반포장)
유통기한꽤 남았어요포장적당해요편리그냥그래요",굳!! 맛은 약간 쓴데 원래 다 쓰잖아요 굳
50,50,23.04.19.,5,"칡즙: 50포(일반포장)
유통기한아주 넉넉해요포장꼼꼼해요편리편리해요",너무 너무 좋아요 ~~~
51,51,23.04.18.,5,"칡즙: 50포(일반포장)
유통기한아주 넉넉해요포장꼼꼼해요편리편리해요","우선 제가 먹던 칡즙 중에서 가장 달콤해서 맛있었어요
칡에도 암칡, 수칡이 있다는 말을 듣고 구매했는데 암칡이 달콤한가 봅니다
냉장보관해서 하루 한 포씩 잘 먹고 있어요
전 갱년기 예방으로 남편은 커피 대용으로 먹고 있는데 남편을 위해 수칡으로 재구매할 예정입니다"
52,52,23.04.17.,5,"칡즙: 30포(일반포장)
유통기한아주 넉넉해요포장꼼꼼해요편리편리해요","진짜달고맛있어요!!!
정말진해서좋아요!!"
53,53,23.04.17.,5,"칡즙: 30포(일반포장)
유통기한아주 넉넉해요포장꼼꼼해요편리편리해요",엄마가 너무 좋아하셔서 재주문하려구요. 갱년기 여성한테 특히 좋은 것 같아요
54,54,23.04.16.,5,"칡즙: 30포(일반포장)
유통기한꽤 남았어요포장꼼꼼해요편리편리해요",칡즙 진하고 맛있어요~
55,55,23.04.16.,5,"칡즙: 50포(일반포장)
유통기한아주 넉넉해요포장꼼꼼해요편리편리해요",세번째 구매해서 먹고있습니다..진하고 좋아요
56,56,23.04.15.,5,"칡즙: 30포(일반포장)
유통기한아주 넉넉해요포장꼼꼼해요편리편리해요",넘 맛있어요.  추천해요!
57,57,23.04.15.,5,"칡즙: 30포(일반포장)
유통기한꽤 남았어요포장적당해요편리그냥그래요",신랑이 잘먹네요 감사합니다
58,58,23.04.13.,5,"칡즙: 실크보자기 포장(50포)
유통기한아주 넉넉해요포장꼼꼼해요편리편리해요","전체적으로 포장에 신경을 많이 쓴 것이 느껴져요 
상자도 그렇고 마실 때 팩이 깔끔하게 잘 뜯어져요"
59,59,23.04.13.,5,"칡즙: 30포(일반포장)
유통기한아주 넉넉해요포장꼼꼼해요편리편리해요",맛있고 진해요 정성이 느껴집니다 담에 또주문할께요 감사합니다
60,60,23.04.12.,5,"칡즙: 50포(일반포장)
유통기한아주 넉넉해요포장꼼꼼해요편리편리해요","선물하기도 좋고
부담 없어요."
61,61,23.04.10.,5,"칡즙: 30포(일반포장)
유통기한아주 넉넉해요포장꼼꼼해요편리편리해요",계속 마실수록 깊은맛 깔끔한맛 넘 좋아요 시원하게 마시면 갈증해소되되요
62,62,23.04.07.,5,"칡즙: 30포(일반포장)
유통기한아주 넉넉해요포장꼼꼼해요편리편리해요",가격대비 제품 좋습니다.
63,63,23.04.07.,5,"칡즙: 30포(일반포장)
유통기한아주 넉넉해요포장꼼꼼해요편리편리해요",맛있어서 재구매합니다. 하루 한봉 아침에 먹어요.
64,64,23.04.06.,5,"칡즙: 30포(일반포장)
유통기한아주 넉넉해요포장꼼꼼해요편리편리해요",건강 생각하며 열심히먹고있어요 맛이진합니다.
65,65,23.04.05.,5,"칡즙: 30포(일반포장)
유통기한아주 넉넉해요포장꼼꼼해요편리편리해요",진한칡즙 진짜 맛있습니다:)
66,66,23.04.05.,5,"칡즙: 30포(일반포장)
유통기한아주 넉넉해요포장꼼꼼해요편리편리해요",안써서먹기좋았어요^^
67,67,23.04.04.,5,"칡즙: 30포(일반포장)
유통기한아주 넉넉해요포장꼼꼼해요편리편리해요",한달 지난 지금도 잘 챙겨먹고 있어요~갱년기에 접어든 저에게 정말 좋은 제품이네요~^^굿~
68,68,23.04.04.,5,"칡즙: 50포(일반포장)
유통기한아주 넉넉해요포장꼼꼼해요편리편리해요","맛있어서두번째 구매했어요 서비스로주신
토마토 도라지배즙도. 진하고맛있어요"
69,69,23.04.03.,5,"칡즙: 30포(일반포장)
유통기한아주 넉넉해요포장꼼꼼해요편리편리해요","맛잇고좋아요
담또 시켜먹을꺼에요"
70,70,23.04.03.,5,"칡즙: 50포(일반포장)
유통기한꽤 남았어요포장꼼꼼해요편리편리해요","또구매원해요
정말찐하구요
하루한포씩잘챙겨먹고잇어요"
71,71,23.04.02.,5,"칡즙: 30포(일반포장)
유통기한아주 넉넉해요포장꼼꼼해요편리편리해요","우리산 칡즙을 처음 접하고 진한 겨울칡의 맛에 푹 빠졌는데요. 적당히 쌉쌀하면서 달콤한 암칡을 먹으면 건강해지는 느낌이 팍팍 생긴답니다.
물을 탄 듯한 칡즙만 드셨던 분들이라면 꼭 한번 드셔보시길 추천드려요~부모님들도 굉장히 좋아하실꺼에요!!^^"
72,72,23.04.01.,5,"칡즙: 30포(일반포장)
유통기한아주 넉넉해요포장꼼꼼해요편리편리해요",친정엄마 칡즙갱년기 건강선물로 해드렸는데 엄청 좋아하셨어요. 갈아만든 맛이라며 열심히 드셔서 만족스러워요. 주변에 지인 선물용으로도 너무나 좋은 건강착즙을 찾게돼서 좋네요
73,73,23.03.31.,5,"칡즙: 30포(일반포장)
유통기한아주 넉넉해요포장꼼꼼해요편리편리해요","부모님이 칡즙을 자주 드셨는데 구매해 먹던곳이 없어져서 처음으로 인터넷 주문을 해드렸는데요. 기존에 먹던것 보다 더 맛있다고 암칡이라고 너무 좋아하시네요.
쓴맛보다는 구수하고 깊은맛이 너무 좋습니다 ! 서비스로 주신 토마토즙도 잘 먹을게여 !"
74,74,23.03.29.,5,"칡즙: 30포(일반포장)
유통기한아주 넉넉해요포장꼼꼼해요편리편리해요","색도 진하고 향도 찐하고 맛이 진해요 
암칡인 거 같아요 
배송도 아주 빠르고 신선해서 완전 만족스럽습니다 
엄마 선물이었는데 좋아하셔서 저도 행복해요 
사은품으로 주신 것도 맛있었어요

업체에서 지원 받아 솔직하게 작성했습니다"
75,75,23.03.29.,5,"칡즙: 50포(일반포장)
유통기한아주 넉넉해요포장꼼꼼해요편리편리해요",이제야 진짜 칡즙먹는 기분입니다~^^
76,76,23.03.27.,5,"칡즙: 30포(일반포장)
유통기한아주 넉넉해요포장꼼꼼해요편리편리해요",안그래도 피로회복이 잘 안되서 피로회복을 위해서 선택을 했는데요. 진짜 구매하길 잘 했다는 생각이 듭니다. 요즘에는 점점 날씨가 따듯해지면서 냉장고에 넣고 꼬박 꼬박 한개씩 챙겨먹고 있는데 너무 좋네요. 하루 하루가 다르다는게 느껴집니다. 봄철이라 면역력 중요한데 몸에 좋은거 잘 챙겨드시고 건강하셨으면 좋겠습니다.
77,77,23.03.27.,5,"칡즙: 50포(일반포장)
유통기한아주 넉넉해요포장꼼꼼해요편리편리해요",아빠가 가짜칡즙 드시면 대번 아시는데 여기껀 진짠가바요 벌써 세번째 구매에요  다먹고 또 시킬게요
78,78,23.03.27.,5,"칡즙: 50포(일반포장)
유통기한아주 넉넉해요포장꼼꼼해요편리편리해요",역시 정직한맛~ 다른 첨가물이 섞이지 않은 순수 칡즙 그대로의 맛입니다 이맛 그대로 지켜주시고 계속 구매해서 먹을 예정입니다  건강위해 먹는건데 하나를 먹더라도 좋은걸 먹어야지요~  서비스로 주신 토마토와 사과즙도 정말 정직한 맛입니다 믿고 먹을수 있는 믿음이 가는곳입니다 계속 정직한맛 지켜주세요~^^
79,79,23.03.26.,5,"칡즙: 30포(일반포장)
유통기한꽤 남았어요포장적당해요편리편리해요","제꺼 주문하면서 부모님댁에도 보내드렸는데 좋다고 하시네요
건더기(?)녹말이 많아서 많이 흔들어 먹어야하지만 진하니 좋은거 같아요"
80,80,23.03.26.,5,"칡즙: 30포(일반포장)
유통기한꽤 남았어요포장적당해요편리편리해요","쓴맛은 있지만 먹을만하구요
뒷맛이 깔끔해서 전 좋았어요
당장 무슨효과가 있는건 아니지만 꾸준히 먹어보려구요"
81,81,23.03.26.,5,"칡즙: 30포(일반포장)
유통기한아주 넉넉해요포장꼼꼼해요편리편리해요",꾸준히 잘 먹고있어요 또 재구매 할개요 ㅎㅎ
82,82,23.03.26.,5,"칡즙: 50포(일반포장)
유통기한아주 넉넉해요포장꼼꼼해요편리편리해요",맛있어서 재구매핬어요  지인들에게 한포씩 돌렸더니 다들 좋아하네요 서비스로 넣어주신 즙들도 관심이 많아요
83,83,23.03.26.,5,"칡즙: 50포(일반포장)
유통기한아주 넉넉해요포장꼼꼼해요편리편리해요",재구매해서  또 먹습니다  어릴때먹던 그칡맛 ~  여기저기 먹어봤는데 그래도 여기가 그시절맛과 젤로가깝네요  맛있어요
84,84,23.03.25.,5,"칡즙: 30포(일반포장)
유통기한꽤 남았어요포장적당해요편리편리해요","먹어보고 지인 선물했어요
저는 장복하려구요"
85,85,23.03.25.,5,"칡즙: 50포(일반포장)
유통기한아주 넉넉해요포장꼼꼼해요편리편리해요","목 넘김이 편하고 , 일단 아침 공복에 속이 편해서 좋아요^^"
86,86,23.03.25.,5,"칡즙: 실크보자기 포장(50포)
유통기한아주 넉넉해요포장꼼꼼해요편리편리해요","목 넘김이 편하고 , 일단 아침 공복에 속이 편해서 좋아요^^"
87,87,23.03.24.,5,"칡즙: 50포(일반포장)
유통기한아주 넉넉해요포장꼼꼼해요편리편리해요",칡즙은 첨 먹어보지만 거부감없이 잘 넘어가네요~~남편이랑 같이 먹으려고 주문했는데 만족해요^^한달 먹어보고 다시 리뷰하러 와야겠어요~
88,88,23.03.24.,5,"칡즙: 50포(일반포장)
유통기한아주 넉넉해요포장꼼꼼해요편리편리해요","진짜 맛있네요. 칡을 그냥 씹어 먹는 맛이라고 하는게 맞는듯 해요.
입에 맞는 칡즙 찾기 쉽지 않은데 넘 좋아요. 토마토즙도 맛있어요 그것도 주문해볼까해요. 번창하세요~~"
89,89,23.03.24.,5,"칡즙: 30포(일반포장)
유통기한아주 넉넉해요포장꼼꼼해요편리편리해요","포장이 고급져서 선물하기 좋아요
엄마가 칡즙 좋아하셔서 샀는데 와 이거 진해서 엄청 좋아하시네요
다 마시면 또 사러올게요"
90,90,23.03.24.,5,"칡즙: 30포(일반포장)
유통기한아주 넉넉해요포장꼼꼼해요편리편리해요",진하고 아주 향이 조아요 먹기 편안해요 효과도 있는둣해요
91,91,23.03.23.,5,"칡즙: 30포(일반포장)
유통기한아주 넉넉해요포장꼼꼼해요편리편리해요","항상 먹는 칡즙! 포장도 꼼꼼하고 다른 칡즙보다 진해서 진짜 맛있어용>< 
저희 엄마가 제일 좋아하는 칡즙 맛집🤗
다음에 또 주문할게용♥️"
92,92,23.03.22.,5,"칡즙: 30포(일반포장)
유통기한아주 넉넉해요포장꼼꼼해요편리편리해요","너무 잘 먹을게요! 저에게
딱이에요 ㅋㅋ"
93,93,23.03.22.,5,"칡즙: 50포(일반포장)
유통기한아주 넉넉해요포장꼼꼼해요편리편리해요","100개 구매하여 먹고 재구매 했습니다
칡즙 꾸준히 먹는사람 인데 이곳만한 진실한 칡즙은 없어요~  건강위해 먹는건데 맛은 정직하거든요~ 좋은상품은 먹어본 사람이 알거든요 저는 앞으로도 쭉~  구매하려구요  정딕한맛 계속 부탁드립니다~^^"
94,94,23.03.21.,5,"칡즙: 50포(일반포장)
유통기한아주 넉넉해요포장꼼꼼해요편리편리해요",두번째시켜서 먹네요. 꾸준히 정말 좋아요
95,95,23.03.19.,5,"칡즙: 50포(일반포장)
유통기한아주 넉넉해요포장꼼꼼해요편리편리해요",갱년기 증상이 많이 완화되는거 같아요.
96,96,23.03.18.,5,"칡즙: 30포(일반포장)
유통기한아주 넉넉해요포장꼼꼼해요편리편리해요",아주 맛있어요. 칡즙이 이렇게 맛있을수도 있구나 알게 되어 앞으로 여기서만 구매하려고 합니다.
97,97,23.03.18.,5,"칡즙: 50포(일반포장)
유통기한아주 넉넉해요포장꼼꼼해요편리편리해요",맛있고 진해요  먹고 또 구입할게요
98,98,23.03.17.,5,"칡즙: 30포(일반포장)
유통기한꽤 남았어요포장꼼꼼해요편리편리해요",진하고 마실만해서 매일 먹고있어요
99,99,23.03.17.,5,"칡즙: 30포(일반포장)
유통기한아주 넉넉해요포장꼼꼼해요편리편리해요",부모님 선물로 구매한건데 좋습니다~
100,100,23.03.17.,5,"칡즙: 30포(일반포장)
유통기한아주 넉넉해요포장꼼꼼해요편리편리해요",부모님 선물로 구매한건데 좋습니다~
101,101,23.03.15.,5,"칡즙: 50포(일반포장)
유통기한꽤 남았어요포장꼼꼼해요편리편리해요",판매자님께서 편지도 친절하게 보관법이나 먹는법도 편지로 동봉해 주시고 서비스맛보기도 주시고 또 먹어보니 찐  약간 걸죽한게 꼭 직접 짜먹는 느낌이라할까  암튼 맛도 괜찮코 꾸준히 복용해보려구요
102,102,23.03.14.,5,"칡즙: 30포(일반포장)
유통기한꽤 남았어요포장꼼꼼해요편리편리해요",생각외로 맛괜찮아요  좋아요
103,103,23.03.10.,5,"칡즙: 50포(일반포장)
유통기한아주 넉넉해요포장꼼꼼해요편리편리해요","감사히 잘 먹고있어요~
다먹고 재구매할게요~"
104,104,23.03.10.,5,"칡즙: 50포(일반포장)
유통기한아주 넉넉해요포장꼼꼼해요편리편리해요",감사합니다 ~ 감사합니다 ~
105,105,23.03.09.,5,"칡즙: 50포(일반포장)
유통기한꽤 남았어요포장꼼꼼해요편리편리해요",잘받앗어요 맛 나쁘지 안아요 잘먹겟습니다
106,106,23.03.09.,5,"칡즙: 30포(일반포장)
유통기한아주 넉넉해요포장꼼꼼해요편리편리해요",칡즙이 여자한테 특히 좋다고 해서 주문해보았어요~ 생각보다 많이 쓰지않고 먹기 좋네요~전분도 많고 아주 진하니 물도 타지않은 찐입니당~~ 앞으로 꾸준히 먹기로 결심했답니다~^^
107,107,23.03.08.,5,"칡즙: 30포(일반포장)
유통기한아주 넉넉해요포장꼼꼼해요편리편리해요","직접 갈아만든 생즙이라해서 챙겨먹고 있어요
칡을 생으로 먹는듯 정말 진하고 진득합니다 
개봉하자마자 자연의 칡 향이 확느껴질정도로
일반 즙하고 확연히 다릅니다
맛도 좋아서 밥먹고 나서 잘 들어가네요
제품을 제공받아 솔직하게 작성하였습니다"
108,108,23.03.07.,5,"칡즙: 30포(일반포장)
유통기한아주 넉넉해요포장꼼꼼해요편리편리해요","첫맛은 쌉쌀하고 중간맛은 구수함
끝맛은 달달한 맛이 무척 매력적인 제품이에요.
기존에 맛보았던 칡즙들과는 비교불가입니다.
엄청 진해요."
109,109,23.03.07.,5,"칡즙: 30포(일반포장)
유통기한아주 넉넉해요포장꼼꼼해요편리편리해요","어머니 선물로 준비해봤는데요.
진한 맛이 일품입니다.
쌉싸래 하면서도 구수함과 단맛이 배어
농후함이 느껴지더라구요. ^^
어머니도 무척좋아하셨어요."
110,110,23.03.07.,5,"칡즙: 30포(일반포장)
유통기한아주 넉넉해요포장꼼꼼해요편리편리해요","침전물이 이렇게 있는걸 보니 정말 좋은 칡만을 사용해서 만든 칡즙 이라는게 느껴지더라구요.

정말 정성이 느껴지는 맛이었어요. 지금까지 제가 먹은 칙즙은 거의 물을탄 ...가짜 같은 느낌이 들 정도로 ! 

매일 꾸준히 한두포씩 복용하니 정말 피로회복에 확실한 효과가 있더라구요!

갱년기인 엄마께 드렸더니 피곤함이 확실히 덜하다고 하셨어요 ~

우리산 생칡즙을 추천드려요 !"
111,111,23.03.07.,5,"칡즙: 50포(일반포장)
유통기한아주 넉넉해요포장꼼꼼해요편리편리해요","정성껏 잘 먹고 있습니다.

다음에는 시음음료 더 많이 주세요~~~
감사합니다."
112,112,23.03.06.,5,"칡즙: 50포(일반포장)
유통기한아주 넉넉해요포장꼼꼼해요편리편리해요",진하고 좋습니다. 재구매 의사 있습니다.
113,113,23.03.05.,5,"칡즙: 30포(일반포장)
유통기한아주 넉넉해요포장꼼꼼해요편리편리해요",맛이 정말찐하고 맛있어요
114,114,23.03.05.,5,"칡즙: 30포(일반포장)
유통기한아주 넉넉해요포장꼼꼼해요편리편리해요","이전에 먹던칡즙은 너무써서 먹기힘들었는데
우리산칡즙은 너무달고맛있어요!
칡향도강하고 걸죽한데 달고맛있어서
꼬박꼬박 챙겨먹고있어요!
패키지도고급스러워 시어머니 선물로하나 더주문하려구요!"
115,115,23.03.04.,5,"칡즙: 30포(일반포장)
유통기한아주 넉넉해요포장꼼꼼해요편리편리해요",처음에는 별 생각 없었는데 먹어본 순간부터는 칡즙 정착하고 싶을 정도로 좋은 제품입니다 진하고 맛있어요! 입맛 까다로운 아빠도 넘 만족하셨습니다 또 구매할 것 같아요 :-)
116,116,23.03.04.,5,"칡즙: 30포(일반포장)
유통기한아주 넉넉해요포장꼼꼼해요편리편리해요","자연산 암칡으로 만든 천연 칡즙이어서 진하고 영양감이 느껴져서 좋았어요! 그렇다고 먹기 불편하게 향이 심하진 않고 먹기에 편안하고 단맛도 은은하게 나서 만족합니다 ㅎㅎ 숙취해소에 너무나 좋고, 갱년기이신 저희 엄마도 너무 만족하세요!"
117,117,23.03.01.,5,"칡즙: 30포(일반포장)
유통기한아주 넉넉해요포장꼼꼼해요편리편리해요","되직하니까 더욱 믿음이 가요
팩으로 되어 있어 휴대가 편리하고 음료처럼 해서 마시기 좋아요~
서비스도 꼼꼼히 챙겨주셨어요"
118,118,23.03.01.,5,"칡즙: 30포(일반포장)
유통기한아주 넉넉해요포장꼼꼼해요편리편리해요",칡즙 맛 대박이에요. 그냥 진하기가 ㅋㅋ 선물용으로도 좋을것 같아요. 부모님도 진하고 맛있다고 매일 챙겨드시네요. 다 먹으면 또 구매하려구요. 대박
119,119,23.02.28.,5,"칡즙: 30포(일반포장)
유통기한꽤 남았어요포장꼼꼼해요편리편리해요",갱년기에 좋대서 구매했어요  2포/하루 식후에 복용해요. 쓸 것 같은데 차게 해서 먹으니 달달 쌉싸름하니 먹을 만해요. 여러번 흔들어 앙금까지 먹고 물로 헹궈 먹어요. ㅎㅎ 전 꾸준히 먹으려구요. 또 구매하렵니다.
120,120,23.02.18.,5,"칡즙: 50포(일반포장)
유통기한아주 넉넉해요포장꼼꼼해요편리편리해요",맛이 있기를 기대하지 않았는데 고소하고 맛있습니다. 천식땜에 샀는데 에스트로겐도 많다고 하니 일석이조네요.
121,121,23.02.16.,5,"칡즙: 30포(일반포장)
유통기한아주 넉넉해요포장꼼꼼해요편리편리해요","너무 묽은거 보다 걸죽해서 너무 좋아요!!!!
포장되어있는 파우치도 비닐같이 얇지않아서 고급스럽고, 박스도 선물용으로 너무 좋을 것 같아요!
갱년기 때문에 힘들어하는 엄마드리려고 샀는데, 명절 선물로도 좋을 것 같아요 ㅎㅎ"
122,122,23.02.16.,5,"칡즙: 30포(일반포장)
유통기한아주 넉넉해요포장꼼꼼해요편리편리해요",국내산 암칡 정말 맛있네요~ 숙취해소가 잘 안 돼서 항상 고민이었는데 그런 날에 칡즙 한잔 마시면 숙취해소가 아주 빠르게 됩니다 ♡ 냉장고에 넣어두고 숙취해소가 필요할 때나 여성호르몬 부족한 부모님의 경우 드시면 정말 추천드려요-♥ 쓴 맛과 은은한 맛의 조합이 아주 일품입니다 :)
123,123,23.02.15.,5,"칡즙: 50포(일반포장)
유통기한아주 넉넉해요포장꼼꼼해요편리편리해요",두번째 구매입니다.
124,124,23.02.14.,5,"칡즙: 30포(일반포장)
유통기한꽤 남았어요포장꼼꼼해요편리편리해요","끝맛이 달콤하게 감도네요
냉장고 자리가 없어 많이 못시켜 아쉽네요"
125,125,23.02.14.,5,"칡즙: 50포(일반포장)
유통기한아주 넉넉해요포장꼼꼼해요편리편리해요",두번째 주문입니다~ 남편 숙취해소용으로 구매하는데 너무 좋아합니다 배송이 빠르고 꼼꼼하게 포장되었어요
126,126,23.02.14.,5,"칡즙: 30포(일반포장)
유통기한아주 넉넉해요포장꼼꼼해요편리편리해요","진짜 걸죽하고 맛있는 칡즙~! 온가족이 챙겨먹기에도 좋고 다른 칡즙보다 훨씬 진해서 여기가 진짜 찐맛집~~
다먹으면 또 주문할게요😉"
127,127,23.02.13.,5,"칡즙: 30포(일반포장)
유통기한아주 넉넉해요포장꼼꼼해요편리편리해요","칡즙이라 많이 쓸까 걱정했는데 하나도 안쓰더라구요 ㅎㅎ 걸쭉하고 양도 많은 110ml라 올해 건강은 칡즙으로 버티려고 합니다 ㅎㅎ
우리산 칡즙 포장도 잘 되어있고 그래서 부모님 선물로 드렸더니 엄청 좋아하시고 잘 드십니다 앞으로 계속 구매할게요~~ 감사합니다"
128,128,23.02.12.,5,"칡즙: 30포(일반포장)
유통기한아주 넉넉해요포장꼼꼼해요편리편리해요","야생 암칡 100%라 진하고 색깔부터 남달라요 ㅎㅎ
부모님 건강에 도움이 되길 바라며 주문했는데 부모님께서도 좋아하셔서 뿌듯하네요^^"
129,129,23.02.12.,5,"칡즙: 30포(일반포장)
유통기한아주 넉넉해요포장꼼꼼해요편리편리해요","스치로폼에 튼튼하게 포장이 되어 왔어요.
제품 박스가 선물용으로도 괜찮겠구요.
한 봉에 100ml 라서 용량도 많고 맛있어요."
130,130,23.02.11.,5,"칡즙: 50포(일반포장)
유통기한아주 넉넉해요포장꼼꼼해요편리편리해요","재구매하고  또 먹네요
정말 맛있고 좋습니다"
131,131,23.02.11.,5,"칡즙: 50포(일반포장)
유통기한아주 넉넉해요포장꼼꼼해요편리편리해요",진짜 칡즙같네요..믿고 2번째 구매입니다
132,132,23.02.10.,5,"칡즙: 50포(일반포장)
유통기한꽤 남았어요포장꼼꼼해요편리편리해요",갱년기 증상에 많은 도움을 받고 있습니다. 재주문 하려구요.
133,133,23.02.10.,5,"칡즙: 30포(일반포장)
유통기한아주 넉넉해요포장꼼꼼해요편리편리해요","국내산 야생 암칡 맛집 발견했어요💗

여성호르몬이 부족해지면서 갱년기로 고생 중인
울 마미에게~ 서프라이즈 칡즙 선물 성공적!

시원하게 배송받아서 받자마자 냉장 보관하고
한 포 뜯어서 바로 흡입했어요!

첫 모금에 느껴지는 쓴맛 뒤에 따라오는 은은한
단맛이 매력적이고 찐~ 해서 세상 좋더라고요.

갓 즙을 짜내서 마시는 것 마냥 건강한 맛으로 이전에
먹었던 칡즙은 즙이 아니라 칡차가 아니었나 싶더라고요.

거기다 서비스로 받은 토마토즙도 새콤 달콤한데
토마토 맛이 느껴지면서 너무 맛있더라고요.

여기 완전 즙 맛집 인정해요! 아직 안드셔 보신분들은 꼭 시켜 드세요! 걸쭉 하고 너무 맛있어요!"
134,134,23.02.10.,5,"칡즙: 30포(일반포장)
유통기한아주 넉넉해요포장꼼꼼해요편리편리해요","제가생각해오던 칡즙이아니라 놀랬어요
왜 달콤하니 맛있는거죠?
이게암칡이라그런거라고 엄마가얘기해주시네요
암칡이 이렇게 맛있는지 요거먹고첨알았어요
이제 쓴 칡즙이랑 안녕해야겠네용"
135,135,23.02.10.,5,"칡즙: 30포(일반포장)
유통기한아주 넉넉해요포장꼼꼼해요편리편리해요","부모님 선물 드리려고 먼저 먹어보고 드리는 편이라 저랑 와이프랑 먹어봤는데
정말 이전의 칡즙이랑 다른 암칡이라 그런가 꾸덕하고 찐한게 몸에 정말 찹찹 맞더라구요 !!
특히나 갱년기 초기증상이나 갱년기 때 딱 좋다고해서 바로 드렸는데 정말 대만족 따따봉 주셨네요 ㅎ
잘 먹곘습니다 !"
136,136,23.02.09.,5,"칡즙: 30포(일반포장)
유통기한아주 넉넉해요포장꼼꼼해요편리편리해요",폐경후 출혈에 칡즙이 좋다고해서 어머님 선물로 구매해드렸어요 국내산 야생 암칡즙으로 만들어서 묵직하고 호르몬이 배출되지않는 안전한 파우치로 만들어서 너무 좋더라구요!! 간혹 터져서오는 경우도 as해준다고해서 저는 믿고 구매했습니다 칡즙의 향이 너무좋아요
137,137,23.02.08.,5,"칡즙: 30포(일반포장)
유통기한아주 넉넉해요포장꼼꼼해요편리편리해요",첫구매입니다~ 다른 상품 샘플로 넣어주셔서 감사해요. 그간 여러 칡즙 마셨지만 이것처럼 맛있는 칡즙 처음이에요. 꿀이라도 넣으신줄.. 정말 앎칡은 달라요. 걸쭉하니 진짜 칡즙이네요. 그간 마신 것은 그냥 다 가짜였던 것 같아요. 앞으로 여기서만 구매하렵니다~ 사진은 제가 반정도 마시다가 생각나서 사진 찍은거여요. 걸쭉하고 곱게 갈린 칡 보이실 겁니다!
138,138,23.02.08.,5,"칡즙: 50포(일반포장)
유통기한아주 넉넉해요포장꼼꼼해요편리편리해요",갱년기에좋다고해서꾸준히먹고있어요~
139,139,23.02.07.,5,"칡즙: 50포(일반포장)
유통기한꽤 남았어요포장꼼꼼해요편리편리해요",먹기 부담스럽지 않고 칡즙이 진해서  좋아요.제가 갱년기라 안면홍조가 생겨 불편한데 꾸준히 먹고 증상이 완화되면 좋을듯..
140,140,23.01.15.,5,"칡즙: 30포(일반포장)
유통기한아주 넉넉해요포장꼼꼼해요편리편리해요","계속 먹으니 상체 열이 내려가는듯해요^^
잠도 더 잘오고 완전 만족해요
토마토즙도 강추하니 함께 드셔보세요ㅎㅎ"
141,141,23.01.14.,5,"칡즙: 30포(일반포장)
유통기한아주 넉넉해요포장꼼꼼해요편리편리해요",첨 주문해서 먹었는데 맛도 좋고 빠른배송 감사합니다 다음에 또 주문할께요~^^
142,142,23.01.11.,5,"칡즙: 50포(일반포장)
유통기한아주 넉넉해요포장꼼꼼해요편리편리해요",잘 먹고 있어요. 건강해 지는 느낌....
143,143,23.01.10.,5,"칡즙: 50포(일반포장)
유통기한꽤 남았어요포장꼼꼼해요편리편리해요","2만원 후반 숙성칡즙을 먹다가
고민끝에 리뷰믿고 받자마자 바로 마셔봣는데
어릴때 먹은 오리지널 즙보다 걸죽하긴 하나
쌉사름 달큰 무튼 대만족입니다
역시 가격만큼하네요 강추입니다"
144,144,23.01.10.,5,"칡즙: 30포(일반포장)
유통기한아주 넉넉해요포장꼼꼼해요편리편리해요",여러가지 칡즙 먹어봤지만 우리산 칡즙이 제 입맛에 가장 잘 맞는것 같아요. 진하면서도 뒷끝이 살짝 단맛이 느껴지는게 맛있습니다. 아침에 일어나는 것이 한결 쉽고요. 뭔가 단전에서 힘이 나는 것 같네요 추천합니다
145,145,23.01.10.,5,"칡즙: 50포(일반포장)
유통기한아주 넉넉해요포장꼼꼼해요편리편리해요","시골에서 직접캐서 먹었을때에 암칙그맛이정말 틀림이 없군요 대만족합니다
당뇨혼자인데. 헐당조절에 많은도움되겠어요 강추합니다"
146,146,23.01.09.,5,"칡즙: 30포(일반포장)
유통기한아주 넉넉해요포장꼼꼼해요편리편리해요",맛있고 먹기 편했어요
147,147,23.01.09.,5,"칡즙: 50포(일반포장)
유통기한아주 넉넉해요포장꼼꼼해요편리편리해요","아주진하고좋습니다~~
자주구매하고있어요"
148,148,23.01.09.,5,"칡즙: 30포(일반포장)
유통기한아주 넉넉해요포장꼼꼼해요편리편리해요",쓴맛이 과하지않으며 깔끔해요
149,149,23.01.09.,5,"칡즙: 30포(일반포장)
유통기한아주 넉넉해요포장꼼꼼해요편리편리해요",만족합니다 만족합니다
150,150,23.01.06.,5,"칡즙: 50포(일반포장)
유통기한아주 넉넉해요포장꼼꼼해요편리편리해요",타제품 보다 10m양 더 많고 맛도 좋네요~~~
151,151,23.01.05.,5,"칡즙: 30포(일반포장)
유통기한아주 넉넉해요포장꼼꼼해요편리편리해요",건강관리하기에 좋아요
152,152,23.01.04.,5,"칡즙: 50포
유통기한아주 넉넉해요포장꼼꼼해요편리편리해요",구매할때마다항상만족합니다
153,153,23.01.02.,5,"칡즙: 50포
유통기한아주 넉넉해요포장꼼꼼해요편리그냥그래요","칡즙 직접 내린것 같습니다
완전 진국입니다 
포장지가 가끔 뜯는게 불편함 너무강해서 잘못뜯어짐"
154,154,22.12.31.,5,"칡즙: 50포(일반포장)
유통기한아주 넉넉해요포장꼼꼼해요편리편리해요",지하고 맛좋습니다.
155,155,22.12.29.,5,"칡즙: 30포(일반포장)
유통기한아주 넉넉해요포장꼼꼼해요편리편리해요","연말이라 술자리도 늘고 과식하면서 위며 장이며 피곤해졌는데 부모님 선물도 할 겸 주문해 봤어요 칡즙 처음에는 먹기가 어려웠는데 이제는 퇴근하면 꼭 한잔씩 마시고 있어요! 계속 먹다보니 적응도 되구요~ 
리얼칡즙이라더니 안에 전분알갱이가 제대로 살아있어서 씹는 맛도 나구요! 먹을 때마다 건강해지는 기분도 드는데 엄마 갱년기 잡는데 좋을 거 같아 강추입니다. 사은품도 들어있어 대만족이요 ^^"
156,156,22.12.28.,5,"칡즙: 30포(일반포장)
유통기한아주 넉넉해요포장꼼꼼해요편리편리해요","국내산 암칡을 갈아서 만들었다고 해서 보니 정말 다른 칡즙과는 차별화되게 특별한게 느껴지더라구요~ 집에서 칡을 직접 갈아서 만든 것 같은 리얼칡즙 그대로더라구요!!
다른 첨가물이나 방부제 전혀 들어있지 않아 믿을만하고 맛있게 먹을 수 있었어요 포장도 깔끔해서 다가오는 명절에 선물용으로도 제격인듯해서 부모님선물로 드릴까한답니다^^"
157,157,22.12.28.,5,"칡즙: 50포(일반포장)
유통기한아주 넉넉해요포장꼼꼼해요편리편리해요","많이 쓰지않고 맛있어요. 
꾸준히 복용해보려고 합니다."
158,158,22.12.28.,5,"칡즙: 30포(일반포장)
유통기한아주 넉넉해요포장꼼꼼해요편리편리해요",저렴하게 구매했어요~
159,159,22.12.28.,5,"칡즙: 30포(일반포장)
유통기한아주 넉넉해요포장꼼꼼해요편리편리해요",선물용으로 재구매했어요~
160,160,22.11.27.,5,"칡즙: 30포(일반포장)
유통기한아주 넉넉해요포장꼼꼼해요편리편리해요","진하고 달착지근해서 마시기가 좋아요. 
암칡으로만 즙을 내고 방부제를 사용하지 않았다는 것도 넘 맘에 듭니다. 냉장고에 넣어두고 차게해서 마시니까 넘 괜찮은 것 같아요. 울 신랑도 맛있다면서 달라고 하네요."
161,161,22.11.27.,5,"칡즙: 30포(일반포장)
유통기한아주 넉넉해요포장꼼꼼해요편리편리해요",예전에 할아버지가 살아계실땐 산에서 직접 칡을 캐서 건강에 좋다면서 자주 내주셨던 칡인데 저에겐 돌아가신 할아버지를 떠올리게하는 칡즙입니다. 이제 성인이되어서 숙취와 건강을 위해 칡즙을 찾게 되네요. 진한 풍미와 건강한 맛이 일품인 칡즙이었습니다. 또 찾게 될것 같습니다.
162,162,22.11.26.,5,"칡즙: 30포
유통기한아주 넉넉해요포장꼼꼼해요편리편리해요",맛있어요 오래 팔아주세요
163,163,22.11.25.,5,"칡즙: 30포(일반포장)
유통기한아주 넉넉해요포장꼼꼼해요편리편리해요","침전물이 이렇게 있는걸 보니 정말 좋은 칡만을 사용해서 만든 칡즙 이라는게 느껴지더라구요.

정말 정성이 느껴지는 맛이었어요. 지금까지 제가 먹은 칙즙은 거의 물을탄 ...가짜 같은 느낌이 들 정도로 ! 

매일 꾸준히 한두포씩 복용하니 정말 피로회복에 확실한 효과가 있더라구요!

갱년기인 엄마께 드렸더니 피곤함이 확실히 덜하다고 하셨어요 ~

우리산 생칡즙을 추천드려요 !"
164,164,22.11.24.,5,"칡즙: 30포(일반포장)
유통기한아주 넉넉해요포장꼼꼼해요편리편리해요","갱년기에 좋다고 해서 엄마 드릴려고 구매했어요!!
여성호르몬도 많고 항염 효과도 있다고 하니
든든합니다!!! 엄마가 좋아하세요!!!"
165,165,22.11.24.,5,"칡즙: 50포(일반포장)
유통기한아주 넉넉해요포장꼼꼼해요편리편리해요","어무이가 유일하게 잘드시는 즙이에요
항상 감사합니다"
166,166,22.11.24.,5,"칡즙: 30포
유통기한아주 넉넉해요포장꼼꼼해요편리편리해요","다 먹었는데요 또 재구매 할까
싶어요 먹기에 거부감도없고
먹을만해요"
167,167,22.11.24.,5,"칡즙: 30포(일반포장)
유통기한아주 넉넉해요포장꼼꼼해요편리편리해요",칡이 건강에 도움이 된다는 건 잘 알려져 있고 강원도칡즙 우리산 칡즙은 국내산 100% 암칡이니 환절기에 더 좋은 칡즙이에요.
168,168,22.11.24.,5,"칡즙: 30포(일반포장)
유통기한아주 넉넉해요포장꼼꼼해요편리편리해요",등산 갈 때 직한잔씩 사먹었는데 몸에 잘 맞는 것 같아 인터넷으로 주문했어요~ 칡즙에 여성 갱년기 의 좋은 에스트로겐이 석류액기스보다 더 많이 들어있는 줄 몰랐네요~!!시켜먹길 잘한 것 같아요 국내산 암칡으로 만들어서 엄청 진하고 맛있어서 주변사란들에게도 많이 추천중이에요
169,169,22.11.24.,5,"칡즙: 30포
유통기한꽤 남았어요포장적당해요편리그냥그래요",배송빠르고 좋아요 감사합니다
170,170,22.11.23.,5,"칡즙: 30포(일반포장)
유통기한아주 넉넉해요포장꼼꼼해요편리편리해요",갱년기와 당뇨에 좋다고 추천받아서 부모님께 보내드렸어요. 첫맛은 씁슬한데 끝맛이 달달하니 건강한맛(?) 이라 아주 좋으시데요. 저도 함께 마셔봤는데 다른 제품들과 달리 더 진하고 부드러운 느낌이었네요. 다 먹고 재구매 100%입니다.
171,171,22.11.22.,5,"칡즙: 30포(일반포장)
유통기한꽤 남았어요포장꼼꼼해요편리편리해요",와 진짜 진하고 진하네영 ㅋㅋ 암칡 전분이 가라앉아서 마지막까지 마실 때 뭔가 씹히는 것도 은근히 매력이에요.
172,172,22.11.21.,5,"칡즙: 50포
유통기한꽤 남았어요포장꼼꼼해요편리편리해요",먹기 편해 좋구요. 아주 진합니다. 만족하며 먹고 있어요
173,173,22.11.18.,5,"칡즙: 50포(일반포장)
유통기한아주 넉넉해요포장꼼꼼해요편리편리해요","쓸줄 알았는데 달짝지근 하면서 목넘김이 넘조아요~탈모로 인해 칡즙이 좋다고 했는데
효과도 있음 좋겠어요~~"
174,174,22.11.18.,5,"칡즙: 50포
유통기한아주 넉넉해요포장꼼꼼해요편리편리해요","맛이진하고조아요
재구매합니다~~"
175,175,22.11.17.,5,"칡즙: 50포(일반포장)
유통기한아주 넉넉해요포장꼼꼼해요편리편리해요",칡 냄새가 좋습니다 처음 먹어 보는 건데 먹을만 합니다 또 주문할게요
176,176,22.11.16.,5,"칡즙: 30포
유통기한꽤 남았어요포장꼼꼼해요편리편리해요","칡즙이 진하고 맛있어요 건강해지겠네요 ^^
갱년기에 좋다기에 술 많이 마시는 남편하고 나눠마시려고 3+1구매 했더니 엄청 빨리 배송되고 또 토마토즙이랑 배도라지 서비스로 넣어주셔서 감사합니다 
잘먹고 또 주문하러 올게요"
177,177,22.11.12.,5,"칡즙: 30포
유통기한아주 넉넉해요포장꼼꼼해요편리편리해요","정말 진하고 너무 맛있습니다.
앞으로 계속 주문예정입니다~"
178,178,22.11.08.,5,"칡즙: 30포
유통기한아주 넉넉해요포장꼼꼼해요편리편리해요",진짜 찐하고 어릴때  산에서 직접캐서  찢어  먹어봤던  그맛이나서  넘좋았읍니다~
179,179,22.11.08.,5,"칡즙: 50포
유통기한아주 넉넉해요포장꼼꼼해요편리편리해요","리얼칡즙 100프로 네요 다른데는 물타는것도 많다고 하는데 여기는 진하고 전분도 마니있고 달달하고 좋으네요 갱년기전 이기는하나
예방차원에서 칡즙이 좋다하여 여러제품먹어봤지만 하정칡즙 좋으네요 만족도100프로가 아니라 1000000주고 싶어요
정직한회사 최고로회사로 남기를 진심으로 바래봅니다 
모든분들이 드시고 건강해지기를 바래봅니다

같이주신 도라지배즙 토마토즙 최고네요
우리신랑이 최고라며 주문하라네요 
토마토즙 조만간 구매하러 다시 올게요
감사드립니다~~~^^♡"
180,180,22.05.31.,5,"칡즙: 50포
유통기한아주 넉넉해요포장꼼꼼해요편리편리해요",유통기간 길고 아이스박스에 잘 포장되어 왔습니다
181,181,22.05.30.,5,"칡즙: 30포
유통기한아주 넉넉해요포장꼼꼼해요편리편리해요",칡즙 괜찮은 제품을 찾다가 직접 먹어본 지인에게 추천받아 구입했습니다. 전에 먹어봤던 칡즙과는 다르게 마시기에 거부감없이 맛도 있고 또 진해서 진짜 칡즙을 먹는다는 믿음이 가더라구요. 배송도 빠르고 아이스박스에 꼼꼼히 포장해서 시음방법 안내문까지 있어서 제조부터 포장 배송까지 신경써서 보내신 것이 한눈에도 딱 알 수 있겠더라구요. 하루에 한포씩 열심히 챙겨먹고 또 주문하려고 합니다. 처음이라 30포 주문해봤는데 다음엔 50포 주문해야겠어요. 같이 보내주신 토마토즙도 먹어봤는데 진짜 맛있어요.
182,182,22.05.27.,5,"칡즙: 50포
유통기한아주 넉넉해요포장꼼꼼해요편리편리해요",엄청 진해요 장단점이 있지만 그래도 착즙이라 감안
183,183,22.05.24.,5,"칡즙: 30포
유통기한꽤 남았어요포장꼼꼼해요편리편리해요",여기 칡즙은 맛있습니다~ 다른 곳에서 판매하는건 독약같이 쓰지만 여기는 맛있어요^^
184,184,22.05.22.,5,"칡즙: 50포
유통기한아주 넉넉해요포장적당해요편리편리해요",좋아요 늘시켜먹고있습니다. 주위분들에게 한포씩 드리며 소개도 많이했어요^^
185,185,22.05.22.,5,"칡즙: 30포
유통기한꽤 남았어요포장적당해요편리편리해요",맛있어요 떨어지지않고 늘시켜먹어요
186,186,22.05.22.,5,"칡즙: 50포
유통기한아주 넉넉해요포장적당해요편리편리해요",맛있어요 숙취에도 좋은것같습니다.  즐겨먹고있어요
187,187,22.04.29.,5,"칡즙: 50포
유통기한아주 넉넉해요포장꼼꼼해요편리편리해요",굿!!!조아요    먹을때마다진하네요~~
188,188,22.04.28.,5,"칡즙: 50포
유통기한아주 넉넉해요포장적당해요편리편리해요",잘먹고 있어요.~~^^
189,189,22.04.22.,5,"칡즙: 30포
유통기한아주 넉넉해요포장꼼꼼해요편리편리해요",선물로 보내드렸는데 진하고 맛있으시다네요.
190,190,22.04.15.,5,"칡즙: 30포
유통기한아주 넉넉해요포장꼼꼼해요편리편리해요",선물로 보냈는데 좋다고 맘에들어하세요
191,191,22.04.15.,5,"칡즙: 30포
유통기한아주 넉넉해요포장꼼꼼해요편리편리해요",맛이 진해서 넘 맘에들어요
192,192,22.04.07.,5,"칡즙: 50포
유통기한아주 넉넉해요포장꼼꼼해요편리그냥그래요",벌써 몇박스째 사는지 모르겠네요. 지인추천 많이 하고있어요. 양가 부모님들께도 보내드렸습니다. 넘 좋아하세요. ^^😀
193,193,22.04.07.,5,"칡즙: 50포
유통기한아주 넉넉해요포장적당해요편리그냥그래요",벌써 몇박스째 사는지 모르겠네요. 지인추천 많이 하고있어요. 양가 부모님들께도 보내드렸습니다. 넘 좋아하세요. ^^😀
194,194,22.04.07.,5,"칡즙: 50포
유통기한꽤 남았어요포장적당해요편리그냥그래요",벌써 몇박스째 사는지 모르겠네요. 지인추천 많이 하고있어요. 양가 부모님들께도 보내드렸습니다. 넘 좋아하세요. ^^😀
195,195,22.04.07.,5,"칡즙: 30포
유통기한꽤 남았어요포장꼼꼼해요편리그냥그래요",벌써 몇박스째 사는지 모르겠네요. 지인추천 많이 하고있어요. 양가 부모님들께도 보내드렸습니다. 넘 좋아하세요. ^^😀
196,196,22.04.07.,5,"칡즙: 50포
유통기한아주 넉넉해요포장꼼꼼해요편리편리해요","칡즙이 맛이좋네요
포장도 꼼꼼하고 배송도 빨라요"
197,197,22.04.01.,5,"칡즙: 50포
유통기한아주 넉넉해요포장꼼꼼해요편리편리해요","달달하니 예상한 그맛입니다
또 재구매 하겠습니다"
198,198,22.03.27.,5,"칡즙: 30포
유통기한아주 넉넉해요포장꼼꼼해요편리그냥그래요","생가보다 쓰지않고 먹을만해요.

몸에좋다고해서 먹어보려고요. 
건강한맛입니다."
199,199,22.03.23.,5,"칡즙: 50포
유통기한아주 넉넉해요포장꼼꼼해요편리편리해요",우리산칡즙이 제일 맛있어요.~~^^^
0,0,22.07.20.,3,"토마토즙: (일반)50포
유통기한꽤 남았어요포장꼼꼼해요편리편리해요",엄마 사드렸는데 맛이 괜찬다하시네요
1,1,22.05.11.,3,"토마토즙: (일반)50포
유통기한아주 넉넉해요포장꼼꼼해요편리편리해요",아침식사대용으로 먹어요
2,2,21.06.19.,3,"토마토즙: 50포
유통기한꽤 남았어요포장꼼꼼해요편리편리해요","벌써 3번정도 시켜먹고있어요
맛도 좋고해서  믿고 구매하는데
이번건 조금 맛이 틀리네요
덜 걸죽한 느낌ㅠ
그래도 믿고 먹고 있어요"
3,3,20.12.30.,3,"토마토즙: 50포
유통기한꽤 남았어요포장적당해요편리그냥그래요",앞으로는 유통기한에 신경써주세요
4,4,23.03.12.,4,"토마토즙: (일반_종이보냉)50포
유통기한꽤 남았어요포장적당해요편리편리해요",아침에 두포씩 먹습니다.
5,5,22.12.26.,4,"토마토즙: (일반_종이보냉)50포
유통기한꽤 남았어요포장꼼꼼해요편리편리해요",좋아요 재구매하고 있습니다
6,6,22.03.03.,4,"토마토즙: (일반)50포
유통기한꽤 남았어요포장꼼꼼해요편리편리해요",아침식사 대신 마시고 있어요
7,7,22.02.25.,4,"토마토즙: (일반)30포
유통기한꽤 남았어요포장적당해요편리편리해요",아이가 너무 잘먹어요
8,8,22.01.08.,4,"토마토즙: (일반)30포
유통기한꽤 남았어요포장적당해요편리편리해요","아이가 넘 잘먹네요
다음엔 대용량으로 사야겠어요"
9,9,21.11.11.,4,"토마토즙: (친환경벌크)120포
유통기한아주 넉넉해요포장적당해요편리편리해요",토마토즙의농도와당도가적당합니다.배송도빠르구요.
10,10,21.05.16.,4,"토마토즙: 50포
유통기한아주 넉넉해요포장꼼꼼해요편리편리해요",맛이 진하고 아주좋아요
11,11,21.01.22.,4,"토마토즙: 50포
유통기한꽤 남았어요포장꼼꼼해요편리편리해요",포장도  꼼꼼하게  해주시고  맛도 진해서 만족합니다~
12,12,21.01.15.,4,"토마토즙: 50포
유통기한꽤 남았어요포장꼼꼼해요편리편리해요","재구매  했습니다~~~
맛있어요~~~^^"
13,13,21.01.12.,4,"토마토즙: 50포
유통기한아주 넉넉해요포장꼼꼼해요편리편리해요",상품 진하고 맛있네요~/
14,14,21.01.11.,4,"토마토즙: 50포
유통기한아주 넉넉해요포장꼼꼼해요편리편리해요","만족하여 계속 재구매하는 상품인데, 이번에는 아파트호수가 잘못기재되어 찾느라고 고생했어요.꼼꼼한 확인이 필요할것같네요."
15,15,21.01.11.,4,"토마토즙: 50포
유통기한꽤 남았어요포장꼼꼼해요편리편리해요","오늘 받았어요~~
조으네 요~~~^"
16,16,20.12.31.,4,"토마토즙: 50포
유통기한꽤 남았어요포장적당해요편리그냥그래요",배송 빠르고 먹기 좋아요
17,17,20.11.09.,4,"토마토즙: 50포
유통기한꽤 남았어요포장꼼꼼해요편리편리해요",맛잇어요~ 곧 또 주문할게요 ㅎㅎ
18,18,20.09.23.,4,"토마토즙: 50포
유통기한꽤 남았어요포장꼼꼼해요편리편리해요",다른집에서 먹어보고 맛있어서 두번째 주문이예요 5살 아이도 잘먹네요ㅎㅎ
19,19,23.04.19.,5,"토마토즙: (일반_종이보냉)50포
유통기한아주 넉넉해요포장꼼꼼해요편리편리해요",아침에 꼭! 먹는 즙
20,20,23.04.14.,5,"토마토즙: (일반_종이보냉)50포
유통기한아주 넉넉해요포장꼼꼼해요편리편리해요",아침마다잘먹고있어요
21,21,23.04.10.,5,"토마토즙: (일반_종이보냉)50포
유통기한아주 넉넉해요포장꼼꼼해요편리편리해요","진하고 맛있습니다.
다음에 또 구매하겠습니다"
22,22,23.04.09.,5,"토마토즙: (일반_종이보냉)50포
유통기한아주 넉넉해요포장꼼꼼해요편리편리해요","역시나 믿고먹는 건강쥬스 
하정식품께 제일맛나요.
아이들 음료수대대신 건강토마토 쥬스
강추합니다.
다른집토마토즙에서 실패하지말고 여기에서 꼭사세요♡"
23,23,23.04.07.,5,"토마토즙: (일반_종이보냉)50포
유통기한아주 넉넉해요포장꼼꼼해요편리편리해요",역시나 떨어지면 안되는 토마토즙... 🍅
24,24,23.04.05.,5,"토마토즙: (일반_종이보냉)50포
유통기한아주 넉넉해요포장꼼꼼해요편리편리해요",다먹고 없어서 재구매 달려가고있어요ㅠㅠ
25,25,23.03.31.,5,"토마토즙: (일반_종이보냉)50포
유통기한아주 넉넉해요포장꼼꼼해요편리편리해요",자주 시켜먹어요 맛있어요
26,26,23.03.31.,5,"토마토즙: (일반_종이보냉)50포
유통기한아주 넉넉해요포장꼼꼼해요편리편리해요",주기적으로 시켜먹어요 맛있어요
27,27,23.03.31.,5,"토마토즙: (일반_종이보냉)50포
유통기한아주 넉넉해요포장꼼꼼해요편리편리해요",매달 잘 먹고 있습니다~
28,28,23.03.31.,5,"토마토즙: (일반_종이보냉)50포
유통기한아주 넉넉해요포장꼼꼼해요편리편리해요",매달 시켜먹고 있어요~
29,29,23.03.30.,5,"토마토즙: (일반_종이보냉)50포
유통기한아주 넉넉해요포장꼼꼼해요편리그냥그래요","매일 같이 하나씩 챙겨 먹고 있어요 차게 먹으면 더 맛있구요 토마토 생 그대로 즙이라 맛부터가 다른 토마토쥬스나  즙이랑 다르다는게 먹어보면 알수 있습니다
재주문 할날이 곧 다시 다가오는군요"
30,30,23.03.30.,5,"토마토즙: (일반_종이보냉)50포
유통기한아주 넉넉해요포장꼼꼼해요편리편리해요",빠른 배송 감사해요! 진하고 맛있어요!
31,31,23.03.28.,5,"토마토즙: (일반_종이보냉)50포
유통기한아주 넉넉해요포장꼼꼼해요편리편리해요",아직먹어보진않았지만 평이좋아구매했어요
32,32,23.03.28.,5,"토마토즙: (일반_종이보냉)50포
유통기한아주 넉넉해요포장적당해요편리편리해요",꾸준히 재주문하고있어요
33,33,23.03.19.,5,"토마토즙: (일반_종이보냉)50포
유통기한꽤 남았어요포장꼼꼼해요편리편리해요",선물 받아 먹고 리얼토마토맛으로 온라인 주문했어요. 맛있어요.
34,34,23.03.18.,5,"토마토즙: (일반_종이보냉)50포
유통기한아주 넉넉해요포장꼼꼼해요편리편리해요","토마토즙이 너무 맛있어요😋😋
보냉박스포장에 터진거하나없이 깔끔하게 도착했어요~ 파우치포장도 넘 맘에 들어요^^"
35,35,23.03.17.,5,"토마토즙: (일반_종이보냉)50포
유통기한아주 넉넉해요포장꼼꼼해요편리편리해요",매일 아침은 토마토즙으로 시작하세요!!
36,36,23.03.13.,5,"토마토즙: (일반_종이보냉)50포
유통기한아주 넉넉해요포장꼼꼼해요편리편리해요","토마토 갈아먹기 귀찮은데 진한맛 간편하고 
쥬스 마시고 싶을때도 맛있게 먹고 있어요~"
37,37,23.03.12.,5,"토마토즙: (일반_종이보냉)50포
유통기한아주 넉넉해요포장꼼꼼해요편리편리해요",재주문.. !!  너무 잘먹어요 애들이 ㅠ
38,38,23.03.12.,5,"토마토즙: (일반_종이보냉)30포
유통기한아주 넉넉해요포장꼼꼼해요편리편리해요",진짜 없으면 안되요.ㅠ 벌써 다먹고 또 재주문 하러 갑니다!!
39,39,23.03.09.,5,"토마토즙: (일반_종이보냉)50포
유통기한아주 넉넉해요포장꼼꼼해요편리편리해요","매일유업 토마토먹다가 갈아탔어요
맛은 적당히 달고 적당히 새콤하니  20개월 아기도 남편도 잘 먹어요
금방 먹을것같네요~또 주문할께요"
40,40,23.03.07.,5,"토마토즙: (일반_종이보냉)50포
유통기한아주 넉넉해요포장꼼꼼해요편리편리해요",맛있어요. 몸에도 좋고 시원하게 마시니 좋아요
41,41,23.03.07.,5,"토마토즙: (일반_종이보냉)50포
유통기한아주 넉넉해요포장꼼꼼해요편리편리해요",매번 구매해서 먹습니다
42,42,23.03.03.,5,"토마토즙: (일반_종이보냉)50포
유통기한아주 넉넉해요포장꼼꼼해요편리편리해요",아침대용으로 넘좋아요
43,43,23.03.02.,5,"토마토즙: (일반_종이보냉)50포
유통기한아주 넉넉해요포장꼼꼼해요편리편리해요",꾸준하게 시켜먹는데 진짜 좋아요
44,44,23.02.28.,5,"토마토즙: (일반_종이보냉)50포
유통기한아주 넉넉해요포장꼼꼼해요편리편리해요","재구매 했는대 역시나 너무 맛있는토마토즙.. 
토마토즙 못 잃어... 🍅  ㅠㅠㅠ"
45,45,23.02.26.,5,"토마토즙: (일반_종이보냉)50포
유통기한아주 넉넉해요포장꼼꼼해요편리그냥그래요","저번에 주문해서 먹고 만족해서 또다시 시켜서 먹어요
생 토마토 즙 그대로라서  좋아요"
46,46,23.02.25.,5,"토마토즙: (일반_종이보냉)50포
유통기한아주 넉넉해요포장꼼꼼해요편리편리해요",늘 한결같이 먹기 좋고 맛있어요
47,47,23.02.25.,5,"토마토즙: (일반_종이보냉)50포
유통기한아주 넉넉해요포장꼼꼼해요편리편리해요",자주 시켜먹어요~ 굳
48,48,23.02.24.,5,"토마토즙: (일반_종이보냉)50포
유통기한아주 넉넉해요포장꼼꼼해요편리편리해요",자주 시켜먹습니다~
49,49,23.02.23.,5,"토마토즙: (일반_종이보냉)50포
유통기한아주 넉넉해요포장꼼꼼해요편리편리해요","평소 과일 야채 잘 챙겨 먹지 않는데 최고의 야채 토마토를 한포로 간단히 먹을 수 있어 좋아요
맛도 진하고 은은한 단맛의 풍미까지 질리지 않아요 ㅎㅎ"
50,50,23.02.20.,5,"토마토즙: (일반_종이보냉)50포
유통기한아주 넉넉해요포장꼼꼼해요편리편리해요",자주 시캬먹어요 좋아요
51,51,23.02.19.,5,"토마토즙: (일반_종이보냉)30포
유통기한아주 넉넉해요포장꼼꼼해요편리편리해요",오늘 마지막으로 다 먹고 없네요 ㅠ 재주문 하러 갑니다!!
52,52,23.02.18.,5,"토마토즙: (일반_종이보냉)50포
유통기한아주 넉넉해요포장꼼꼼해요편리편리해요",찐한토마토 양도 맛도 좋고 여전히 잘먹고 있어요
53,53,23.02.18.,5,"토마토즙: (일반_종이보냉)50포
유통기한아주 넉넉해요포장꼼꼼해요편리편리해요","항상애용하고 있는토마토즙입니다
하루한봉먹고 요리에도 사용하고 있어요"
54,54,23.02.13.,5,"토마토즙: (일반_종이보냉)50포
유통기한아주 넉넉해요포장꼼꼼해요편리편리해요","습관처럼 먹고 있는데, 맛도 좋고 섭취하기에 불편함이 없습니다."
55,55,23.02.11.,5,"토마토즙: (일반_종이보냉)50포
유통기한아주 넉넉해요포장꼼꼼해요편리편리해요","재재재구매  해서 먹었어요
참좋습니다"
56,56,23.02.10.,5,"토마토즙: (일반_종이보냉)50포
유통기한아주 넉넉해요포장꼼꼼해요편리편리해요","맛있어요
여름에 벌크사서 금방 먹고
또 생각나서 재주문했어요"
57,57,23.02.07.,5,"토마토즙: (일반_종이보냉)50포
유통기한아주 넉넉해요포장꼼꼼해요편리편리해요","집에서 간 토마토 쥬스 맛이에요~
매일 아침마다 먹습니다~"
58,58,23.02.07.,5,"토마토즙: (일반_종이보냉)50포
유통기한꽤 남았어요포장적당해요편리편리해요",빠른배송감사합니다^^
59,59,23.02.07.,5,"토마토즙: (일반_종이보냉)50포
유통기한아주 넉넉해요포장꼼꼼해요편리편리해요",배송 잘 받았습니다. 처가집에 있길래 먹어보고 꾸준히 먹으려고 주문한건데 서비스로 칡즙이랑 도라지즙도 주셨네요 감사합니다. 잘 먹을게요 ^^
60,60,23.02.05.,5,"토마토즙: (일반_종이보냉)50포
유통기한아주 넉넉해요포장꼼꼼해요편리편리해요",신선하고맛도좋아요 만족합니다
61,61,23.02.04.,5,"토마토즙: (일반_종이보냉)50포
유통기한아주 넉넉해요포장꼼꼼해요편리편리해요",찐토마토의 맛 !! 🍅 오래오래 팔아주세요 ㅠ
62,62,23.02.04.,5,"토마토즙: (일반_종이보냉)30포
유통기한아주 넉넉해요포장꼼꼼해요편리편리해요",너무 맛있어요 ㅠㅜ 가족들모두 칭창가득입다
63,63,23.02.02.,5,"토마토즙: (일반_종이보냉)50포
유통기한아주 넉넉해요포장꼼꼼해요편리편리해요","여전히 잘 먹고 있어요
양도 많고 믿고 먹기 좋아요
감사합니다🧡"
64,64,23.02.01.,5,"토마토즙: (일반_종이보냉)50포
유통기한아주 넉넉해요포장꼼꼼해요편리편리해요",2번째 구입 너무 맛있어요 ^^
65,65,23.01.31.,5,"토마토즙: (일반_종이보냉)50포
유통기한아주 넉넉해요포장꼼꼼해요편리편리해요",아이가 아주아주 좋아해요! 마셔보면 시중 토마토주스같지 않고 토마토 갈아 먹는것 같아서 맛있어요! 다른 주스보다 당 성분도 낮아서 좋아요!! 혹시 브랜드 바뀌면 안먹을까봐 토마토즙은 I’m 토마토만 먹여요 ㅎㅎ
66,66,23.01.27.,5,"토마토즙: (일반_종이보냉)50포
유통기한아주 넉넉해요포장꼼꼼해요편리편리해요",항상 자주 시켜먹습니다
67,67,23.01.27.,5,"토마토즙: (일반_종이보냉)30포
유통기한아주 넉넉해요포장꼼꼼해요편리편리해요",선물로 드렸는대 너무 좋아하셨어요!!
68,68,23.01.22.,5,"토마토즙: (일반_종이보냉)50포
유통기한아주 넉넉해요포장꼼꼼해요편리편리해요",우리 애들이 잘먹어요
69,69,23.01.19.,5,"토마토즙: (일반_종이보냉)50포
유통기한아주 넉넉해요포장꼼꼼해요편리그냥그래요","패키지가 입맛 돋게 생겼죠 . 예쁘고 ^^
토마토는 뭐 어디든 좋겠지만 남자들 전립선에 좋다길래 갱년기 올듯한 신랑위해 주문해줬어요. 지난번 한상자 주문했는데 언제 후루룩 다 먹었더라구요. 또 먹는다고 해서 재주문 합니다. 맛과 색 진하구요. 토마토 잘못 사면 약간 거북한 맛이 나는 것들도 있는데 이건 먹기 좋았어요~~~다 먹으면 또 주문 하러 올께요."
70,70,23.01.19.,5,"토마토즙: (실크보자기)50포
유통기한아주 넉넉해요포장꼼꼼해요편리편리해요","보자기 포장이 너무 이쁘게 되있습니다
맛도 좋고 진해서 애들이 잘 먹어요"
71,71,23.01.19.,5,"토마토즙: (실크보자기)50포
유통기한아주 넉넉해요포장꼼꼼해요편리편리해요","너무 이쁘게 포장해주셔서 감사합니다
애들이 너무 잘먹어서 자주시킵니다
매번 감사합니다"
72,72,23.01.15.,5,"토마토즙: (일반_종이보냉)50포
유통기한아주 넉넉해요포장꼼꼼해요편리편리해요",진하고 맛도 좋아 둘이 열심히 먹고 지인들 만나러 갈때도 하나씩주며 홍보하고 있어요ㅎㅎ
73,73,23.01.12.,5,"토마토즙: (일반_종이보냉)50포
유통기한아주 넉넉해요포장꼼꼼해요편리편리해요",넘 맛있어요~~^^
74,74,23.01.12.,5,"토마토즙: (일반_종이보냉)50포
유통기한꽤 남았어요포장적당해요편리편리해요","시어머님 암수술하셔서 좋다고 해서 사봤어요 맛있다고 하시네욧
다 드시면 또 구매해야겠어요"
75,75,23.01.12.,5,"토마토즙: (일반_종이보냉)50포
유통기한아주 넉넉해요포장꼼꼼해요편리편리해요","남편하고 매일 맛있게 먹고 있어요
재주문하러 들어왔다가 한달 리뷰 남겨요^ ^"
76,76,23.01.11.,5,"토마토즙: (일반_종이보냉)50포
유통기한아주 넉넉해요포장꼼꼼해요편리편리해요","진하고 맛있네요ㅎㅎ
다 먹고 또 주문할게요"
77,77,23.01.10.,5,"토마토즙: (일반_종이보냉)50포
유통기한아주 넉넉해요포장꼼꼼해요편리편리해요",지난번에 이어서 재구매했어여
78,78,23.01.10.,5,"토마토즙: (일반_종이보냉)50포
유통기한아주 넉넉해요포장꼼꼼해요편리편리해요",토마토 매일 먹어야해서 시켰는데 좋아서 재구매했어영
79,79,23.01.09.,5,"토마토즙: (일반_종이보냉)50포
유통기한아주 넉넉해요포장꼼꼼해요편리편리해요","먹기 편리하고  맛도 좋습니다
계속먹을예정입니다"
80,80,23.01.06.,5,"토마토즙: (일반_종이보냉)50포
유통기한아주 넉넉해요포장꼼꼼해요편리편리해요","계속 구매해서 먹고있어요
한결같이 맛있습니다"
81,81,23.01.05.,5,"토마토즙: (일반_종이보냉)50포
유통기한아주 넉넉해요포장꼼꼼해요편리편리해요",깔끔한 맛 자주시켜먹습니다
82,82,23.01.04.,5,"토마토즙: (일반_종이보냉)50포
유통기한아주 넉넉해요포장꼼꼼해요편리편리해요","재주문해서먹네요
맛도진하고 맛있어요 가지고다니면서 먹고있네요
계속주문해서먹을꺼같아요  냉장고야채실에 꽉차있으니기분이좋네요"
83,83,23.01.04.,5,"토마토즙: (일반_종이보냉)50포
유통기한아주 넉넉해요포장꼼꼼해요편리편리해요",신선하고 맛이 좋아서 재구매해요~
84,84,23.01.04.,5,"토마토즙: (일반_종이보냉)50포
유통기한아주 넉넉해요포장꼼꼼해요편리편리해요",맛도 좋고 신선해요
85,85,23.01.02.,5,"토마토즙: (일반_종이보냉)50포
유통기한아주 넉넉해요포장꼼꼼해요편리편리해요","몇번째 구매인지 모르겠네요
변하지않고 지금처럼 판매 하면좋겠 습니다"
86,86,23.01.02.,5,"토마토즙: (일반_종이보냉)50포
유통기한아주 넉넉해요포장꼼꼼해요편리편리해요","제꺼 칡즙 사서 마시고 신랑꺼 추가구매인데
꼼꼼하게 잘보내주셨어요"
87,87,22.12.30.,5,"토마토즙: (일반_종이보냉)50포
유통기한아주 넉넉해요포장꼼꼼해요편리편리해요",순수하게 토마토만 갈아서 만들어서 인공이 아니라 토마토 본연의 맛이라 좋아요!
88,88,22.12.29.,5,"토마토즙: (일반_종이보냉)50포
유통기한아주 넉넉해요포장꼼꼼해요편리편리해요",맛 식감 등이 다른 곳 보다 더 좋은것 같아요
89,89,22.12.27.,5,"토마토즙: (일반_종이보냉)50포
유통기한아주 넉넉해요포장꼼꼼해요편리편리해요",맛있어서 재구매했어요
90,90,22.12.24.,5,"토마토즙: (일반_종이보냉)50포
유통기한아주 넉넉해요포장꼼꼼해요편리편리해요",맛이 아주 좋습니다.
91,91,22.12.24.,5,"토마토즙: (일반_종이보냉)50포
유통기한아주 넉넉해요포장꼼꼼해요편리편리해요","맛이나 식감 같은게
제일 좋아서 또 시켰어요!"
92,92,22.12.20.,5,"토마토즙: (일반_종이보냉)50포
유통기한꽤 남았어요포장적당해요편리편리해요","맛있습니다. 
신선하구요.
그런데 유통기한이 어떻게 이렇게 긴지 궁금해요"
93,93,22.12.20.,5,"토마토즙: (일반_종이보냉)50포
유통기한아주 넉넉해요포장꼼꼼해요편리편리해요","토마토즙먹고싶어서 찾아보다가  후기가좋와서구매했네요 오자마지한봉멍거보니 맛나네요
다먹고 또구매하러갈께요 포장상태 좋와요"
94,94,22.12.20.,5,"토마토즙: (일반_종이보냉)50포
유통기한아주 넉넉해요포장꼼꼼해요편리편리해요",항상 잘 먹고 있어요 다 먹으면 재구매할께용
95,95,22.12.17.,5,"토마토즙: (일반_종이보냉)50포
유통기한아주 넉넉해요포장꼼꼼해요편리편리해요","토마토즙은 처음인데 정말 찐~~~해요ㅎ
새콤하고 100%토마토라 와 맛있다는 아니지만 건강생각해서 챙겨먹는데 거부감 있는 맛은 아니라 좋아요^^♡
다먹고 또 주문할께요~배송도 엄청빨랐고
서비스 칡즙과 배도라지즙도 감사합니다^^"
96,96,22.12.16.,5,"토마토즙: (일반_종이보냉)50포
유통기한아주 넉넉해요포장꼼꼼해요편리그냥그래요","배송 빠르게 왔구요,생 토마토 그대로 갈아 100% 맛이 느껴져요 안달고 안짜고 좋긴한데 먹을때 물같이 안나와서 즙이 말끔히 다먹기 힘든듯여"
97,97,22.12.14.,5,"토마토즙: (일반_종이보냉)50포
유통기한꽤 남았어요포장적당해요편리편리해요","서비스 주신 것 먹고 제품 시켰습니다~
시중 토마토보다 맛이 진하고 좋습니다. 강추합니다. 부모님 선물로도 좋아 어머니위해서도 구입했어요~♡"
98,98,22.12.13.,5,"토마토즙: (일반_종이보냉)50포
유통기한아주 넉넉해요포장꼼꼼해요편리편리해요",아주좋아요 아주좋아요
99,99,22.12.12.,5,"토마토즙: (일반_종이보냉)50포
유통기한아주 넉넉해요포장꼼꼼해요편리편리해요","칡즙에 맛보기 보내주신 토마토 먹어보고 
신랑이 바로 주문 넣으라네요 ㅎㅎ
토마토즙 맛도 좋고 건강함이 느껴지네요
견과류 한주먹 먹고 마시고 있습니다
다 먹고 다시 찾아올게요
칡즙도 정말 최고에요♥"
100,100,22.12.09.,5,"토마토즙: (일반_종이보냉)50포
유통기한아주 넉넉해요포장꼼꼼해요편리편리해요","맛도 품질도 포장도
완전 제 스타일입니다 반했네요👍
서비스로 즙 더 챙겨주시고
꼼꼼함으로 정성껏 만들어주심에 감사합니다
남자한테 토마토가 좋다해서
챙겨 먹을려고 했는데 여기가 찐이네요 감사합니다
다 먹으면 재구매하러 올게요🧡"
101,101,22.12.09.,5,"토마토즙: (일반_종이보냉)50포
유통기한아주 넉넉해요포장꼼꼼해요편리편리해요",먹어봄 토마토즙 중에 가장 맛있는것 같아요 선물로 받았었는데 맛있어서 더 구매합니다
102,102,22.12.07.,5,"토마토즙: (일반_종이보냉)30포
유통기한아주 넉넉해요포장꼼꼼해요편리편리해요",배송 받자마자 한 포 했습니다! 토마토 자체 맛으로 넘 맛있었어요! 적당한 단맛에 진한 토마토 향까지 정말 좋습니다. 올리브오일 한스푼 더해서 먹으니 넘 좋더라구요. 이렇게 정성스럽게 제품 만들어 주셔서 감사해요! 앞으로도 여기서만 주문하려고 합니다.
103,103,22.12.06.,5,"토마토즙: (일반_종이보냉)50포
유통기한아주 넉넉해요포장꼼꼼해요편리편리해요",깔끔한맛 항상 여기서 시킵니다
104,104,22.12.06.,5,"토마토즙: (일반_종이보냉)50포
유통기한아주 넉넉해요포장꼼꼼해요편리그냥그래요","컵에 따르면 저 정도의 양이예요.
왠만한 즙 종류 100ml도 채 안되는 게 많은데 110이면 많은 편이죠. 한컵 마시기 좋아요. 첨가물없어서 찝찝한 단맛아니고 토마토의 단맛과 향 그대로를 느낄 수 있어요~ 전립선에 좋대서 신랑 시켜줬는데 토마토는 어디든 다 좋으니 저도 마시고 7살 아이도 마시네요~다른곳이랑 비교를 안해봐서 정확하진 않지만 전 진하고 좋아요. 포장팩도 넘 귀엽워서 기분좋게 마시게 되네요^^"
105,105,22.12.06.,5,"토마토즙: (일반_종이보냉)50포
유통기한아주 넉넉해요포장꼼꼼해요편리편리해요",진하고 맛이좋아요~ 잘먹겠습니다
106,106,22.11.30.,5,"토마토즙: (일반_종이보냉)30포
유통기한아주 넉넉해요포장꼼꼼해요편리편리해요",영양에 좋고 맛있어요. 자주 먹습니다.
107,107,22.11.28.,5,"토마토즙: (일반_종이보냉)50포
유통기한아주 넉넉해요포장꼼꼼해요편리편리해요",항상 잘먹고있어요 벌크가 없어서 좀 아쉽네요
108,108,22.11.27.,5,"토마토즙: (일반_종이보냉)50포
유통기한아주 넉넉해요포장꼼꼼해요편리편리해요","세번째 주문해서 먹고있어요
한결같아요"
109,109,22.11.25.,5,"토마토즙: (일반_종이보냉)50포
유통기한아주 넉넉해요포장꼼꼼해요편리편리해요",맛있어요 그런데 방부제가없다는데 유통기한이 엄청 기네요
110,110,22.11.21.,5,"토마토즙: (일반_종이보냉)50포
유통기한아주 넉넉해요포장꼼꼼해요편리편리해요","맛있고요, 포장이 매우 탄탄한박스에 옵니다!"
111,111,22.11.18.,5,"토마토즙: (일반_종이보냉)50포
유통기한아주 넉넉해요포장꼼꼼해요편리편리해요","너무 맛있어요
또 주문할 거에요!!"
112,112,22.11.17.,5,"토마토즙: (벌크_종이보냉)120포
유통기한아주 넉넉해요포장꼼꼼해요편리편리해요",토마토즙 이만한게 없어서 재구매하고 있어요
113,113,22.11.13.,5,"토마토즙: (일반_종이보냉)30포
유통기한아주 넉넉해요포장꼼꼼해요편리편리해요",여전히 잘 마시고 있습니다~ 100% 토마토즙이라 찐하고 맛있어요 냉장고에 넣어두고 아침에 하나씩 꺼내먹기 너무 좋아용용용
114,114,22.11.13.,5,"토마토즙: (일반_종이보냉)50포
유통기한아주 넉넉해요포장꼼꼼해요편리편리해요",다른 회사 제품은 여러가지 섞어서 약간 주스 같은데 이 제품은 100프로 토마토라서 진합니다.
115,115,22.11.12.,5,"토마토즙: (일반_종이보냉)50포
유통기한아주 넉넉해요포장꼼꼼해요편리편리해요",아주 잘먹고있어요 굳
116,116,22.11.08.,5,"토마토즙: (일반_종이보냉)30포
유통기한아주 넉넉해요포장꼼꼼해요편리편리해요",남편이 먹기좋다고 하네요  본이 체질이랑 잘맞다고해요 번창하세요
117,117,22.11.07.,5,"토마토즙: (일반_종이보냉)50포
유통기한아주 넉넉해요포장꼼꼼해요편리편리해요",딱 좋은 식감이에여
118,118,22.11.05.,5,"토마토즙: (일반_종이보냉)50포
유통기한아주 넉넉해요포장꼼꼼해요편리편리해요","쿠팡으로 시켜먹다가 여기로 넘어와서 시켯어요
오랫동안 꾸준히 먹고 있어요"
119,119,22.11.05.,5,"토마토즙: (일반_종이보냉)50포
유통기한아주 넉넉해요포장꼼꼼해요편리편리해요",저 이번에 또 구매해서 먹어요
120,120,22.09.14.,5,"토마토즙: (벌크_종이보냉)120포
유통기한아주 넉넉해요포장꼼꼼해요편리편리해요",건강해지는 맛이에요! 부지런히 먹으려구요!!
121,121,22.09.09.,5,"토마토즙: (벌크_종이보냉)120포
유통기한아주 넉넉해요포장꼼꼼해요편리편리해요","돌전부터 토마토즙 먹이는중입니다
다른데서 먹다가 시켰는데 걸죽하고 맛있네요
쓸데없는 박스포장없이 120개 들어서 좋구요
200미리 용량도 나옴좋겠어요"
122,122,22.09.08.,5,"토마토즙: (일반_종이보냉)50포
유통기한아주 넉넉해요포장꼼꼼해요편리편리해요","넘 맛있어요~~~~♡
아이들도 잘 먹고 영양음료로 자주 먹습니다."
123,123,22.09.03.,5,"토마토즙: (벌크_종이보냉)120포
유통기한아주 넉넉해요포장꼼꼼해요편리편리해요","토마토즙이 시원하네요~
냉장고에 있던거 같아요 ㅎ ㅎ
맛은 지난번보다 살짝 닝닝한거같은데. ,
지난번엔 유퉁기한이 24년까지였는데
이번엔 23년이네요"
124,124,22.08.26.,5,"토마토즙: (벌크_종이보냉)120포
유통기한아주 넉넉해요포장꼼꼼해요편리편리해요",행상재즈문해서 먹고있어요
125,125,22.08.26.,5,"토마토즙: (일반_종이보냉)30포
유통기한아주 넉넉해요포장꼼꼼해요편리편리해요","평소에 이런건 잘 안챙겨먹는데, 이 토마토즙은 진짜 진하고 맛있어요! 추천해요"
126,126,22.08.24.,5,"토마토즙: (벌크_종이보냉)120포
유통기한아주 넉넉해요포장꼼꼼해요편리편리해요",날씨가 더워서...갈증 때문에 더 자주 찾고 먹게 되는 토마토즙 완전 진액!!! 질리지 않고 인위적으로 달지 않고 먹으면 먹을수록 토마토즙은 건강 한 맛입니다!
127,127,22.08.05.,5,"토마토즙: (일반_종이보냉)50포
유통기한아주 넉넉해요포장꼼꼼해요편리편리해요",큰아들한테 보냈는데 좋아하네요~
128,128,22.08.05.,5,"토마토즙: (벌크_종이보냉)120포
유통기한아주 넉넉해요포장꼼꼼해요편리편리해요","건강해지는 느낌이 와요.

또 주문해야죠"
129,129,22.08.05.,5,"토마토즙: (벌크_종이보냉)120포
유통기한아주 넉넉해요포장적당해요편리편리해요",어제 택배로 받았습니다...사은품으로 칡즙을 주셔서 감사합니다..이번에는 120포를 살수있어서 더욱좋아요..계속 여기서만 구매하는데 진하고 맛있어요...다먹으면 또 구매할께요..
130,130,22.08.03.,5,"토마토즙: (일반_종이보냉)50포
유통기한아주 넉넉해요포장꼼꼼해요편리편리해요",선물 받아 먹기 시작했는데 좋아서 구매했어요 담에 더 용량이 많은걸로 재구매 예정입니다
131,131,22.07.22.,5,"토마토즙: (친환경벌크)120포
유통기한아주 넉넉해요포장꼼꼼해요편리편리해요",더운 여름을 토마토즙 먹으면서 건강히 잘 이겨내고 있어요 좋은제품 만들어 주셔서 감사합니다^^
132,132,22.07.21.,5,"토마토즙: (벌크_종이보냉)120포
유통기한아주 넉넉해요포장꼼꼼해요편리편리해요","포장도 꼼꼼하고 맛있어요
좋은제품 잘 구입했네요"
133,133,22.07.14.,5,"토마토즙: (벌크_종이보냉)120포
유통기한아주 넉넉해요포장꼼꼼해요편리편리해요","역시나 몇번을 재구매 할때마다 베리굿이라고 
외치는 토마토즙 진액!!! 정말 진하고 다른 첨가물이
 전혀 느껴지지 않고 숙성 그대로 통째로 갈은 맛!!
맛이 달라지면 단번에 알지만 꾸준한 맛 진실 된 맛을 주셔서 늘 감사드립니다~~꼭 드셔보세요 강추 리얼!"
134,134,22.07.13.,5,"토마토즙: (벌크_종이보냉)120포
유통기한아주 넉넉해요포장꼼꼼해요편리편리해요","완전 짱짱 !! 맛 이 꿀맛! 그리고 건강한 맛!
인위적이지 않고 자연 숙성 그대로의 맛 입니다!
믿고 꾸준히 구매하는 토마토즙!!
꼭 드셔보세요~~~ 후회 없음!"
135,135,22.07.12.,5,"토마토즙: (일반_종이보냉)30포
유통기한아주 넉넉해요포장꼼꼼해요편리편리해요","지난 달 주문한 거 다 먹어서 새로 주문하는데 친구도 맛보더니 함께 주문 해달라더군요
맛있답니다ㅎㅎ"
136,136,22.07.08.,5,"토마토즙: (벌크_종이보냉)120포
유통기한꽤 남았어요포장적당해요편리그냥그래요","맛이 좋아요
감사합니다
잘먹겠습니다"
137,137,22.07.08.,5,"토마토즙: (벌크_종이보냉)120포
유통기한꽤 남았어요포장적당해요편리편리해요","너무 맛있어서 좋아합니다
감사합니다
잘 먹겠습니다 ~~^^"
138,138,22.07.05.,5,"토마토즙: (벌크_종이보냉)120포
유통기한꽤 남았어요포장꼼꼼해요편리편리해요","너무 맛있습니다
감사합니다
재주문합니다^^"
139,139,22.06.22.,5,"토마토즙: (일반_종이보냉)30포
유통기한아주 넉넉해요포장꼼꼼해요편리편리해요","전에 칡즙도 사먹었었고~~ 사은품맛보고
이번에 토마토즙 시켜보았어요^^
믿음이 가는맛입니다"
140,140,22.02.08.,5,"토마토즙: (일반)50포
유통기한꽤 남았어요포장꼼꼼해요편리편리해요",아이스박스에 담아서 배송되었어요 남편이 먹어보더니 맛있다고하네요 다 먹고 또 주문할게요
141,141,22.02.08.,5,"토마토즙: (친환경벌크)120포
유통기한아주 넉넉해요포장꼼꼼해요편리편리해요",~정말 좋아요~~~
142,142,22.02.05.,5,"토마토즙: (실크보자기)50포
유통기한아주 넉넉해요포장꼼꼼해요편리편리해요",맛도 좋고 먹기에도 편리해요~^^*
143,143,22.02.04.,5,"토마토즙: (실크보자기)50포
유통기한아주 넉넉해요포장꼼꼼해요편리편리해요","토마토즙 먹기도 편하고
바로갈은듯한 맛.."
144,144,22.01.27.,5,"토마토즙: (일반)50포
유통기한아주 넉넉해요포장꼼꼼해요편리편리해요",좋아요 참 좋아요  ^^
145,145,22.01.23.,5,"토마토즙: (일반)50포
유통기한아주 넉넉해요포장꼼꼼해요편리편리해요",배송빠르고. 건강한맛이에요
146,146,22.01.21.,5,"토마토즙: (일반)50포
유통기한아주 넉넉해요포장꼼꼼해요편리편리해요",토마토즙 진짜 정말 좋은 토마토로 만든거 같아요 !! 다먹고 또 재구매 예정입니다
147,147,22.01.15.,5,"토마토즙: (일반)50포
유통기한아주 넉넉해요포장꼼꼼해요편리편리해요",선물 받아서 먹었는데 너무 맛있어서 주문했어요! 서비스로 주신 즙과 견과류도 감사합니다
148,148,22.01.14.,5,"토마토즙: (일반)30포
유통기한아주 넉넉해요포장꼼꼼해요편리편리해요","신선하고 1포당 적당한 양이라 먹기 좋아요. 아침에 한포, 배가 고픈 듯 아닌 듯, 심심할 때 한포 먹으면 군것질 생각 안나서 다이어트 될 것 같네요."
149,149,22.01.13.,5,"토마토즙: (친환경벌크)120포
유통기한아주 넉넉해요포장꼼꼼해요편리편리해요",항상 잘먹고 있어요 가성비도좋고 상품도좋고 서비스로 넣어주신 견과류와 칡즙 잘먹었어요. 기회되면 칡즙도 한번 시켜봐야겠네요. 맛이 좋아요.
150,150,22.01.13.,5,"토마토즙: (친환경벌크)120포
유통기한꽤 남았어요포장꼼꼼해요편리편리해요","항상 떨어지지 않게 구매해서 꾸준히 먹고 있어요.
간편하고 맛있고 넘 좋아용!"
151,151,22.01.11.,5,"토마토즙: (일반)50포
유통기한아주 넉넉해요포장꼼꼼해요편리편리해요","엄청 꼼꼼 하게 포장되서 왔어요
먹어보고 맛있어서 시켰습니다"
152,152,22.01.11.,5,"토마토즙: (일반)50포
유통기한아주 넉넉해요포장꼼꼼해요편리편리해요",매번 시켜서 먹습니다. 강추
153,153,22.01.04.,5,"토마토즙: (친환경벌크)120포
유통기한아주 넉넉해요포장꼼꼼해요편리편리해요",좋아요~~~~~~~
154,154,21.12.31.,5,"토마토즙: (친환경벌크)120포
유통기한아주 넉넉해요포장꼼꼼해요편리편리해요",겨울에 완숙토마토 구하기 어려워서 고민중에 이제품을 찾았습니다 깔끔하고 청결해 보입니다.  은박비닐박스에 안전하고 신속하게 받았습니다.
155,155,21.12.30.,5,"토마토즙: (친환경벌크)120포
유통기한아주 넉넉해요포장꼼꼼해요편리편리해요",항상 재구매해서 먹고있어요
156,156,21.12.27.,5,"토마토즙: (친환경벌크)120포
유통기한아주 넉넉해요포장꼼꼼해요편리편리해요",잘먹고 있어요 굳굳굳
157,157,21.12.27.,5,"토마토즙: (친환경벌크)120포
유통기한꽤 남았어요포장꼼꼼해요편리편리해요",매일매일 먹고있는데 너무 맛있네요 다먹고 재구매하러 올게요 좋은제품 감사드려요^^
158,158,21.12.12.,5,"토마토즙: (친환경벌크)120포
유통기한아주 넉넉해요포장꼼꼼해요편리편리해요","꼼꼼한 포장과 신선한 빠른배송 맘에 들어요~
당연히 진한 토마토 맛은 두말하면 입 아플정도로 맛있죠~
덕분에 냉장고가 꽉 찼네요~"
159,159,21.12.08.,5,"토마토즙: (친환경벌크)120포
유통기한아주 넉넉해요포장꼼꼼해요편리편리해요","수량120개도 정확하고
견과류 서비스까지...감동+!
토마토즙이 점점 맛이 좋아요!!
1년째 구매 섭취 중입니다"
160,160,21.06.02.,5,"토마토즙: 50포
유통기한아주 넉넉해요포장꼼꼼해요편리편리해요",가족들이랑 먹기 좋아요
161,161,21.05.25.,5,"토마토즙: 50포
유통기한꽤 남았어요포장꼼꼼해요편리그냥그래요",맛 괜찮고 포장도 튼튼해요
162,162,21.04.15.,5,"토마토즙: 50포
유통기한아주 넉넉해요포장꼼꼼해요편리편리해요","배송 포장 그리고 맛도 최고입니다
맛보라고 함께 보내주신 칡즙 ! 
맛을보니 정말 진하고 맛도 좋아서
칡즙도 구매하고 싶고 토마토 즙은 계속
재구매 의사 있습니다

좋은 제품 끝까지 
변치않고 쭈~욱 지켜주시기
바래요 ㅎ"
163,163,21.04.08.,5,"토마토즙: 50포
유통기한아주 넉넉해요포장꼼꼼해요편리편리해요",토마토즙 매번 갈아먹기 귀찮아서 토마토즙 찾아봤는데 여기가 착즙이고 리뷰도 좋아서 구입했어요~ 잘 먹을게요
164,164,21.04.07.,5,"토마토즙: 50포
유통기한아주 넉넉해요포장꼼꼼해요편리편리해요",달달하고 맛있습니다. 대박나세요~ 건강 필수 식품 토마토!
165,165,21.04.04.,5,"토마토즙: 50포
유통기한꽤 남았어요포장적당해요편리편리해요","맛있어요 좋아요
잘 먹었습니다"
166,166,21.03.30.,5,"토마토즙: 50포
유통기한아주 넉넉해요포장꼼꼼해요편리편리해요",좋은 포장에 양도 좋고 배송도 최고에요
167,167,21.03.23.,5,"토마토즙: 50포
유통기한아주 넉넉해요포장꼼꼼해요편리편리해요",토마토즙은 여기꺼만 먹어여
168,168,21.03.09.,5,"토마토즙: 50포
유통기한꽤 남았어요포장꼼꼼해요편리그냥그래요",맛도 괜찮고 포장도 이쁘네요.
169,169,21.03.09.,5,"토마토즙: 50포
유통기한아주 넉넉해요포장꼼꼼해요편리편리해요","매번 잘 먹고 있어요. 
또 구매 예정입니다."
170,170,21.02.26.,5,"토마토즙: 50포
유통기한꽤 남았어요포장적당해요편리편리해요",맛있습니다 적극 추천
171,171,21.02.22.,5,"토마토즙: 50포
유통기한아주 넉넉해요포장꼼꼼해요편리편리해요",배송도 빠르고 포장도 꼼꼼 하지만 무엇보다도 깔끔하고 맛도 좋아 건강해지는 기분입니다. 재구매 각입니다.
172,172,21.02.21.,5,"토마토즙: 50포
유통기한아주 넉넉해요포장꼼꼼해요편리편리해요",맛있어서 또 시켰어요 감사합니다ㅔ
173,173,21.02.08.,5,"토마토즙: 50포
유통기한아주 넉넉해요포장꼼꼼해요편리편리해요","진짜 갈았네요
맛도 좋고
건강해질듯 한데요
서비스 칡즙 잘먹을께요^^"
174,174,21.02.01.,5,"토마토즙: 50포
유통기한아주 넉넉해요포장꼼꼼해요편리편리해요",맛이 좋아서 재구매했어요 최고최고입니다!!
175,175,21.01.30.,5,유통기한아주 넉넉해요포장꼼꼼해요편리편리해요,"우연한 계기로 하정식품 토마토즙을 접하게되었지만, 
정말로 유기농 생과일 쥬스 먹는 느낌이에요 . 
일반 마트에서 파는 미끄덩한 토마토쥬스 먹는느낌이 싫어서 
잘 안사먹는데 이거 정말 맛있네요 ㅎㅎㅎ
지인분께 선물받은 후로 너무 맛있어서 계속 사먹는중입니다.
양도 많고 정말 깔끔하니 맛있어요"
176,176,20.12.16.,5,"토마토즙: 50포
유통기한아주 넉넉해요포장꼼꼼해요편리편리해요",다른제품도 먹어봤지만 여지껏 먹어본것중에 제일 진했어요. 특히 완숙 토마토의 느낌이 나네요. 토마토는 빨갛수록 영양소가 좋다고하니 여러모로 좋은것 같아요
177,177,20.12.05.,5,"토마토즙: 50포
유통기한아주 넉넉해요포장꼼꼼해요편리편리해요","완전 굿입니다..인위적인 맛도없고 맛있습니다^^
다먹고 재주문할께요~"
178,178,20.12.03.,5,"토마토즙: 50포
유통기한아주 넉넉해요포장꼼꼼해요편리편리해요","건강한맛 좋아요
재구매의사이습니다"
179,179,20.12.03.,5,"토마토즙: 50포
유통기한아주 넉넉해요포장꼼꼼해요편리편리해요","건강한맛이고 좋아요
재구매의사있어요"
180,180,20.12.03.,5,"토마토즙: 50포
유통기한아주 넉넉해요포장꼼꼼해요편리편리해요",건강한맛 좋아요 맛있어요
181,181,20.12.03.,5,"토마토즙: 50포
유통기한아주 넉넉해요포장꼼꼼해요편리편리해요",하루한개씩 건강보충하고있어요 진짜토마토라 더 믿고 먹고있습니다
182,182,20.11.26.,5,"토마토즙: 50포
유통기한꽤 남았어요포장꼼꼼해요편리그냥그래요",아버지 사드렸어요. 신선하고 맛도 깔끔하다고 하시네요.
183,183,20.11.24.,5,"토마토즙: 50포
유통기한아주 넉넉해요포장꼼꼼해요편리편리해요","아는 분이 먹어보라고 주셨었는데
맛 괜찮고 편리해서 주문했어요
업체에서 딱 두가지 제품만 생산하는게 일단 믿음이 갔는데
유통기한도 넉넉해서 편하게 먹을 수 있을 것 같아요"
184,184,20.11.23.,5,"토마토즙: 50포
유통기한꽤 남았어요포장꼼꼼해요편리그냥그래요",맛있어요~~~~~!
185,185,20.11.23.,5,"토마토즙: 50포
유통기한꽤 남았어요포장꼼꼼해요편리편리해요",맛있어요~~~~~~
186,186,20.11.16.,5,"토마토즙: 50포
유통기한아주 넉넉해요포장꼼꼼해요편리편리해요",다른곳은 케찹맛이나는데 이곳은 진짜토마토를~~계속 시켜먹고있어요강추합니다
187,187,20.11.09.,5,"토마토즙: 50포
유통기한꽤 남았어요포장꼼꼼해요편리편리해요",토마토가 진하고 맛있어요ㆍ
188,188,20.10.19.,5,"토마토즙: 50포
유통기한아주 넉넉해요포장꼼꼼해요편리편리해요","110ml / 22kcal 
1.포장재 
포장이 이렇게 오는건 처음이었습니다. 아이스박스에 오는데 신선도 파손방어에 최곱니다.

2.제품-토마토
괜찮습니다. 수많은 토마토즙들을 먹어봤습니다. 어떤건 너무 달아서 뒤삼이 조금 남고 하는데 이건 괜찮네요. 먹다보니 케첩도 생각납니다.

3.제품-칡즙
서비스로 칡즙 2포를 주셨는데요. 아니 세상에 칠즙이 찐이네요.
칡즙 먹자마자 다른 일반 칡즙과 다르게 건더기가 있고 적당히 쓰고 달달하니 너무 맛있었습니다. 음용하자마자 바로 사이트 들어가서 구매 버튼 누르고픈 충동을"
189,189,20.10.06.,5,"토마토즙: 50포
유통기한아주 넉넉해요포장꼼꼼해요편리편리해요",토마토 그 자체 에요
190,190,20.10.03.,5,"토마토즙: 50포
유통기한아주 넉넉해요포장꼼꼼해요편리편리해요",맛있게 잘먹고있어요 아주 맛있어요    커피선물도감사합니다
191,191,20.10.02.,5,"토마토즙: 50포
유통기한아주 넉넉해요포장꼼꼼해요편리편리해요",냉장고에 토마토즙이 넉넉하게 있어야 안심이 됩니다. 식사대용으로도 좋고 술먹고나서 숙취해소용으로도 좋고 과식했을때 소화제용으로도 아주 좋습니다. 주문할때마다 몇포씩 서비스도 주시고 항상 감사합니다. 번창하세요~~
192,192,20.09.22.,5,"토마토즙: 50포
유통기한아주 넉넉해요포장꼼꼼해요편리그냥그래요","몇년간 주문해 먹던거라
믿고 주문했어요
진하고 맛있어요"
193,193,20.09.22.,5,"토마토즙: 50포
유통기한아주 넉넉해요포장꼼꼼해요편리편리해요","맛도 진하고 맛이 좋아요
정성과 맛이 아주 좋아요
몇년간 애용하는 토마토즙이라
믿고 주문했습니다

친절하게 상담 잘해주시고
감사합니다
수고하세요"
194,194,20.09.22.,5,"토마토즙: 50포
유통기한아주 넉넉해요포장꼼꼼해요편리편리해요",포장도 꼼꼼하고 맛도 좋아요.
195,195,20.09.21.,5,"토마토즙: 50포
유통기한아주 넉넉해요포장꼼꼼해요편리편리해요",잘받앗어요고맙습니다
196,196,20.09.19.,5,"토마토즙: 50포
유통기한아주 넉넉해요포장꼼꼼해요편리편리해요",좋아요 배송빨라요  ㅎ
197,197,20.09.11.,5,"토마토즙: 50포
유통기한아주 넉넉해요포장꼼꼼해요편리편리해요",토마토즙 중독자입니다. 냉장고에 1박스씩 없으면 불안하네요. 음료대용으로 아주 잘 마시고 있습니다. 좋은재료로 만들어서 그런지 신선하고 스테미나도 좋아지는거 같아요. 자주 시켜먹을께요.
0,0,22.10.17.,3,"배도라지즙 110ml 50포: (일반)50포
유통기한아주 넉넉해요포장꼼꼼해요편리편리해요","아이가 안먹어서 제가 먹게됐습니다
맛이있는데 왜그럴까요"
1,1,23.04.20.,4,"배도라지즙 110ml 50포: (일반)50포
유통기한꽤 남았어요포장꼼꼼해요편리편리해요",운동하는  아이들  먹이고있어요 ..  건강하게  쭉  만들어주세요
2,2,23.01.18.,4,"배도라지즙 110ml 50포: (일반)50포
유통기한꽤 남았어요포장적당해요편리그냥그래요",달콤 쌉싸름한 느낌이라 진해요
3,3,22.11.20.,4,"배도라지즙 110ml 50포: (일반)50포
유통기한꽤 남았어요포장꼼꼼해요편리그냥그래요",아이먹이고 있는데 잘먹습니다
4,4,22.11.01.,4,"배도라지즙 110ml 50포: (일반)50포
유통기한아주 넉넉해요포장꼼꼼해요편리편리해요",도라지 함량보구  구매했습니다 .. 다른곳은  흉내만낸것같아서요 ' .아이들먹기  끝맛이  쓴만도  살짝 나지만 잘 먹고있습니다 ..
5,5,22.10.13.,4,"배도라지즙 110ml 50포: (일반)50포
유통기한아주 넉넉해요포장꼼꼼해요편리그냥그래요",아이가 계속 감기를 달고 살아서 구매했는데 아직 5세 입맛에는 쓴맛이 더 강한지 한두모금 먹더니 안먹네요..ㅠ 엄마가 먹어야할듯..ㅠ
6,6,23.04.22.,5,"배도라지즙 110ml 50포: (일반)50포
유통기한아주 넉넉해요포장꼼꼼해요편리편리해요",물 없이 좋은 국내산 원물들을 전통방식으로 달인 배숙이라 좋았어요. 먹어보니 진짜 진해서 물이랑 1:1로 섞어 마시고 있습니다. 설명대로 처음엔 달달하고 끝에는 써요. 부모님은 건강한 재료라며 1일1포 하고 계십니다ㅎㅎ 그래서인지 요즘 집에 기침소리가 잘 안 들립니다! + 그리고 얼려 먹으니까 더 맛있어요! 아이스볼 추천합니다:)  ■해당 후기는 제품을 제공받아 솔직하게 작성된 리뷰입니다.■
7,7,23.04.22.,5,"배도라지즙 110ml 50포: (일반)50포
유통기한아주 넉넉해요포장꼼꼼해요편리편리해요",엄마가 원래 기관지가 안 좋으셔서 아침마다 가래뱉는 소리에 깨요ㅠㅠ코로나고 앓고 더 안 좋아지는 거 같아서 시켜봤어요. 먹어보고 한 달 후기 남길게요. 좀 좋아지면 또 시켜려고요
8,8,23.04.22.,5,"배도라지즙 110ml 50포: (일반)50포
유통기한꽤 남았어요포장적당해요편리그냥그래요",감기에 너무 자주 걸려서 아침마다 챙겨먹고 있는데 너무 쓰지않아서 좋아요!!
9,9,23.04.22.,5,"배도라지즙 110ml 50포: (일반)50포
유통기한아주 넉넉해요포장꼼꼼해요편리편리해요","가족들 비염때문에 검색하다가 리뷰가 좋아서 구매했어요 오자마자 아이랑 먹었는데 진짜 진하고 양도 많네요 마지막에 도라지 맛이 진해서 믿고 먹겠어요~^^
이벤트 중이라 구매해서 다른 가족한테도 선물했는데 맛이 좋다고 어디서 구매했냐고 물으시네요~
단골 찜입니다^^"
10,10,23.04.21.,5,"배도라지즙 110ml 50포: (일반)50포
유통기한아주 넉넉해요포장꼼꼼해요편리편리해요","미세먼지가 심해서 그런지 4식구 모두 기침에 콧물에ㅠ 목 칼칼할때 좋은건 역시 배도라지만한게 없잖아요. 도라지함량도 높고, 물 섞지않은거라 선택했어요. 저는 진한맛이 맘에 드는데 아이들도 잘 먹어줬음 좋겠어요~!!"
11,11,23.04.20.,5,"배도라지즙 110ml 50포: (일반)50포
유통기한아주 넉넉해요포장꼼꼼해요편리편리해요","맛도 좋구 도라지가 많이 들어간 게 느껴져요.
감기에도 좋고 폐에도 좋다고하니 꾸준히 먹어야겠어요!"
12,12,23.04.20.,5,"배도라지즙 110ml 50포: (일반)50포
유통기한아주 넉넉해요포장꼼꼼해요편리편리해요","첨가물없이 이렇게 진한 배도라지즙은 처음이에요. 감기달고사는 아기랑 저랑 같이 먹고 있어요. 
타 배도라지즙과는 차별화되어 대추와 생강이들어있어서 건강에 더 좋을것같아요."
13,13,23.04.19.,5,"배도라지즙 110ml 50포: (일반)50포
유통기한아주 넉넉해요포장꼼꼼해요편리편리해요",맛있어요! 도라지배즙이 기관지에 좋다고 해서 챙겨먹는데 간편하게 먹기도 너무 좋고 특히 부모님이 잘드셔서 넘 좋네요 !! 추천합니다!!
14,14,23.04.19.,5,"배도라지즙 110ml 50포: (일반)50포
유통기한아주 넉넉해요포장꼼꼼해요편리편리해요","목 칼칼하고 자꾸 기침나서 먹고있어요
너무 좋네요 일단 너무 달지않으면서 도라지 씁쓸한 맛도 기분좋게 나서 좋아요!
그도 그럴게 도라지함량이 높더라구요! 아쥬 맘에드네요~ 꾸준히 챙겨먹으면 더 좋겠어요"
15,15,23.04.16.,5,"배도라지즙 110ml 50포: (일반)50포
유통기한꽤 남았어요포장꼼꼼해요편리편리해요","아이가 기침이 심해 검색하다가 주문했습니다.  첫맛은 달달하고 끝맛에서 도라지 특유의 맛이 남네요.   맛도 진해요~ 
이거 마시고 얼릉 기침에서 벗어났음 좋겠네요.
토마토와 칡즙 사은품인가요??
이것도 진하니 맛있었네요.
감사합니다~"
16,16,23.04.13.,5,"배도라지즙 110ml 50포: (일반)50포
유통기한아주 넉넉해요포장꼼꼼해요편리편리해요",배송 엄청 빠르고요 우선 일단 오자마자 온장고에 뎁혀서 먹어봤는데 먹기 편한 맛이네요 서비스 즙도 넣어주시고 팁설명도 잘 되어있어 기분이 좋으네요 잘 챙겨먹고 감기좀 나아야겠어요 다먹고 또 시키겠습니다 감사합니다
17,17,23.04.13.,5,"배도라지즙 110ml 50포: (일반)50포
유통기한아주 넉넉해요포장꼼꼼해요편리편리해요",애들이 진짜 말도 안 되게 잘 먹어서..ㅎㅎ 또 주문할게요!
18,18,23.04.12.,5,"배도라지즙 110ml 50포: (일반)50포
유통기한아주 넉넉해요포장꼼꼼해요편리편리해요",아주 맛나고 건강챙길게요!
19,19,23.04.09.,5,"배도라지즙 110ml 50포: (일반)50포
유통기한아주 넉넉해요포장꼼꼼해요편리편리해요",잘 먹고 있습니다.
20,20,23.04.07.,5,"배도라지즙 110ml 50포: (일반)50포
유통기한아주 넉넉해요포장꼼꼼해요편리편리해요","끝맛은 씁쓰름 하지만 첫맛은 달고 맛있어요 ㅎㅎ 건강에 좋은 느낌~~ 따뜻하게
데워먹어도 좋아요"
21,21,23.04.03.,5,"배도라지즙 110ml 50포: (일반)50포
유통기한아주 넉넉해요포장꼼꼼해요편리편리해요",좋아요 배송빨라요 맛두있어요
22,22,23.04.01.,5,"배도라지즙 110ml 50포: (일반)50포
유통기한꽤 남았어요포장꼼꼼해요편리편리해요",편도선아 약해서 환절기때마다 감기에 걸려서 배도라지즙을 챙겨먹는 편인데 너무 쓰지 않고 진하면서 건강해질 것 같은 맛이에요.
23,23,23.04.01.,5,"배도라지즙 110ml 50포: (일반)50포
유통기한아주 넉넉해요포장꼼꼼해요편리편리해요","이전에 여기에서 칡즙도 먹어보고 바로 재구매 했었는데 역시나,,, 도라지배즙도 실망시키질 않네요 진하고 맛있고 먹기 편해요 최고!"
24,24,23.04.01.,5,"배도라지즙 110ml 50포: (일반)50포
유통기한아주 넉넉해요포장꼼꼼해요편리편리해요","임산부라 들어가는 재료에 민감한 편인데 : ) 국내산 원물만 사용해서 안심하고 구매해봤어요 ㅎ
근데 패키지도 예쁘고 맛도 있어서 갬동❤️
패키지 문구보고 마음 찡.. 응원받는 느낌... 
서비스로 주신 토마토즙도 얼음타먹으니 건강음료로 넘 좋더라구용ㅎ 감사합니다.
오래오래 판매해 주세용 ㅎㅎ 아기낳고 울 아가한테도 먹이게요 ㅎ"
25,25,23.04.01.,5,"배도라지즙 110ml 50포: (일반)50포
유통기한아주 넉넉해요포장꼼꼼해요편리편리해요","감기걸리면 가래없애기도 좋은 배도라지즙을 찾다가 깨끗한 공장사진에 믿음이 가서 구매했는데 아기가 아주 잘 마시고 효과도 좋아서 맘에 들어요. 
포장도 꼼꼼하게 오고 타사 착즙주스에 비해 도라지 함량도 높고 진해서 목에 정말 도움이 될 것 같아요.
원물이 좋아 알갱이도 보이고 도라지 씁쓸한 맛도 마지막엔 있어서 더 좋았어요.
아기에게 믿고 마실 수 있는 주스에요:)"
26,26,23.03.30.,5,"배도라지즙 110ml 50포: (일반)50포
유통기한아주 넉넉해요포장꼼꼼해요편리편리해요","아이랑 같이 먹어보았는데 약간 씁쓸하긴한데 아이가 잘먹어요~ 첫맛이 달아서 그런지 맛있다고 하네요 ㅋ 다른 도라지배즙도 많이 먹여봤는데 잘 안먹더만, 요즘같은 환절기에는 꾸준히 먹여서 미리 건강관리하시는게 좋을거에여~"
27,27,23.03.28.,5,"배도라지즙 110ml 50포: (일반)50포
유통기한아주 넉넉해요포장꼼꼼해요편리편리해요","환절기마다 찾아오는 비염에 좋은 도라지배즙을 찾다가 구매했어요!
이제 꽃도 피고 하는데 올 봄에는 도라지배즙 먹고 환절기를 조용히 넘거갈것 같아요~ㅎ 한달후기 남기러 다시 오겠습니다!!!"
28,28,23.03.27.,5,"배도라지즙 110ml 50포: (일반)50포
유통기한아주 넉넉해요포장꼼꼼해요편리편리해요",진짜 딱 배숙에 도라지.대추.생강넣은맛이에요. 딱원했던것. 인공감미료없는 자연의 맛 그대로구요. 달큰하니 맛있어요.
29,29,23.03.27.,5,"배도라지즙 110ml 50포: (일반)50포
유통기한아주 넉넉해요포장꼼꼼해요편리편리해요",포장박스가 손잡이형태라 선물용으로 넘 좋을것 같아요. 맛도 진하고 양도 넉넉해서 매일 잘 챙겨먹고있어요. 환절기에 목이 칼칼한데 넘 좋네요. 먹고 재구매하려구요! 부모님도 좋아하세요~
30,30,23.03.25.,5,"배도라지즙 110ml 50포: (일반)50포
유통기한아주 넉넉해요포장꼼꼼해요편리편리해요",아이들 목건강 우리가족 기관지에 좋은 배도라지즙 정말 물한방울도없는 국내산 제품 건강한 음료 강추 합니다 감사해요
31,31,23.03.24.,5,"배도라지즙 110ml 50포: (일반)50포
유통기한아주 넉넉해요포장꼼꼼해요편리편리해요",아이 간식으로 얼려주었더니 아이스크림 먹는것처럼 엄청 좋아하더라구요. 여름 간식은 앞으로 요걸로 주면 될것같아요. 맛도 있고 건강도 챙기고 잘 먹겠습니다!!!
32,32,23.03.21.,5,"배도라지즙 110ml 50포: (일반)50포
유통기한아주 넉넉해요포장꼼꼼해요편리편리해요",잔기침이  계속나와 열심히 먹고 있어요
33,33,23.03.15.,5,"배도라지즙 110ml 50포: (일반)50포
유통기한아주 넉넉해요포장꼼꼼해요편리편리해요",꾸준히 먹으니까 확실히 효과가 나타나면서 너무 만족중입니다! 맛도 달큰하니 좋아서 간식대신 챙겨먹는중이에요
34,34,23.03.12.,5,"배도라지즙 110ml 50포: (일반)50포
유통기한아주 넉넉해요포장꼼꼼해요편리편리해요","배송도 빠르고 포장도 꼼꼼하게 보내주셨어요.
검색하다 리뷰도 좋고해서 처음 주문해서 마셔봤는데 역시 탁월한 선택이었어요~
시중에 파는 단맛이랑 전혀 다른 배의 진한 단맛과 도라지의 진한 쌉쓰름한 맛이 진했어요~
판매자분의 정성이 가득 느껴졌어요^^
앞으로는 하정식품의 도라지배즙만 구매하려고 합니다~
샘플로 주신 토마토즙,칡즙도 너무 진하고 맛있어요~👍"
35,35,23.03.10.,5,"배도라지즙 110ml 50포: (일반)50포
유통기한아주 넉넉해요포장꼼꼼해요편리편리해요",물한방울 넣지 않는 진한 진짜 배도라지즙 ! 깔끔하고 괜찮네요 덕분에 온가족 환절기에 기관지 건강 잘 지키고 있어요 먹고 또 주문할게요
36,36,23.03.09.,5,"배도라지즙 110ml 50포: (일반)50포
유통기한아주 넉넉해요포장꼼꼼해요편리편리해요","배송도 꼼꼼하고,, 넘 맛있어요!
전에 타사 배도라지즙 먹어보고 별로여서 실망했었는데 이렇게 맛있는거였다니요ㅠㅠ
커피 대신 아침에 배도라지즙 먹는데 건강해지는 느낌이에요 ㅎㅎ"
37,37,23.03.09.,5,"배도라지즙 110ml 50포: (일반)50포
유통기한아주 넉넉해요포장꼼꼼해요편리편리해요","진하다는표현이 한입먹자마자 딱느껴지네용!!!
달콤하면서 끝에쌉싸름한게
배율이 참잘하신것같아용

요즘날이덥길래
아이스크림몰드에얼려서 간식주니
완전건강간식이예요👍👍👍"
38,38,23.03.08.,5,"배도라지즙 110ml 50포: (일반)50포
유통기한아주 넉넉해요포장꼼꼼해요편리편리해요",몸에좋다생각하고 먹어요
39,39,23.03.08.,5,"배도라지즙 110ml 50포: (일반)50포
유통기한아주 넉넉해요포장꼼꼼해요편리편리해요",도라지 함량이 높아서 아이가 잘 안 먹으면 어쩌나했는데 정말 잘 먹어요! 특히 22개월 둘째아이 어린이집 갈 때 꼭 챙겨가요. 그리고 남편도 도라지 씁쓸한 맛이 좋다고 잘 마셔요
40,40,23.03.07.,5,"배도라지즙 110ml 50포: (일반)50포
유통기한아주 넉넉해요포장꼼꼼해요편리편리해요",일단 홈페이지에 깨끗한 공정사진과 국내산 원물 사용하는게 제일 마음에 들었고 설명대로 처음엔 단맛이 마지막엔 쓴맛이 나지만 그래도 맛있어요 ㅎㅎ 도라지 함량이 높은 만큼 목에 도움이 될 것 같아요!! 포장도 꼼꼼하고 서비스로 주신 칡즙도 맛있어서 칡즙도 구매해볼까합니당ㅎㅎ
41,41,23.03.07.,5,"배도라지즙 110ml 50포: (일반)50포
유통기한아주 넉넉해요포장꼼꼼해요편리편리해요","목이 칼칼해서 주문했는데 일반 배즙하고는 다르네요
진한 맛이 좋습니다~ 신랑이랑 같이 마시고 있어요
배송도 안전하게 잘 도착했고 깔끔하네요"
42,42,23.03.07.,5,"배도라지즙 110ml 50포: (일반)50포
유통기한아주 넉넉해요포장꼼꼼해요편리편리해요","우리가족  환절기건강 챙기려고 구매했어요.국내산 원물로 깨끗한 공장에서 만들어 더 믿음이가는 제품이였는데   마셔보니 더 더 믿음가네요.
찐하게 달여낸 맛이 제대로 느껴지네요.
단맛이 강하지만 쓴맛도 나지만 목넘김 너무 좋아서 아이들도 맛있게 잘 마시네요.
남녀노소 건강챙기기엔 이만한게 없을거 같아요"
43,43,23.03.04.,5,"배도라지즙 110ml 50포: (일반)50포
유통기한아주 넉넉해요포장꼼꼼해요편리편리해요","싸구려 비닐즙이 아니라 제조공장이 깨끗해 보이고
배, 도라지 외에 대추, 생강 등 다 국내산이라 원물이 좋아보여 믿고 구매했는데
역시 맛도 진하고 도라지 함량이 높아 끝맛은 씁쓸한게 확실히 목에 도움이 될 것 같아요
배송도 꼼꼼하고 빨리 왔는데 사장님 마인드도 굿이네요 번창하세요"
44,44,23.03.01.,5,"배도라지즙 110ml 50포: (일반)50포
유통기한아주 넉넉해요포장꼼꼼해요편리편리해요",박스포장이 굉장히 꼼꼼합니다. 개봉해서 마셔보니 원물맛이 좋고 진한 맛이 나서 좋습니다. 다 마시고 나니 끝물에 도라지의 향이 납니다. 도라지함량이 높아서 도라지의 맛도 나니 마시고 건강해져야겠어요
45,45,23.02.28.,5,"배도라지즙 110ml 50포: (일반)50포
유통기한아주 넉넉해요포장꼼꼼해요편리편리해요","포장도 꼼꼼하고 터진것 하나없이 잘 도착했어요.
목에 좋은거라 주문했는데 받자마자 한팩 먹어보니 역시 진하고 맛이 좋아요. 도라지가 들어있지만 쓰지도 않고 도라지배즙이라 배향기가 나면서 마시기 좋습니다.진짜 여기 도라지배즙 진하고 맛이 넘 좋아요..ㅎㅎ"
46,46,23.02.26.,5,"배도라지즙 110ml 50포: (일반)50포
유통기한아주 넉넉해요포장꼼꼼해요편리그냥그래요",배송 꼼꼼이 잘 왔어요 아직 먹기전인데 먹어보구 또 올릴게용
47,47,23.02.25.,5,"배도라지즙 110ml 50포: (일반)50포
유통기한아주 넉넉해요포장꼼꼼해요편리편리해요",맛있어요 ㅎㅎ기관지에 좋아요
48,48,23.02.22.,5,"배도라지즙 110ml 50포: (일반)50포
유통기한꽤 남았어요포장적당해요편리그냥그래요","아흑 따흑 코로나에 또 걸렸는데 두번째 걸린 건 더더  아픕니다. 
편도 후두가 염증으로 하얗게 덮어서 침도 못 삼켜서 침을 뱉으며 지내다가 사일차 되니 좀 나아져서 오늘부터 배도라지즙 두 포씩 데워먹고 있어요."
49,49,23.02.22.,5,"배도라지즙 110ml 50포: (일반)50포
유통기한아주 넉넉해요포장꼼꼼해요편리편리해요","배송 빠르고 깔끔하게 잘 도착했고 
맛도 진하고 좋습니다. 꾸준히 먹어볼게요.
사은품도 감사합니다!!"
50,50,23.02.22.,5,"배도라지즙 110ml 50포: (일반)50포
유통기한아주 넉넉해요포장꼼꼼해요편리편리해요",가족들과 함께 아주 잘먹었어요:)♡
51,51,23.02.18.,5,"배도라지즙 110ml 50포: (일반)50포
유통기한아주 넉넉해요포장꼼꼼해요편리편리해요",꾸준히먹으니 목감기도 안걸리고 기관지가 건강해진거 같아요
52,52,23.02.18.,5,"배도라지즙 110ml 50포: (일반)50포
유통기한아주 넉넉해요포장꼼꼼해요편리편리해요",기침이 너무 심해서 주문했는데 배송도빠르고 도라지 진한 맛이 느껴져서 좋았어요
53,53,23.02.16.,5,"배도라지즙 110ml 50포: (일반)50포
유통기한아주 넉넉해요포장꼼꼼해요편리편리해요","두번째 구매네요
초등고학년인 아이가 환절기마다 코가 안좋아서 늘 감기가 오는대 미리 대비해서 먹고 있답니다.
신랑도 맛있다고 하네요
잘먹고 또 주문하겠습니다~^^"
54,54,23.02.15.,5,"배도라지즙 110ml 50포: (일반)50포
유통기한아주 넉넉해요포장꼼꼼해요편리그냥그래요",내용물이 실해요!! 토마토에 배도라지 샘플 있어서 먹어보고 추가구매 했어요!!👍🏼👍🏼👍🏼
55,55,23.02.10.,5,"배도라지즙 110ml 50포: (일반)50포
유통기한꽤 남았어요포장꼼꼼해요편리편리해요","거의 새벽배송 수준이네요 ㅎㅎ 
배송도 엄청 빠르고 패키지는 넘 이쁜데 
맛은 100년 전통이예요 찐액 맛이라 너무 좋네요 ~"
56,56,23.02.08.,5,"배도라지즙 110ml 50포: (일반)50포
유통기한아주 넉넉해요포장꼼꼼해요편리편리해요",아침마다  잘  챙겨먹고  있습니다
57,57,23.02.05.,5,"배도라지즙 110ml 50포: (일반)50포
유통기한아주 넉넉해요포장적당해요편리편리해요",건강해진 느낌입니다.맛있게 잘 먹었습니다
58,58,23.02.01.,5,"배도라지즙 110ml 50포: (일반)50포
유통기한꽤 남았어요포장꼼꼼해요편리편리해요","엄마가 코로나 걸리고 계속 기침하고 목 아파해서 주문 했어요 
다른 배즙은 배가 많이 들어가서 배맛이 강한데
여기는 도라지 함량이 높아서 주문 했어요
처음은 달고 끝맛은 도라지 맛이 약간 씁쓸한데 엄마도 진하고 좋다고 하네요 
샘플로 주심 칡즙도 예전에 아버지가 직접 칡을 캐서 즙을 냈었는데 그것처럼 진하다구 하네요"
59,59,23.01.29.,5,"배도라지즙 110ml 50포: (일반)50포
유통기한아주 넉넉해요포장꼼꼼해요편리편리해요","냉장고에 쟁여놓고 꾸준히 먹었어요
요즘시기엔 챙겨먹으미 좋네요"
60,60,23.01.28.,5,"배도라지즙 110ml 50포: (일반)50포
유통기한아주 넉넉해요포장꼼꼼해요편리편리해요",겨울철이면 늘 아이들을 위해 챙기는 배즙 괜찮은 배도라지즙 찾기 힘들었는데 하루애배도라지즙 진하고 좋네요 국내산 원물들이라 더 마음에 들어요
61,61,23.01.27.,5,"배도라지즙 110ml 50포: (일반)50포
유통기한아주 넉넉해요포장꼼꼼해요편리편리해요",깔끔하고 달달해서 마시기 좋아요! 아이들도 거부하지 않고 잘 마실 수 있을거같아요 :)
62,62,23.01.27.,5,"배도라지즙 110ml 50포: (일반)50포
유통기한아주 넉넉해요포장꼼꼼해요편리편리해요","와 이거 진짜 진하네요 ~ 마지막에 약간 도라지의 씁쓸한 맛이 나긴 하지만 맛있어요 ! 아이랑 같이 먹으려고 샀는데 아이도 잘 먹네요. 기관지가 약해서 배도라지즙 꾸준히 먹는데 여기꺼 좋은거 같아요! 도라지가 많이 들어가서 맘에 들어용😄
꾸준히 먹어봐야겠어요 ~"
63,63,23.01.26.,5,"배도라지즙 110ml 50포: (일반)50포
유통기한아주 넉넉해요포장꼼꼼해요편리편리해요",요즘 목이 계속 칼칼해서 시켜봤어요!!! 찐 배도라지즙!!! 진해서 진짜 몸에 좋겠구나 하면서 마시고 있어요!! 포장도 예쁘게 되어서 와서 선물용으로도 좋아요:)
64,64,23.01.26.,5,"배도라지즙 110ml 50포: (일반)50포
유통기한아주 넉넉해요포장꼼꼼해요편리편리해요","지금까지 먹었던 배즙과는 다르게 진해서 좋았어요 
부모님이 해주실때 도라지를 많이 넣어서 해주시는데 딱 그 맛이랑 비슷했어요 
도라지가 많이 들어 있어서 호흡기가 약한 저에게 좋을거같고 아이도 잘 먹어요"
65,65,23.01.26.,5,"배도라지즙 110ml 50포: (일반)50포
유통기한아주 넉넉해요포장꼼꼼해요편리편리해요",도라지 함량이 높아서 그런지 끝맛이 씁쓸한 도라지 맛이 납니다. 진한 배도라지즙이라 목에 진짜 도움이 될 것 같아요.^^ 감사합니다.
66,66,23.01.25.,5,"배도라지즙 110ml 50포: (일반)50포
유통기한아주 넉넉해요포장꼼꼼해요편리편리해요","재주문했는데 역시 만족했습니다.
이번에는 설날 선물로 드렸는데 양가 부모님 모두 좋아하시더라구요. 다음에 또 주문하겠습니다"
67,67,23.01.24.,5,"배도라지즙 110ml 50포: (일반)50포
유통기한아주 넉넉해요포장꼼꼼해요편리편리해요",아이기침때문에 샀는데 적당히 먹기좋아요
68,68,23.01.24.,5,"배도라지즙 110ml 50포: (일반)50포
유통기한아주 넉넉해요포장꼼꼼해요편리편리해요",일단 배도라지즙 자체가 너무 맛있어서 아기도 잘 먹네요. 패키지가 고급스러워서 선물용으로도 추천합니다^^
69,69,23.01.22.,5,"배도라지즙 110ml 50포: (일반)50포
유통기한아주 넉넉해요포장꼼꼼해요편리편리해요","입맛 까다로운 우리 아들도 정말 잘 먹네요.
양도 많고 갯수도 많아서 올 겨울은 걱정 없겠어요.
우리 가족 매일 매일 먹고 있어요"
70,70,23.01.22.,5,"배도라지즙 110ml 50포: (일반)50포
유통기한아주 넉넉해요포장꼼꼼해요편리편리해요",아이와함께 먹는데 진해요
71,71,23.01.22.,5,"배도라지즙 110ml 50포: (일반)50포
유통기한아주 넉넉해요포장꼼꼼해요편리편리해요",가족들 감기가 오래가서 구매했습니다
72,72,23.01.20.,5,"배도라지즙 110ml 50포: (일반)50포
유통기한아주 넉넉해요포장꼼꼼해요편리편리해요","꼼꼼한 포장과 빠른 배송 감사합니다.

진하고 맛있습니다. 물 한방울 첨가하지 않고 재료로만 만들어서 그런듯합니다.

배, 도라지, 대추, 생강 겨울철 감기와 목 관리에 좋을 것 같습니다. 

달콤하고 목넘김이 좋아서 남녀노소 먹기 좋은 제품입니다. 
끝맛은 약간 쌉쌀~한데 보약 먹는 기분도 나고 취향 저격입니다. 건강해지는 기분입니다!"
73,73,23.01.20.,5,"배도라지즙 110ml 50포: (일반)50포
유통기한아주 넉넉해요포장꼼꼼해요편리편리해요","원물이 좋고 공장이 깨끗해 보여서 믿음이 가서 주문해본 배도라지즙
마지막에 도라지의 씁쓸한 맛이 나는데 진한 맛으로 
진짜 목에 도움이 될 것 같았다
도라지 함량이 높아서 그런지 기관지가 약한 아이와 남편도 같이 잘먹고 있는중 추천합니다 !!"
74,74,23.01.19.,5,"배도라지즙 110ml 50포: (일반)50포
유통기한아주 넉넉해요포장꼼꼼해요편리편리해요","저희 가족은 5살 딸부터 저, 남편까지 모두 다 축농증 비염 기관지염을 아주 골고루 다 앓아요. 작두콩차, 프로폴리스, 꿀, 배도라지청, 배도라지즙 열심히 챙겨 먹어서 더 심해지진 않은 채 무탈히 지내고 있어요.  기존에 아이는 ㄹㅅ 제품 먹고 있었는데 이번에 하루애청춘 바꿔서 줬는데 처음엔 사실 맵고 진하다고 안 먹으려고 하더라구요. 후기들 보고 물 조금 넣어서 주니 그제서야 먹어요 ㅎㅎ 아무래도 생강이 들어가 약간 싸르르했나봐요. 진짜 안 아프고 살아보려고 열심히 챙겨 먹으며 살아갑니다. ㅋㅋㅋ꾸준히 먹을 테니 오래오래 만들어주세요~~~"
75,75,23.01.19.,5,"배도라지즙 110ml 50포: (일반)50포
유통기한아주 넉넉해요포장꼼꼼해요편리편리해요","이렇게 진한 배도라지즙은 정말 처음입니다..와
아기가 이제 막 돌지나기도 했고, 감기에 취약해서 배도라지즙을 꾸준하게 줘보려고 해요!
아기도 믿고 먹을 수 있어서 너무 좋네요:)"
76,76,23.01.19.,5,"배도라지즙 110ml 50포: (일반)50포
유통기한아주 넉넉해요포장꼼꼼해요편리편리해요","예전부터 감기걸렸다하면 엄마가 
생강차,배숙,유자차 등등 차종류는 다 챙겨주셨던것같아요.
한포 쭉~마시면 건강관리 되다니 요즘 세상 너무 편리하잖아요!

온가족 즐길수있게 국내산원물만을 사용해 만들어서
요즘 잘 챙겨먹고있어요"
77,77,23.01.18.,5,"배도라지즙 110ml 50포: (일반)50포
유통기한아주 넉넉해요포장꼼꼼해요편리편리해요","와우~ 보자기 포장이라서 기대 안했는데 
딱 열었을때 부터 기분 업인데요!!
엄청 고급스럽게 포장되어 있어서 너무 좋네요 
배도라지효능은 다 알만큼 기관지에 너무 좋은데
요즘 계속 칼칼한 목때문에 주문했는데 
와 먹기 너무 편하고 배도라지 진하면서 너무 
좋아요😊 받았을때 기분좋고 먹어서 더더더 
기분 좋고~ 이제 배도라지는 하루애
청춘 만 먹을꺼 같아요😊"
78,78,23.01.18.,5,"배도라지즙 110ml 50포: (일반)50포
유통기한아주 넉넉해요포장꼼꼼해요편리편리해요","배송도 빠르고 보자기도 고급스러워요. 무엇보다 아이들기관지에 좋다해서 구입했는데 맛도 좋고 아이들이 맛있어해요
매일매일 챙겨먹으니 목감기도 안걸리고 만족해요"
79,79,23.01.18.,5,"배도라지즙 110ml 50포: (일반)50포
유통기한아주 넉넉해요포장꼼꼼해요편리편리해요","아이는 도라지 맛때문에 조금 쓴가봐요
어른인 저는 따뜻하게 하루 한잔씩 하는데 아주 좋습니다^^"
80,80,23.01.15.,5,"배도라지즙 110ml 50포: (일반)50포
유통기한아주 넉넉해요포장꼼꼼해요편리편리해요",만족스러운 제품입니다.
81,81,23.01.14.,5,"배도라지즙 110ml 50포: (일반)50포
유통기한아주 넉넉해요포장꼼꼼해요편리편리해요","진하고 맛있어요
아이들이 먹기에는 도라지 향이 짙어서 인지,
어른입맛에 맞는 것 같아요
저는 도라지의 은은한 향기가 너무 좋았습니다 ^^"
82,82,23.01.13.,5,"배도라지즙 110ml 50포: (일반)50포
유통기한아주 넉넉해요포장꼼꼼해요편리편리해요","포장도 너무 꼼꼼히 오고 터진거 하나없었어요 
먹어보니 마냥 달기만 하지도 않고 적당한 쌉쌀한 맛이
건강해지는 기분 드네요 도라지함량 높아서
천식 비염이 어여 다 낫길 바래봅니다 !!! 
믿고 쭉 마셔볼게요 ♥️"
83,83,23.01.13.,5,"배도라지즙 110ml 50포: (일반)50포
유통기한아주 넉넉해요포장꼼꼼해요편리편리해요",감기가 걸렸는데 기침을 너무 많이해서 먹어보려고 샀는데...잘 먹네요. 끝맛에서 약간 쓴맛이나고 첫맛은 달아요
84,84,23.01.13.,5,"배도라지즙 110ml 50포: (일반)50포
유통기한아주 넉넉해요포장꼼꼼해요편리편리해요",하루애 배도라지즙 진짜 찐이네요. 수년간 집에서 엄마가 아빠천식때문에 직접 약탕기에 제조해서 만들어 주셨는데요. 이젠 나이가 드셔서 괜찮은 곳 찾아 헤매이다 하루애를 알게되서 먹고 있는데 다른 곳과 물희석도 안하고 찐이더라구요. 좋은 곳을 알게되서 너무 기쁘고  다 먹고나면 재구매하러 오겠습니다.
85,85,23.01.12.,5,"배도라지즙 110ml 50포: (일반)50포
유통기한아주 넉넉해요포장꼼꼼해요편리편리해요",끝맛이 도라지의 함량이 높아 쓰다고 했는다 아이가 너무 잘 먹어서 다행이고 좋았구요 함량이 높으면서도 110ml로 용량도 다른 배도라지즙보다 많아서 가성비 좋다고 생각했는데 마침 이벤트로 3+1을 하고 있어서 더더욱 마음에 들어요 !! 지금 온식구들이 감기로 고생하고 있는데 다 먹으면 또 구매하러 오겠습니다 :)
86,86,23.01.12.,5,"배도라지즙 110ml 50포: (일반)50포
유통기한아주 넉넉해요포장꼼꼼해요편리편리해요",일단 배송은 잘 왔어요 애들 먹여보고 후기 또 님길게요
87,87,23.01.12.,5,"배도라지즙 110ml 50포: (일반)50포
유통기한아주 넉넉해요포장꼼꼼해요편리편리해요",겨울만 되면 목이 건조해서 도라지배즙을 겨울철마다 구매해서 먹고 있어요 도라지 함량이 높아서 그런가 맛이 정말 진하고 달달하면서 도라지맛도 잘 느껴지네요! 꾸준히 먹어주면 목에 도움이 될 것 같습니당ㅎㅎ
88,88,23.01.11.,5,"배도라지즙 110ml 50포: (일반)50포
유통기한꽤 남았어요포장꼼꼼해요편리그냥그래요",코로나가 걸리고 기침 가래가 아직 남아있어요 ㅠㅠ 후유증이 심해 기관지에 좋은 배도라지즙을 먹어보기로 했어요 국내산 원재료에 도라지도 많이 들어가있어서 마지막에 씁씁할맛과 배의 달콤한 맛이 일품이네요 16개월 아기도 잘먹어요 ㅎㅎ
89,89,23.01.10.,5,"배도라지즙 110ml 50포: (일반)50포
유통기한아주 넉넉해요포장꼼꼼해요편리편리해요",온가족이 기침을 달고살아서 주문했는데 대박 성공적입니다  물한방울 안넣은게 확실히 티가 나요 정말 진해요 꾸준히 먹다보니 효과도 좋고요~ 한번 먹어봤으니 이벤트할때 왕창 주문 하려고요^^
90,90,23.01.10.,5,"배도라지즙 110ml 50포: (일반)50포
유통기한아주 넉넉해요포장꼼꼼해요편리편리해요","포장은 이뻐요 아직 먹어보진 못했지만
믿고 구매했어요 실망시키지 않았으면 좋겠어요"
91,91,23.01.09.,5,"배도라지즙 110ml 50포: (일반)50포
유통기한아주 넉넉해요포장꼼꼼해요편리편리해요","진짜 저희집 가족들 한명도 안 빼놓고, 하루도 안 빼먹고 매일 마시는 중이에요! 기관지에 좋다고 알고는 있었는데 시중에 나와있는 제품중에 가장 효과가 좋은 듯 해서 정착하려구요 ㅎㅎ 4인가족이 마시다보니 곰방 동이나서 재구매할 예정입니다~ 많이 파세요!"
92,92,23.01.09.,5,"배도라지즙 110ml 50포: (일반)50포
유통기한아주 넉넉해요포장꼼꼼해요편리편리해요","배,도라지,대추생강을 통째로 갈아 착즙후 4번에 걸쳐 정성스럽게 달인 배도라지라 저희 아이가 너무 맛있게 먹어요~~ 
저희가족 목관리, 배도라지즙으로 꾸준하게 챙겨먹을거예여 감사합니다💓"
93,93,23.01.08.,5,"배도라지즙 110ml 50포: (일반)50포
유통기한꽤 남았어요포장꼼꼼해요편리편리해요","터진 곳 하나 없이 꼼꼼히 도착했어요.
한포 뜯어서 마셔보았는데 정말 진해서 좋았어요. 배의 달달함과 도라지즙의 원액의 맛이어서 인위적이지 않아 좋았습니다 ♡ 코로나 후유증으로 고생중인데 기관지에 좋다니 앞으로 챙겨마셔보려구요~! 건강에 도움이 많이 되는 느낌입니다 감사합니다."
94,94,23.01.08.,5,"배도라지즙 110ml 50포: (일반)50포
유통기한아주 넉넉해요포장꼼꼼해요편리편리해요","동생이랑 엄마가 계속 기침해서 주문했습니다.
저희집이 기관지가 안좋은대요. 
많은 도움이될 것 같아요. 
배도라지 원액이라 믿음가네용!! 
많이파세용"
95,95,23.01.08.,5,"배도라지즙 110ml 50포: (일반)50포
유통기한아주 넉넉해요포장꼼꼼해요편리편리해요",이번 겨울에 열심히먹고있습니다
96,96,23.01.07.,5,"배도라지즙 110ml 50포: (일반)50포
유통기한아주 넉넉해요포장꼼꼼해요편리편리해요","진해서 엄청 달달하고 맛있네요 ㅎㅎ
마지막엔 약간 씁쓸한 도라지맛까지 도라지 함량 높다는게 느껴지네요.
꾸준히 먹으면 목에 도움될 거 같아요!!"
97,97,23.01.05.,5,"배도라지즙 110ml 50포: (일반)50포
유통기한아주 넉넉해요포장꼼꼼해요편리편리해요",배송 너무 빠름. 3박스 주문하면 1박스는 덤으로...
98,98,23.01.05.,5,"배도라지즙 110ml 50포: (일반)50포
유통기한아주 넉넉해요포장꼼꼼해요편리편리해요",찐하고 좋네요. 감기 안 걸릴 것 같은 느낌.
99,99,23.01.05.,5,"배도라지즙 110ml 50포: (일반)50포
유통기한아주 넉넉해요포장꼼꼼해요편리편리해요",배도라지즙 꾸준히 먹는터라 다양한 브랜드 접했는데. 청춘 배도라지는 기존에 먹던 것보다 확연히 맛이 진해요. 도라지의 쌉싸레한 뒷맛도 좋고요. 토마토즙 궁금했는데 샘플로 들어있어서 굿~ 주문해야겠습니다. 잘만드네요.
100,100,23.01.05.,5,"배도라지즙 110ml 50포: (일반)50포
유통기한아주 넉넉해요포장꼼꼼해요편리편리해요","포장도 꼼꼼하고 하나도 터지거나 부족한 것 없이
받았어요. 묽은 것 말고 진한 제품을 찾고 있었는데 진짜 진해요! 다행히 아이가 약도 자주 먹어서 그런지 이건 쓰다고 많이 못 느끼는지 잘 먹어요. 기관지가 약해서 배도라지즙 챙겨먹이는데 하루애로 정착하려구요👍 다음에 또 주문할게요."
101,101,23.01.05.,5,"배도라지즙 110ml 50포: (일반)50포
유통기한아주 넉넉해요포장꼼꼼해요편리편리해요","와... 저 진쨔... 첨 한봉지 뜯어마시고 개깜놀했어여.. 감동 ㅠㅠ
진짜 배랑 진짜 도라지로 짠 배즙이에여!!
그동안 사 마셨던 물 탄 배즙이 아님니다.
엄마가 예전에 저 기관지 안좋아서
직접 배사다가? 즙 만들어 주신적 있는데
그것보다 더 진한맛이에요!!
재료 진짜 아낌없이 넣으셨구나..
그리고 정말루 정직하게 만드시는구나!
이렇게 믿음가는 판매처 처음이에여 정말
보내주신 설명서에 아가들 아플때 수저나 빨대로 먹이면 좋다고 써주셨는데
드셔보심 아실거에요
약이에요 이건 보약이에요
사장님 좋은 상품 만들어주셔서 진심 감사드립니다
그리고 초심변치마시고 영원히 계속 판매해주세여...!!!!! 플리즈 ❤️"
102,102,23.01.03.,5,"배도라지즙 110ml 50포: (일반)50포
유통기한아주 넉넉해요포장꼼꼼해요편리편리해요","처음 시켜봤는데
포장도 꼼꼼하고 배송도 빠르고
좋았네요~오자마자 아이랑 한봉지씩 먹었는대요
맛도 괜찮았습니다.
목과 코가 약한 아이때문에 구매했는데
잘 먹어보겠습니다.번창하세요^^"
103,103,22.12.29.,5,"배도라지즙 110ml 50포: (일반)50포
유통기한아주 넉넉해요포장꼼꼼해요편리편리해요",맛이 진해서 물 섞어서 주고 있어요
104,104,22.12.27.,5,"배도라지즙 110ml 50포: (일반)50포
유통기한아주 넉넉해요포장꼼꼼해요편리편리해요","요즘 감기 때문에 무척 고생해서 따뜻한 물에 배도라지즙을 타먹으려고 구매했는데 일단 포장지가 예뻐서 손이 자주 갈 것 같고요, 진짜 제가 직접 달인 도라지배즙 맛이 날 정도로 진~ 해서 좋아요"
105,105,22.12.27.,5,"배도라지즙 110ml 50포: (일반)50포
유통기한아주 넉넉해요포장꼼꼼해요편리편리해요","날씨가 급격하게 추워져서 겨울템들을
조금 늦게 준비한감있는데, 든든하게 먹고있어요!
도라지함량이 높다보니 달달하면서도 끝에는 쓴맛이 나서 저는 한과랑 즐겼어요"
106,106,22.12.27.,5,"배도라지즙 110ml 50포: (일반)50포
유통기한아주 넉넉해요포장꼼꼼해요편리편리해요",진한 맛이 너무 일품입니다.... 포장도 깔끔해서 선물하기 좋아요.
107,107,22.12.27.,5,"배도라지즙 110ml 50포: (일반)50포
유통기한아주 넉넉해요포장꼼꼼해요편리편리해요","물을 안넣고 달인 배숙이라 그런지 진함이 다르더라고요 
배의 달달함과 마지막 도라지의 쓴맛이 있어 처음엔 아이가 3분의 2정도만 먹긴 했는데 몇번 먹다보니 끝까지 아주 잘 먹고 있네요 
겨울철 온가족 건강간식으로 아주 좋네요 ㅎㅎㅎ"
108,108,22.12.27.,5,"배도라지즙 110ml 50포: (일반)50포
유통기한아주 넉넉해요포장꼼꼼해요편리편리해요","공장사진들이 엄청 깨끗해보여서 HACCP 인증업체는 다르구나 믿을만하구나 생각이 들더라고요
좋은재료로 만들어서 진하고 단맛도 나고 끝에는 도라지의 씁쓸한 맛도 나요 도라지함량이 매우높구나 했어요
최근 목이 칼칼하니 감기가 오려나 했는데 무사히 지나간 것 같아 도움이 된 것 같아 좋네요 :)"
109,109,22.12.25.,5,"배도라지즙 110ml 50포: (일반)50포
유통기한아주 넉넉해요포장꼼꼼해요편리편리해요","도라지배즙이라고 해서 씁쓸하기만 할 줄 알았는데 넘 맛있고 건강해지는 기분이에요!!!
온가족이 함께 먹는 도라지배즙 덕분에 건강하게 연말을 보낼 수 있겠네요~! 가까운 지인들에게도 선물하려구요. 감사합니다."
110,110,22.12.24.,5,"배도라지즙 110ml 50포: (일반)50포
유통기한아주 넉넉해요포장꼼꼼해요편리편리해요",배 맛도 많이 느껴지고 겨울철 건조할 때 기관지 까끌한 느낌이 많았는데 줄어드는 것 같아 좋아요^^
111,111,22.12.24.,5,"배도라지즙 110ml 50포: (일반)50포
유통기한아주 넉넉해요포장꼼꼼해요편리편리해요","우리가족이 독감에 걸리는 바람에 안되겠더라구요.
 날씨가 너무 추워져서 또다시 감기걸릴것 같아 예방차원에서 우리 가족 모두를 위해서 배도라지를 구입햇는데 3중포장으로 잘 되어있어서 터지거나 그런것도 없이 잘 왔어요.

100%국내산 배, 도라지, 생강, 대추까지 들어가있고, 아이배즙답게 처음에는 단맛이 나다가, 끝은 도라지의쓴맛이 나더라구요 

이번 감기걸리면 엄청 오래 걸린다고 해요
저번에 걸렸을때 2주 걸려서 엄청 고생했거든요. 
이번에는 감기 안걸리게 조심 또조심하면서
배도라지를 잘 챙겨먹을라고요."
112,112,22.12.23.,5,"배도라지즙 110ml 50포: (일반)50포
유통기한아주 넉넉해요포장꼼꼼해요편리편리해요","저희 아이들이 처음에는 달다고 하다가 나중에는 쓰다고 표현을 하는데 정확히 첫맛은 배의 단맛, 뒷맛은 도라지의 쓴맛이 담겨있어 놀랐습니다.
저는 미세해서 별 차이를 못 느끼겠는데 6살, 4살 아이들은 확실한 차이를 느끼나 봅니다.
랜덤 테스트 ㅎㅎ 잔에 따라서 먹어 보니 역시 착즙!! 배, 도라지, 대추, 생강들의 미세한 입자들이 보이네요.
합격!! 진한 배도라지 잘 먹겠습니다. ^^"
113,113,22.12.22.,5,"배도라지즙 110ml 50포: (일반)50포
유통기한아주 넉넉해요포장꼼꼼해요편리편리해요","헐! 아주 맛있어요
진짜 찐해요 도라지맛도 강하고 배맛도 강한데
달아요 달면서 또 건강한 맛이에요 너무 맛있어서 놀랐어요
박스도 고급지고 예뻐서 요대로 선물하거나 병문안 용으로도 추천이요"
114,114,22.12.22.,5,"배도라지즙 110ml 50포: (일반)50포
유통기한아주 넉넉해요포장꼼꼼해요편리편리해요","정말 너무 맛있고 좋습니다. 특히 배즙과 도라지즙이 기관지에 좋다고 옛날에도 주문을 많이 해서 먹었었는데요. 여기는 지금까지 먹어본 곳 중에서 가장 좋았어요. 시원하게 해서 먹으면 음료수 대용으로도 먹을 수 있고, 아무래도 겨울이 다가오니 몸 건강에 신경을 쓰게 되는데요. 정말 맛도 맛이지만 건강에 많은 도움이 될 것 같습니다. 감사합니다. 강추에요"
115,115,22.12.22.,5,"배도라지즙 110ml 50포: (일반)50포
유통기한아주 넉넉해요포장꼼꼼해요편리편리해요",요즘 날씨가 추워서 목이 칼칼하고 아파서 배도라지즙 주문했는데 진짜 목이 건강해지는 느낌입니다~ 도라지 함량이 높아서 끝맛이 씁쓸한 맛이 나고 진해서 좋습니다~ 다 마시면 또 주문할께요~
116,116,22.12.21.,5,"배도라지즙 110ml 50포: (일반)50포
유통기한아주 넉넉해요포장꼼꼼해요편리편리해요","기관지가 안좋아져서 사먹어봤는데, 너무 달달하니 맛있네요.
일교차 심한날 따뜻하게 데워서 먹으면 너무 좋을것같아요.
포장도 너무깔끔하고 국내산제품에 깔끔한 공장에서 제조한다고하니
더욱믿음이가네요 다먹고 재구매 할게요. 맛있게 건강하게 만들어주셔서 감사합니다."
117,117,22.12.21.,5,"배도라지즙 110ml 50포: (일반)50포
유통기한아주 넉넉해요포장꼼꼼해요편리편리해요",목이 간질긴질해서 몸에 좋은게 도라지배즙이라하여 주문하여 먹다보니 대만족입니다.100%착즙이라서 그런지 달고 맛있고 기관지에도 폐에도 좋은 도라배즙을 먹게되어 참 좋았네요!이벤트로 싸게 구매해서 더 좋았어요.많이 파시고 번창하세요.
118,118,22.12.21.,5,"배도라지즙 110ml 50포: (일반)50포
유통기한아주 넉넉해요포장꼼꼼해요편리편리해요",겨울이 되면 가족들 목감기가 자주 걸려 항상 구매합니다. 무엇보다 맛이 진하고 도라지 함량이 다른 곳보다 높아 목감기에 도움이 될 것 같아 기대합니다~제조과정을 보니 공장이 깨끗해보여 신뢰감도 생기고~
119,119,22.12.21.,5,"배도라지즙 110ml 50포: (일반)50포
유통기한아주 넉넉해요포장꼼꼼해요편리편리해요","기관지가 좋지 않은 아이 간식으로 좋아요. 그렇게 달지도 않고 국내산 재료로만 만들어서 안심하고 먹이고 있습니다.
물 1 도라지즙 1의 비율로 섞여먹이고 있는데 아주 잘 먹어줍니다."
120,120,22.12.13.,5,"배도라지즙 110ml 50포: (일반)50포
유통기한아주 넉넉해요포장꼼꼼해요편리편리해요",솔직히 너무 쓴맛 심하면 마시기 힘들텐데 배 단맛이 다른 재료의 쌉싸름한 맛을 넘 잘 잡아줘서 마시기 편해요. 도라지 함량이 높은데다 배숙 스타일로 만든 도라지배즙이라 만족이에요! 가족 선물로 좋겠어요
121,121,22.12.13.,5,"배도라지즙 110ml 50포: (일반)50포
유통기한아주 넉넉해요포장꼼꼼해요편리편리해요",코로나 걸린 이후 딸부터 남편 친정식구들까지 감기만 걸리면 목부터 오고 평소에도 피곤하면 목에서부터 느껴져 꾸준히 관리하려고 구매했어요~ 도라지 함량도 높고 국내산 재료들이라 맘에 듭니다! 진한맛에 향도 좋아 딸도 잘마시네요~ 번창하세요
122,122,22.12.13.,5,"배도라지즙 110ml 50포: (일반)50포
유통기한아주 넉넉해요포장꼼꼼해요편리편리해요",요즘 날씨가 추워져서 기관지가 너무 건조하더라구요. 조금만 지나면 목감기 걸리기에 딱 좋아서 미리미리 목에 좋은 배도라지즙 챙겨 먹고자 주문했습니다. 맛이 진하고 들어간 재료들이 좋아서 믿고 마실 수 있는 것 같아요. 도라지 함량이 높아서 그런지 도라지 특유의 맛도 너무 잘 느껴집니다!
123,123,22.12.13.,5,"배도라지즙 110ml 50포: (일반)50포
유통기한아주 넉넉해요포장꼼꼼해요편리편리해요",배도라지즙 많이 시켜서 먹는 편인데 기침에 좋은 즙이라서 이번에도 시켜봤어요!! 여기꺼는 도라지함량도 높고 진해서 먹기 좋은거같아요^^
124,124,22.12.13.,5,"배도라지즙 110ml 50포: (일반)50포
유통기한아주 넉넉해요포장꼼꼼해요편리편리해요",정말 집에서 엄마가 해주시던 배숙 맛과 가장 흡사해요! 깔끔한 단맛에 은은한 쌉사름함이 매력적이네요 데워먹으면 훨씬 맛있음. 확실히 원물 재료가 신선하고 정성들여 달인 느낌이 들어요!
125,125,22.12.13.,5,"배도라지즙 110ml 50포: (일반)50포
유통기한아주 넉넉해요포장꼼꼼해요편리편리해요","꼼꼼하고 완벽한 배송 상태! 
그동안 먹었던 그 어떤 배즙보다 진하더라구요 
그냥 물탄맛이 아니라 정말 도라지 배 듬뿍 넣고 정성으로 달여만든 맛이라서 저는 너무 좋았어요! 도라지, 배 정직한 원물향도 너무 좋고 박스 손잡이가 있어 선물용으로도 너무너무 좋을것 같아요! 겨울내내 감기예방으로 차처럼 마시려고 주문했고, 다먹으면 다시 주문 하려구요 :)"
126,126,22.12.12.,5,"배도라지즙 110ml 50포: (일반)50포
유통기한아주 넉넉해요포장꼼꼼해요편리편리해요",확실히  일반배즙이랑은 맛도다르고 색깔부터가 달라요! 시중에 판매되는 배즙은 맹물같이 느껴질정도로 진하고 깊은맛이 나네요!
127,127,22.12.12.,5,"배도라지즙 110ml 50포: (일반)50포
유통기한아주 넉넉해요포장꼼꼼해요편리편리해요","요즘 목감기철인지 목이 칼칼하고 상태가 좋지 않아서 주문했어요!!! 다른 도라지배즙은 배맛만 강했는데 하루애청춘 배도라지즙은 진하고 마지막에 도라자의 쓴맛도 나서 진짜 목에 도움 많이 될 것 같아요! 매일 한포씩 마시고 있는데 확실히 많이 좋아졌어요- 거기다가 50포이니 한달 반 정도는 넉넉히
마실거같아요!ㅎㅎ 겨울엔 배도라지즙 최고..👍"
128,128,22.12.12.,5,"배도라지즙 110ml 50포: (일반)50포
유통기한아주 넉넉해요포장꼼꼼해요편리그냥그래요",다른배즙보다 진한것같아요 잘먹고있어요
129,129,22.12.12.,5,"배도라지즙 110ml 50포: (일반)50포
유통기한아주 넉넉해요포장꼼꼼해요편리편리해요",정성껏 달인 배숙이라서 너무 마음에 들며 마시고 있어요!! 맛도 진하고용 기관지가 건강해지는 게 느껴져서 잘 챙겨먹고 있어요~~ :) 용량도 넉넉하게 들어있어서 정말 좋아용!! ㅎㅎ
130,130,22.12.11.,5,"배도라지즙 110ml 50포: (일반)50포
유통기한아주 넉넉해요포장꼼꼼해요편리편리해요",도라지 함량 많아서 믿고 구매했어요 대추도 들어가서 그런지 색도 진하네요 도라지로 약간 씁쓸한 맛이 나는 데도 아이들도 잘 먹었어요 ㅎㅎ 봉지까지 연핑크로 이뿌다뇨 ㅎ 선물용으로도 좋을거 같아요!!
131,131,22.12.11.,5,"배도라지즙 110ml 50포: (일반)50포
유통기한아주 넉넉해요포장꼼꼼해요편리편리해요","배송도 진짜 빠르고 진해서 너무 좋더라구용
마지막에 도라지 씁쓸한 맛이 나서 
건강한 느낌을 받았어요!
도라지 함량도 높아서 좋아용"
132,132,22.12.10.,5,"배도라지즙 110ml 50포: (일반)50포
유통기한아주 넉넉해요포장꼼꼼해요편리편리해요","도라지 함량이 높아서 주문해봤어요~
원물 그대로 들어가서 진하고 맛도 좋아요!!
마지막에 살짝 도라지의 씁쓸한 맛이 나는데 괜찮아요
기관지가 안좋은 편인데 꾸준히 먹어주려구요ㅎㅎ"
133,133,22.12.10.,5,"배도라지즙 110ml 50포: (일반)50포
유통기한아주 넉넉해요포장꼼꼼해요편리편리해요","사실 도라지를 직접 달여먹는데 여기 도라지 찐(?)이네요? 집에서 먹을수 있는 양은 한정적이라 선물용으로 구매해서 저도 먹어봤는데, 
오히려 맛도 더 좋고 패키지도 예뻐서 만족스러웠어요. 감기예방에도 좋을거 같고요 👍🏻"
134,134,22.12.07.,5,"배도라지즙 110ml 50포: (일반)50포
유통기한아주 넉넉해요포장꼼꼼해요편리편리해요","물 한 방울 넣지 않고 배, 도라지, 생강, 대추만을 사용해 달여서 그런지 맛이 진하고 기관지 건강과 감기 예방에 도움이 될 것 같았어요. 온 가족 겨울 건강음료로 딱 제격이에요!"
135,135,22.12.07.,5,"배도라지즙 110ml 50포: (일반)50포
유통기한아주 넉넉해요포장꼼꼼해요편리편리해요","달달하면서도 끝맛에 씁쓸한 맛도 나고, 배나 도라지 맛이 지나치지 않아서 잘 먹고 있습니다."
136,136,22.12.07.,5,"배도라지즙 110ml 50포: (일반)50포
유통기한아주 넉넉해요포장꼼꼼해요편리편리해요","요즘 기침도 자주하고 목도 간지러워서 챙겨먹는 배즙 먹기도 간편해서 한포씩 잘 챙겨먹고 있어요~~~
아이들 간식으로도 추천합니다♥️"
137,137,22.12.07.,5,"배도라지즙 110ml 50포: (일반)50포
유통기한아주 넉넉해요포장꼼꼼해요편리편리해요",맛있고 좋아요. 꾸준히 마시고 있답니다
138,138,22.12.06.,5,"배도라지즙 110ml 50포: (일반)50포
유통기한아주 넉넉해요포장꼼꼼해요편리편리해요","도라지의 맛은 느껴지지만 건강 생각하면 그 정도는 먹어야죠..
목건강에 도움이 되는 듯 해서 자주 챙겨먹습니다. 굿굿"
139,139,22.11.30.,5,"배도라지즙 110ml 50포: (일반)50포
유통기한아주 넉넉해요포장꼼꼼해요편리편리해요","너무 맛있고 시원하고 좋네요
겨울철 시원하게 즐길 수 있는 배도라지즙
평소 기관지가 좋지 않아 주문해서 꾸준히 마시고 있는데 면역력 키우는데도 좋고 목건강에 정말 좋은 즙이에요
거기다 맛있기까지 하니 1석 2조 느낌 완전 제대로입니다."
140,140,22.12.13.,5,"배도라지즙 110ml 50포: (일반)50포
유통기한아주 넉넉해요포장꼼꼼해요편리편리해요",솔직히 너무 쓴맛 심하면 마시기 힘들텐데 배 단맛이 다른 재료의 쌉싸름한 맛을 넘 잘 잡아줘서 마시기 편해요. 도라지 함량이 높은데다 배숙 스타일로 만든 도라지배즙이라 만족이에요! 가족 선물로 좋겠어요
141,141,22.12.13.,5,"배도라지즙 110ml 50포: (일반)50포
유통기한아주 넉넉해요포장꼼꼼해요편리편리해요",코로나 걸린 이후 딸부터 남편 친정식구들까지 감기만 걸리면 목부터 오고 평소에도 피곤하면 목에서부터 느껴져 꾸준히 관리하려고 구매했어요~ 도라지 함량도 높고 국내산 재료들이라 맘에 듭니다! 진한맛에 향도 좋아 딸도 잘마시네요~ 번창하세요
142,142,22.12.13.,5,"배도라지즙 110ml 50포: (일반)50포
유통기한아주 넉넉해요포장꼼꼼해요편리편리해요",요즘 날씨가 추워져서 기관지가 너무 건조하더라구요. 조금만 지나면 목감기 걸리기에 딱 좋아서 미리미리 목에 좋은 배도라지즙 챙겨 먹고자 주문했습니다. 맛이 진하고 들어간 재료들이 좋아서 믿고 마실 수 있는 것 같아요. 도라지 함량이 높아서 그런지 도라지 특유의 맛도 너무 잘 느껴집니다!
143,143,22.12.13.,5,"배도라지즙 110ml 50포: (일반)50포
유통기한아주 넉넉해요포장꼼꼼해요편리편리해요",배도라지즙 많이 시켜서 먹는 편인데 기침에 좋은 즙이라서 이번에도 시켜봤어요!! 여기꺼는 도라지함량도 높고 진해서 먹기 좋은거같아요^^
144,144,22.12.13.,5,"배도라지즙 110ml 50포: (일반)50포
유통기한아주 넉넉해요포장꼼꼼해요편리편리해요",정말 집에서 엄마가 해주시던 배숙 맛과 가장 흡사해요! 깔끔한 단맛에 은은한 쌉사름함이 매력적이네요 데워먹으면 훨씬 맛있음. 확실히 원물 재료가 신선하고 정성들여 달인 느낌이 들어요!
145,145,22.12.13.,5,"배도라지즙 110ml 50포: (일반)50포
유통기한아주 넉넉해요포장꼼꼼해요편리편리해요","꼼꼼하고 완벽한 배송 상태! 
그동안 먹었던 그 어떤 배즙보다 진하더라구요 
그냥 물탄맛이 아니라 정말 도라지 배 듬뿍 넣고 정성으로 달여만든 맛이라서 저는 너무 좋았어요! 도라지, 배 정직한 원물향도 너무 좋고 박스 손잡이가 있어 선물용으로도 너무너무 좋을것 같아요! 겨울내내 감기예방으로 차처럼 마시려고 주문했고, 다먹으면 다시 주문 하려구요 :)"
146,146,22.12.12.,5,"배도라지즙 110ml 50포: (일반)50포
유통기한아주 넉넉해요포장꼼꼼해요편리편리해요",확실히  일반배즙이랑은 맛도다르고 색깔부터가 달라요! 시중에 판매되는 배즙은 맹물같이 느껴질정도로 진하고 깊은맛이 나네요!
147,147,22.12.12.,5,"배도라지즙 110ml 50포: (일반)50포
유통기한아주 넉넉해요포장꼼꼼해요편리편리해요","요즘 목감기철인지 목이 칼칼하고 상태가 좋지 않아서 주문했어요!!! 다른 도라지배즙은 배맛만 강했는데 하루애청춘 배도라지즙은 진하고 마지막에 도라자의 쓴맛도 나서 진짜 목에 도움 많이 될 것 같아요! 매일 한포씩 마시고 있는데 확실히 많이 좋아졌어요- 거기다가 50포이니 한달 반 정도는 넉넉히
마실거같아요!ㅎㅎ 겨울엔 배도라지즙 최고..👍"
148,148,22.12.12.,5,"배도라지즙 110ml 50포: (일반)50포
유통기한아주 넉넉해요포장꼼꼼해요편리그냥그래요",다른배즙보다 진한것같아요 잘먹고있어요
149,149,22.12.12.,5,"배도라지즙 110ml 50포: (일반)50포
유통기한아주 넉넉해요포장꼼꼼해요편리편리해요",정성껏 달인 배숙이라서 너무 마음에 들며 마시고 있어요!! 맛도 진하고용 기관지가 건강해지는 게 느껴져서 잘 챙겨먹고 있어요~~ :) 용량도 넉넉하게 들어있어서 정말 좋아용!! ㅎㅎ
150,150,22.12.11.,5,"배도라지즙 110ml 50포: (일반)50포
유통기한아주 넉넉해요포장꼼꼼해요편리편리해요",도라지 함량 많아서 믿고 구매했어요 대추도 들어가서 그런지 색도 진하네요 도라지로 약간 씁쓸한 맛이 나는 데도 아이들도 잘 먹었어요 ㅎㅎ 봉지까지 연핑크로 이뿌다뇨 ㅎ 선물용으로도 좋을거 같아요!!
151,151,22.12.11.,5,"배도라지즙 110ml 50포: (일반)50포
유통기한아주 넉넉해요포장꼼꼼해요편리편리해요","배송도 진짜 빠르고 진해서 너무 좋더라구용
마지막에 도라지 씁쓸한 맛이 나서 
건강한 느낌을 받았어요!
도라지 함량도 높아서 좋아용"
152,152,22.12.10.,5,"배도라지즙 110ml 50포: (일반)50포
유통기한아주 넉넉해요포장꼼꼼해요편리편리해요","도라지 함량이 높아서 주문해봤어요~
원물 그대로 들어가서 진하고 맛도 좋아요!!
마지막에 살짝 도라지의 씁쓸한 맛이 나는데 괜찮아요
기관지가 안좋은 편인데 꾸준히 먹어주려구요ㅎㅎ"
153,153,22.12.10.,5,"배도라지즙 110ml 50포: (일반)50포
유통기한아주 넉넉해요포장꼼꼼해요편리편리해요","사실 도라지를 직접 달여먹는데 여기 도라지 찐(?)이네요? 집에서 먹을수 있는 양은 한정적이라 선물용으로 구매해서 저도 먹어봤는데, 
오히려 맛도 더 좋고 패키지도 예뻐서 만족스러웠어요. 감기예방에도 좋을거 같고요 👍🏻"
154,154,22.12.07.,5,"배도라지즙 110ml 50포: (일반)50포
유통기한아주 넉넉해요포장꼼꼼해요편리편리해요","물 한 방울 넣지 않고 배, 도라지, 생강, 대추만을 사용해 달여서 그런지 맛이 진하고 기관지 건강과 감기 예방에 도움이 될 것 같았어요. 온 가족 겨울 건강음료로 딱 제격이에요!"
155,155,22.12.07.,5,"배도라지즙 110ml 50포: (일반)50포
유통기한아주 넉넉해요포장꼼꼼해요편리편리해요","달달하면서도 끝맛에 씁쓸한 맛도 나고, 배나 도라지 맛이 지나치지 않아서 잘 먹고 있습니다."
156,156,22.12.07.,5,"배도라지즙 110ml 50포: (일반)50포
유통기한아주 넉넉해요포장꼼꼼해요편리편리해요","요즘 기침도 자주하고 목도 간지러워서 챙겨먹는 배즙 먹기도 간편해서 한포씩 잘 챙겨먹고 있어요~~~
아이들 간식으로도 추천합니다♥️"
157,157,22.12.07.,5,"배도라지즙 110ml 50포: (일반)50포
유통기한아주 넉넉해요포장꼼꼼해요편리편리해요",맛있고 좋아요. 꾸준히 마시고 있답니다
158,158,22.12.06.,5,"배도라지즙 110ml 50포: (일반)50포
유통기한아주 넉넉해요포장꼼꼼해요편리편리해요","도라지의 맛은 느껴지지만 건강 생각하면 그 정도는 먹어야죠..
목건강에 도움이 되는 듯 해서 자주 챙겨먹습니다. 굿굿"
159,159,22.11.30.,5,"배도라지즙 110ml 50포: (일반)50포
유통기한아주 넉넉해요포장꼼꼼해요편리편리해요","너무 맛있고 시원하고 좋네요
겨울철 시원하게 즐길 수 있는 배도라지즙
평소 기관지가 좋지 않아 주문해서 꾸준히 마시고 있는데 면역력 키우는데도 좋고 목건강에 정말 좋은 즙이에요
거기다 맛있기까지 하니 1석 2조 느낌 완전 제대로입니다."
160,160,22.10.07.,5,"배도라지즙 110ml 50포: (일반)50포
유통기한꽤 남았어요포장적당해요편리그냥그래요",좋아요 맛있어요 아기가잘먹어ᄋᆢㄷ
161,161,22.10.04.,5,"배도라지즙 110ml 50포: (일반)50포
유통기한아주 넉넉해요포장꼼꼼해요편리편리해요","색깔만 봐서는 다른데랑 비슷한데?? 싶었는데 마셔보니 맛이 진하고 목 넘김 후에 대추, 생강의 쌉싸름한 맛이 느껴져요~ 
가족들이랑 아침에 1포씩 챙겨먹고 있는데 다 먹으면 재구매 의사 있습니다"
162,162,22.09.30.,5,"배도라지즙 110ml 50포: (일반)50포
유통기한아주 넉넉해요포장꼼꼼해요편리편리해요",주문과 동시에 배송되는것같아요ㅋㅋ 서비스도 넣어주시고 감사합니다 맛있어요
163,163,22.09.26.,5,"배도라지즙 110ml 50포: (일반)50포
유통기한아주 넉넉해요포장꼼꼼해요편리편리해요",유통기한 아주 넉넉하구요 ㅎㅎ먹기 편리합니다!! 포장도 꼼꼼해서 맛도 좋고 강추합니다 ㅎㅎ
164,164,22.09.24.,5,"배도라지즙 110ml 50포: (일반)50포
유통기한아주 넉넉해요포장꼼꼼해요편리편리해요","환절기인 지금 딱 필요한 즙같습니다
진하고 마지막에 도라지의 씁쓸한맛이나서 진짜 목에 도움을 줄 것 같아요"
165,165,22.09.21.,5,"배도라지즙 110ml 50포: (일반)50포
유통기한아주 넉넉해요포장꼼꼼해요편리편리해요",쓴맛이 느껴져서.. 아이가 안먹을까 살짝 우려했는데 생각보다 잘 마셔주네요.
166,166,22.09.20.,5,"배도라지즙 110ml 50포: (일반)50포
유통기한아주 넉넉해요포장꼼꼼해요편리편리해요","50포로 양이 정말 많네요^^
선물하기도 좋게 손잡이박스 만들수 있구요.  맛도 정말 좋은것 같아요.
따르자마자 달콤한 호박엿 같은 냄새가 나는데요.
맛이 달콤하고 뒷맛이 살짝 쌉싸름한 도라지 맛이 있어서 아이들도 잘 먹을수 있을것 같아요.
색상도 진해서 아주 진하게 달여낸것 같습니다.
맛있게 주스처럼 마시면서 환절기 기관지 건강 챙겨야겠네요^^"
167,167,22.09.19.,5,"배도라지즙 110ml 50포: (일반)50포
유통기한아주 넉넉해요포장꼼꼼해요편리편리해요",배의 달달함이랑 도라지의 씁쓸함이 같이 나는데 그만큼 도라지 함량이 높아서 마음에 드네요. 그리고 4살 아이가 잘 먹는 편이라 만족합니다. 진한 진짜 배숙 찾는 분들이라면 추천해요
168,168,22.09.17.,5,"배도라지즙 110ml 50포: (일반)50포
유통기한아주 넉넉해요포장꼼꼼해요편리편리해요","지금껏 먹어 본 도라지배즙 중 탑이예요.
환절기때 늘 찾는 배도라지 즙인데 이번에 청춘 정착합니다.
8.9살 딸 아들도 파우치 한팩 한번에 클리어했어요"
169,169,22.09.17.,5,"배도라지즙 110ml 50포: (일반)50포
유통기한아주 넉넉해요포장꼼꼼해요편리편리해요","배도라지즙 진짜 맛있네요.
너무 달지도 않고, 싱겁지도 않고
맛이 좋아서 잘 챙겨 먹을 것 같아요!"
170,170,22.09.17.,5,"배도라지즙 110ml 50포: (일반)50포
유통기한아주 넉넉해요포장꼼꼼해요편리편리해요","도라지배즙 디자인이 넘 이쁘네요.
포장도 이중박스로 안전하게 잘 배송이 되어서 갯수도 다 맞고, 터진것도 하나 없이 잘 받았습니다.
받자마자 한포 뜯어서 바로 마셨는데요.
와우.진짜 진한 도라지배즙이네요.
배의 달달한 맛과 도라지의 쓴맛이 같이 나는데 도라지의 쓴맛이 제 입에는 그리 쓰지 않아요. 먹기 딱 좋습니다.
연한 맛이 아닌 진한 맛이라 진짜 맛도 좋고 왠지 진짜 건강한 즙을 마신다는 느낌이 팍팍 듭니다.
얼음동동띄워서 마셔봤는데 더운 날은 시원하게 마셔주니 또 좋네요.
워낙 진해서 얼음넣어 다소 희석해도 절대 뒤지지 않을 진한 맛입니다.
넘 맛있어요..진짜 맛있습니다.
잘 먹을께요..^^"
171,171,22.09.16.,5,"배도라지즙 110ml 50포: (일반)50포
유통기한아주 넉넉해요포장꼼꼼해요편리편리해요","일단 색이 진해서 물을 섞지 않았다는 말에 신뢰가 갔어요. 한모금 마셨을 때 달달한 맛이 느껴지다가 마지막에 쌉싸름한 도라지맛이 확!나네요~ 
온가족이 이번에 코로나에 걸리면어 심하게 목감기를 앓았는데 이번에 청춘 배도라지즙으로 목건강 지켜볼랍니다 ㅎㅎ"
172,172,22.09.15.,5,"배도라지즙 110ml 50포: (일반)50포
유통기한아주 넉넉해요포장꼼꼼해요편리편리해요",좋은 원물을 깨끗한 공장에서 철저하게 품질관리하며 진하게 달여낸 하루애 청춘 배도라지즙으로 우리가족 환절기 목 건강은 이제 걱정없을듯 해요:)
173,173,22.09.15.,5,"배도라지즙 110ml 50포: (보자기포장)50포
유통기한아주 넉넉해요포장꼼꼼해요편리편리해요",정말 좋아하시네여! 굿!
174,174,22.09.15.,5,"배도라지즙 110ml 50포: (일반)50포
유통기한아주 넉넉해요포장꼼꼼해요편리편리해요",코로나 확진 이후에 늘 목이 간질거리는 느낌이 있어서 주문했어요. 꾸준하게 섭취하면 좋을 것 같네요!
175,175,22.09.14.,5,"배도라지즙 110ml 50포: (일반)50포
유통기한아주 넉넉해요포장꼼꼼해요편리그냥그래요",일단 디자인이 예뻐요 삼남매 매일 복용 하고 건강해지면 좋겠어요
176,176,22.08.31.,5,"배도라지즙 110ml 50포: (일반)50포
유통기한아주 넉넉해요포장꼼꼼해요편리편리해요","오 기대했던 것보다 훨씬 진해요!!
밥 먹기 전에 먹어서 그런 건가?
끝에 도라지 맛이 강하게 나요
먹어봤던 곳 중에 가장 진한 거 같아요
 앞으로 배 도라지즙은 이걸로 정착할 할 것 같아요
 제발 변하지 마시고 초심 그대로 판매해주세요
 밥 먹고 다시 먹어보고 이 느낌이 아니면 추가로 글쓸께요

--------식후 평---------
식후에 먹어보니 식전에 먹었을 때의 그 충격 보단 덜하지만 여전히 도라지 맛은 강하네요 
그리고 집에 다른회사 배도라지즙이 있는데 비교해서 먹어보니 그집꺼는 물을 많이 섞었네요.

 먹기 힘들게 쓴 건 아니고 달다가 아가 끝 맛이 쓴 정도예요
 만족합니다. 많이 파세요 ~"
177,177,22.08.30.,5,"배도라지즙 110ml 50포: (일반)50포
유통기한아주 넉넉해요포장꼼꼼해요편리편리해요","저는 여기서 토마토즙 시켜먹고 또 구매하려고 들어왔다가 배도라지즙도 있어서 시켜봤어요!
근데 포장부터 맘에 드네요ㅋㅋㅋ 
팩이 이렇게 이뻐도 되는거에요?! 들고다니면서 먹어도 되겠어요~ 환절기마다 콧구멍 건조하고 알러지 증상까지 나타나서 간지럽고…휴 ㅠㅠ 
배도라지즙 다른데서 먹어봤는데 여기는 그냥 원액 자체에요~토마토 먹어보고 믿음이 가서 시킨 저에게 칭찬합니당ㅋㅋㅋ^_^"
178,178,22.08.27.,5,"배도라지즙 110ml 50포: (일반)50포
유통기한아주 넉넉해요포장꼼꼼해요편리편리해요",목이 간질간질해질 시기 대비해 면역력 강화를 위해 아이와 먹으려 배도라지 찾다 주문했어요. 일단 배송리 뭐 하루만에 왔구요. 패킹도 엄청 꼼꼼하게 잘왔어요. 포장재가 너무 이뻐서 냉장고 정리에도 깔끔하네요~ 이제 먹기 시작해서 어마무시한 효과를 느끼는건 아니지만 먹기에도 일단 편하고 도라지물이나 향같은 정도가 아니라 좀더 진하네요. 다 먹고 재구매 의향 있어요~
179,179,22.08.26.,5,"배도라지즙 110ml 50포: (일반)50포
유통기한아주 넉넉해요포장꼼꼼해요편리편리해요",환절기에 항상 잔기침을 달고 사는사람 입니다. 검색하다보니 해썹에 국내산 배와도라지 믿고 구매해봤습니다 대박이네요 이렇게 진한상품은 처음입니다 달달하면서 끝맛에 도라지의 쌉쌉한 맛이 일품 입니다  너무 진해서 사진 한번 올려봅니다 놀랬습니다. 무조건 재구매 할예정 입니다 판매자님 마음 변치 마시고 이대로만 부탁드립니다 좋은제품 감사합니다
180,180,22.08.25.,5,"배도라지즙 110ml 50포: (보자기포장)50포
유통기한아주 넉넉해요포장꼼꼼해요편리편리해요","부모님이 코로나에 걸린 후 몸이 약해 지셨는지 목이 칼칼하고 가래가 낀다고 하셔서 배 도라지 즙을 여러 가지 비교하고 구입했습니다
 리뷰가 얼마 없어서 걱정했는데 여기꺼 칡즙을 먹고있어서 믿고 구입해 봤습니다
 부모님께서 진짜 진하다고 좋아하시네요 
배도라지즙 때문인지 모르겠지만 가래도 줄었다고 하십니다 
재구매 할것 같아요"
181,181,22.08.25.,5,"배도라지즙 110ml 50포: (일반)50포
유통기한아주 넉넉해요포장꼼꼼해요편리편리해요","아이 먹일 배도라지즙 찾고 있었는데 지인분 추천으로 구매하게 되었네요. 
아이가 안먹으면 어쩌나 했었는데 잘 먹어주네요ㅎ 올 겨울 오기전에 미리 쟁여 놓고 먹이려고 합니당ㅎ 올해 겨울 감기 걱정은 덜었네용ㅎ"
182,182,22.08.23.,5,"배도라지즙 110ml 50포: (일반)50포
유통기한아주 넉넉해요포장꼼꼼해요편리편리해요","배도라지즙 여기 저기서 많이 먹어봤는데 제일 맘에드네요
뒷맛이 씁쓸한게 도라지 느낌이 나요 생강때문인가? 그래도 첫 맛이 달작지근해서 그런지 애들도 잘먹네요
암튼 제가 직업상 목 때문에 고생하는데 아이들이랑 꾸준히 먹어보려합니다. 
아, 배송도 포장도 꼼꼼하게 잘 왔어요
수고하세요~"
