,Unnamed: 0,기입날짜,별점,옵션,후기,sentiment,,Unnamed: 6
0,0,23.04.13.,5,모델: 1.NEW 에어팟3세대 / 옵션: 49-반투명,사은품이 본품만큼 좋네욤 빠른배송감사하구요 번창하새요,1,,
1,1,23.04.13.,5,모델: 1.NEW 에어팟3세대 / 옵션: 01-쿼카브라운 캐릭터,케이스가 아주 맘에들어요,1,,
2,2,23.04.13.,5,모델: 1.NEW 에어팟3세대 / 옵션: 36-설리,저렴하게 잘 샀습니다. 감사합니다!,1,,
3,3,23.04.12.,5,모델: 1.NEW 에어팟3세대 / 옵션: 19-닌텐도,배송빠르고 디자인 넘이뻐요,1,,
4,4,23.04.12.,5,모델: 1.NEW 에어팟3세대 / 옵션: 03-닌텐도 조이스틱,"케이스 너무 귀여워요^_^
 강추!!",1,,
5,5,23.04.12.,5,모델: 1.NEW 에어팟3세대 / 옵션: 64-투명젤리+키링,"샀는데 또 사고 싶어서
다음것도 주문들어갑니다.
자주 떨어틀어서 꼭 케이스
있어야해요^_^",1,,
6,6,23.04.11.,5,모델: 1.NEW 에어팟3세대 / 옵션: 14-고양이발 핑크,배송이 빠르고 뇌물로 주신 케이스 너무 좋아요,1,,
7,7,23.04.11.,5,모델: 1.NEW 에어팟3세대 / 옵션: 13-냥이 블랙,배송도 빠르고 뇌물로 주신 케이스가 너무 좋아요,1,,
8,8,23.04.10.,5,모델: 1.NEW 에어팟3세대 / 옵션: 20-잠만보,너무 귀엽고 이뻐요😁😁,1,,
9,9,23.04.10.,5,모델: 1.NEW 에어팟3세대 / 옵션: 02-쿼카화이트 캐릭터,너무 예쁘네요..  좋습니다,1,,
10,10,23.04.10.,5,모델: 1.NEW 에어팟3세대 / 옵션: 12-냥이 화이트,저렴하게 많이 받았네요,1,,
11,11,23.04.10.,5,모델: 1.NEW 에어팟3세대 / 옵션: 01-쿼카브라운 캐릭터,"너무 귀여워서 선물해주기 좋아요
이것저것 덤으로 더주시고 무선충전 인식도 되고 너무 좋아요",1,,
12,12,23.04.10.,5,모델: 1.NEW 에어팟3세대 / 옵션: 02-쿼카화이트 캐릭터,"아 너무 귀여워서 선물해주기 좋아요
이것저것 덤으로 더주시고 무선충전 인식도 되고 너무 좋아요",1,,
13,13,23.04.10.,5,모델: 1.NEW 에어팟3세대 / 옵션: 33-공룡이그린,튼튼하고 보호를 잘 해줘요,1,,
14,14,23.04.08.,5,모델: 1.NEW 에어팟3세대 / 옵션: 27-비모,마음에 드는 랜덤 에어팟 케이스 주셔서 좋음,1,,
15,15,23.04.06.,5,모델: 1.NEW 에어팟3세대 / 옵션: 02-쿼카화이트 캐릭터,만족해요 잘 사용할게요,1,,
16,16,23.04.06.,5,모델: 1.NEW 에어팟3세대 / 옵션: 08-상어,튼튼하고 좋아요!!,1,,
17,17,23.04.05.,5,모델: 1.NEW 에어팟3세대 / 옵션: 01-쿼카브라운 캐릭터,쿼카 넘귀!! 사은품도 많고 좋아용,1,,
18,18,23.04.05.,5,모델: 1.NEW 에어팟3세대 / 옵션: 55-퍼플,배송도 빠르고 사은품도 많고 좋아요!!,1,,
19,19,23.04.05.,5,모델: 1.NEW 에어팟3세대 / 옵션: 04-닌텐도,"추가로 주신 케이스도 이쁨 
들고다니면 어디서 샀냐고 물어봄",1,,
20,20,23.04.04.,5,모델: 1.NEW 에어팟3세대 / 옵션: 05-상어,"상어랑 시바 샀는데, 서비스로 투슬리스까지 와서 너무 좋았어요!
배송도 완전 초특급으로 빠름이라 기다릴 시간도 없이 왔네요ㅎㅎ",1,,
21,21,23.04.03.,5,모델: 1.NEW 에어팟3세대 / 옵션: 03-투슬리스 블랙,귀엽고 빠른배송 감사햐요,1,,
22,22,23.04.03.,5,모델: 1.NEW 에어팟3세대 / 옵션: 64-투명젤리+키링,귀엽고 배송빨라요 ㅎㅎ,1,,
23,23,23.04.03.,5,모델: 1.NEW 에어팟3세대 / 옵션: 44-딸기라떼,😀😀😀😀😀😀,1,,
24,24,23.04.02.,5,모델: 1.NEW 에어팟3세대 / 옵션: 02-쿼카화이트 캐릭터,싸고 좋습니다 국굿,1,,
25,25,23.04.02.,5,모델: 1.NEW 에어팟3세대 / 옵션: 16-오리모자,싸고 좋습니다 국굿,1,,
26,26,23.04.02.,5,모델: 1.NEW 에어팟3세대 / 옵션: 61-캔디화이트,너무 마음에 들어요^^ 제가 마침 갖고 싶었던 케이스들이서 매일매일 기분에 따라 바꿔 끼우도 다녀요~ 감사합니다,1,,
27,27,23.04.01.,5,모델: 1.NEW 에어팟3세대 / 옵션: 05-상어,케이스 안쪽 마감은 가격이 가격이다보니까 어쩔수 없지만 안보여서 무난무난힌거 같아요,0,,
28,28,23.04.01.,5,모델: 1.NEW 에어팟3세대 / 옵션: 19-닌텐도,"너무 귀여워요!
사은품으로 주신 핑크돼지가 더 귀여워서 사은품을 쓰고있는건 안비밀~ '-^*",1,,
29,29,23.04.01.,5,모델: 1.NEW 에어팟3세대 / 옵션: 06-시바얼굴,"너무 귀여워요!
사은품으로 주신 랜덤 케이스는 핑크돼지였는데 사은품이 더 이뻐서 사은품으로 쓰고있는건 안비밀!! '-^*",1,,
30,30,23.03.31.,5,모델: 1.NEW 에어팟3세대 / 옵션: 02-쿼카화이트 캐릭터,커플로 쿼카 맞췄어요 완전 존귀탱이에요 ㅎㅎ,1,,
31,31,23.03.31.,5,모델: 1.NEW 에어팟3세대 / 옵션: 01-쿼카브라운 캐릭터,넘나 넘나 귀여워요,1,,
32,32,23.03.31.,5,모델: 1.NEW 에어팟3세대 / 옵션: 17-테디도그 화이트,넘귀여워요 ㅋ 잘쓸께유,1,,
33,33,23.03.30.,5,모델: 1.NEW 에어팟3세대 / 옵션: 64-투명젤리+키링,"너무 귀엽네요
별점 뇌물을 산만큼 주셔서 너무 감사합니다
잘쓸게욤~~",1,,
34,34,23.03.29.,5,모델: 1.NEW 에어팟3세대 / 옵션: 05-상어,너무 귀엽네요. 잘 쓰겠습니다.,1,,
35,35,23.03.26.,5,모델: 1.NEW 에어팟3세대 / 옵션: 17-우비피기,"하나 사서 한개를 더 받았었는데요
질리지 않아서 좋았습니다 ~~
바꿔낄때 조금 힘들었지만^^
이제 슬슬 바꿀 때가 되어가는데요
샛노란 우비옷을 입은 돼지를 구입했었는데
먼지도 안 붙고 때도 안 타고 
들고 다니기 쉽게 키링처럼 탈부착되는 
쇠링이 있어서 좋아요
저번에 애기가 장난감인줄 알고 저~~멀리서 
두번인가 던졌었는데 ^^
다행히 말짱하더라구요
그런 기능도 있더랬습니다
한달후기 만족입니다",1,,
36,36,23.03.25.,5,모델: 1.NEW 에어팟3세대 / 옵션: 01-쿼카브라운 캐릭터,조아요 ㅎㅎ 귀여우야요,1,,
37,37,23.03.25.,5,모델: 1.NEW 에어팟3세대 / 옵션: 02-쿼카브라운 캐릭터,너무 귀여워용 ㅠㅠㅠ 품절이라 2주 기다렸는데 완전 만족!!!,1,,
38,38,23.03.24.,5,모델: 1.NEW 에어팟3세대 / 옵션: 10-아따공룡,넘귀여워용🥹🥹❤️,1,,
39,39,23.03.24.,5,모델: 1.NEW 에어팟3세대 / 옵션: 16-오리모자,넘 귀여워요~~🥹👍,1,,
40,40,23.03.22.,5,모델: 1.NEW 에어팟3세대 / 옵션: 09-테디도그브라운,상품좋아요. 배송도 빨라요,1,,
41,41,23.03.22.,5,모델: 1.NEW 에어팟3세대 / 옵션: 20-잠만보,너무너무너무 좋아요,1,,
42,42,23.03.21.,5,모델: 1.NEW 에어팟3세대 / 옵션: 51-레몬,케이스 2개 구매했는데 사은품을 더 많이 주네요 케이스 이뻐요 감사합니다,1,,
43,43,23.03.21.,5,모델: 1.NEW 에어팟3세대 / 옵션: 64-투명젤리+키링,"케이스 두개 샀더니 키링도 주고 케이스 2개 더 주고 서비스가 좋네요 
케이스도 깔끔하게 이뻐요 감사합니다",1,,
44,44,23.03.20.,5,모델: 1.NEW 에어팟3세대 / 옵션: 05-마샬,곰돌이 너무 귀여워,1,,
45,45,23.03.18.,5,모델: 1.NEW 에어팟3세대 / 옵션: 31-고양이발 핑크,배송빠르고 좋아요.,1,,
46,46,23.03.18.,5,모델: 1.NEW 에어팟3세대 / 옵션: 30-냥이 블랙,배송빠르고 질도 좋네요,1,,
47,47,23.03.18.,5,모델: 1.NEW 에어팟3세대 / 옵션: 19-몬스터볼,"오, 너무 귀엽습니다. 같이 무료로 동봉해준 상품들도 잘 쓰겠습니다",1,,
48,48,23.03.18.,5,모델: 1.NEW 에어팟3세대 / 옵션: 08-상어,만족합니다 좋아요~,1,,
49,49,23.03.17.,5,모델: 1.NEW 에어팟3세대 / 옵션: 33-공룡이그린,"귀엽고 싸요
에어팟을 보호할 수 있어서 좋네요",1,,
50,50,23.03.17.,5,모델: 1.NEW 에어팟3세대 / 옵션: 05-마샬,너무 깜찍해서 놀람 대만족쿠 서비스도 빵빵,1,,
51,51,23.03.16.,5,모델: 1.NEW 에어팟3세대 / 옵션: 22-버섯,배송빠르고 좋아요 잘쓸께요,1,,
52,52,23.03.16.,5,모델: 1.NEW 에어팟3세대 / 옵션: 34-공룡이핑크,싸구려 색상이 아니라 예쁜 색이에요,1,,
53,53,23.03.15.,5,모델: 1.NEW 에어팟3세대 / 옵션: 04-닌텐도,빠르고 좋네요 굿ㄱ,1,,
54,54,23.03.15.,5,모델: 1.NEW 에어팟3세대 / 옵션: 15-볼터치공룡그린,빠르게 왓습니다 이쁘고 좋네요,1,,
55,55,23.03.14.,5,모델: 1.NEW 에어팟3세대 / 옵션: 08-상어,이쁘고 귀여워용 ㅎㅎ,1,,
56,56,23.03.12.,5,모델: 1.NEW 에어팟3세대 / 옵션: 41-조이패드 블랙,ㅔㅂ리베리베리베리베리베리베리베리베리베리굿,1,,
57,57,23.03.12.,5,모델: 1.NEW 에어팟3세대 / 옵션: 08-상어,귀여워요 너무 귀여워,1,,
58,58,23.03.12.,5,모델: 1.NEW 에어팟3세대 / 옵션: 55-퍼플,이쁘고 좋네요 잘쓸께요,1,,
59,59,23.03.12.,5,모델: 1.NEW 에어팟3세대 / 옵션: 19-몬스터볼,이쁘고 좋네요 잘쓸께요,1,,
60,60,23.03.12.,5,모델: 1.NEW 에어팟3세대 / 옵션: 11-시바얼굴,잘쓰고 있습니다 좋아요,1,,
61,61,23.03.11.,5,모델: 1.NEW 에어팟3세대 / 옵션: 17-우비피기,가성비 좋고 이뻐요,1,,
62,62,23.03.11.,5,모델: 1.NEW 에어팟3세대 / 옵션: 44-딸기라떼,이쁘고 좋아요 좋아요,1,,
63,63,23.03.10.,5,모델: 1.NEW 에어팟3세대 / 옵션: 31-고양이발 핑크,너무 귀엽고 아주 좋아요,1,,
64,64,23.03.10.,5,모델: 1.NEW 에어팟3세대 / 옵션: 54-스카이,너무 귀엽고 아주 좋아요~^^,1,,
65,65,23.03.09.,5,모델: 1.NEW 에어팟3세대 / 옵션: 64-투명젤리+키링,맘에들어여 추천합니다,1,,
66,66,23.03.09.,5,모델: 1.NEW 에어팟3세대 / 옵션: 55-퍼플,맘에들어요 추천합니다,1,,
67,67,23.03.09.,5,모델: 1.NEW 에어팟3세대 / 옵션: 18-불독블랙,귀엽게 사용하고 있어요,1,,
68,68,23.03.08.,5,모델: 1.NEW 에어팟3세대 / 옵션: 25-에그토스트,케이스 너무 귀엽네요 서비스로 주신 케이스도 감사합니다!,1,,
69,69,23.03.08.,5,모델: 1.NEW 에어팟3세대 / 옵션: 08-상어,이쁘고 좋아요! 가성비 좋네요,1,,
70,70,23.03.07.,5,모델: 1.NEW 에어팟3세대 / 옵션: 11-시바얼굴,귀엽고 때가 잘안탑니다.,1,,
71,71,23.03.07.,5,모델: 1.NEW 에어팟3세대 / 옵션: 02-쿼카브라운 캐릭터,배송 빠르고 물건 좋아요 완전 귀여움,1,,
72,72,23.03.05.,5,모델: 1.NEW 에어팟3세대 / 옵션: 15-볼터치공룡그린,"배송 빠르고, 케이스 너무 귀여워요
서비스 주신 것들도 잘 받았습니다:)",1,,
73,73,23.03.05.,5,모델: 1.NEW 에어팟3세대 / 옵션: 10-테디도그 화이트,"사진과 똑같아요 
주신 사운품도 역시 좋아요 
번창하세요!!!",1,,
74,74,23.03.05.,5,모델: 1.NEW 에어팟3세대 / 옵션: 42-조이패드 화이트,"사장님
감사합니다
완전 귀여워요",1,,
75,75,23.03.05.,5,모델: 1.NEW 에어팟3세대 / 옵션: 41-조이패드 블랙,"완전 귀여워요
감사합니다",1,,
76,76,23.03.05.,5,모델: 1.NEW 에어팟3세대 / 옵션: 02-쿼카화이트 캐릭터,너무 귀여워요 근데 머리가 좀 잘 빠져요..,0,,
77,77,23.03.04.,5,모델: 1.NEW 에어팟3세대 / 옵션: 27-비모,"케이스가 너무 귀엽고 서비스도 너무 만족했어요!
나중에 케이스가 해져서 못쓰면 또 재구매 할거 같아요^_^ 무배라 더 좋은거 같아요!
만족합니다^^",1,,
78,78,23.03.04.,5,모델: 1.NEW 에어팟3세대 / 옵션: 01-쿼카화이트 캐릭터,좋습니다 좋아요...,1,,
79,79,23.03.04.,5,모델: 1.NEW 에어팟3세대 / 옵션: 32-고양이발 화이트,좋습니다 좋아요..,1,,
80,80,23.03.04.,5,모델: 1.NEW 에어팟3세대 / 옵션: 01-쿼카화이트 캐릭터,저렴하게 잘 구매했는데 배송도 빨랐어요 ㅠㅠ 덤도 많이 주셔서 좋았습니다,1,,
81,81,23.03.04.,5,모델: 1.NEW 에어팟3세대 / 옵션: 54-스카이,저렴하게 잘 구매했는데 배송도 빨랐어요 ㅠㅠ 덤도 많이 주셔서 좋았습니다,1,,
82,82,23.03.03.,5,모델: 1.NEW 에어팟3세대 / 옵션: 22-버섯,"에어팟을 선물 받아서 케이스 끼우려고 구매 했어요
그런데 에어팟프로2인데 기종을 잘못알아서 엉뚱한걸 샀네요ㅠ
다시 구매 할께요",1,,
83,83,23.03.03.,5,모델: 1.NEW 에어팟3세대 / 옵션: 27-비모,"너무 귀엽네요
촉감도 좋구 마감도 좋습니다.
무엇보다 키링(?) 이 달려서 손에서 떨굴 걱정없어서 좋습니다",1,,
84,84,23.03.03.,5,모델: 1.NEW 에어팟3세대 / 옵션: 10-테디도그 화이트,귀여워영 키링도 달려잇어서 손가락에 걸고다니기ㅜ좋을 듯,1,,
85,85,23.03.02.,5,모델: 1.NEW 에어팟3세대 / 옵션: 64-투명젤리+키링,배송 빠르고 가격도 좋아서 친구에게 추천해줬어요☺️,1,,
86,86,23.03.02.,5,모델: 1.NEW 에어팟3세대 / 옵션: 23-세일러문 마법봉,잘 사용하고 있습니다 많이 파세뇨,1,,
87,87,23.03.02.,5,모델: 1.NEW 에어팟3세대 / 옵션: 19-몬스터볼,"고무냄새 조금 나고, 몬스터 구매 했는데 생각보다 큼.",0,,
88,88,23.03.02.,5,모델: 1.NEW 에어팟3세대 / 옵션: 25-에그토스트,"진짜 이렇게 주시면 남는게 있나여..사장뉨..🌟
케이스 이쁘고 랜덤으로 온것도 이뻐여..!
잘 쓰겠습니다~",1,,
89,89,23.03.02.,5,모델: 1.NEW 에어팟3세대 / 옵션: 43-몬스터,너무 귀얍네여ㅋ잘 쓰겠습니다ㅋ,1,,
90,90,23.03.01.,5,모델: 1.NEW 에어팟3세대 / 옵션: 18-불독블랙,"에어팟을 많이 떨어뜨려서 케이스가 필요했는데
배송도 괜찮았고 너무 귀여워요!!ㅎㅎ
블랙이라 깔끔하면서 유니크하니 마음에 들어요~!
같이 주신 것도 잘 쓸게요^^",1,,
91,91,23.03.01.,5,모델: 1.NEW 에어팟3세대 / 옵션: 27-비모,너무만족합니다. 무배에 추가 캐릭터라니...,1,,
92,92,23.03.01.,5,모델: 1.NEW 에어팟3세대 / 옵션: 20-잠만보,이뻐요 실리콘이라 놓쳐도 안깨지고 좋네요 감사합니다.,1,,
93,93,23.03.01.,5,모델: 1.NEW 에어팟3세대 / 옵션: 43-몬스터,배송도빠르고좋아여^^,1,,
94,94,23.02.28.,5,모델: 1.NEW 에어팟3세대 / 옵션: 58-카키,배송이 잘못왔지만 빠르게 처리해주신점이 좋았어요,0,,
95,95,23.02.27.,5,모델: 1.NEW 에어팟3세대 / 옵션: 57-그린,색깔도 다양하고 사은품으로 주는 것도 많아서 좋아요,1,,
96,96,23.02.27.,5,모델: 에어팟 1/2세대 1+1 / 옵션: 71-블랙 1+1,색깔도 다양하고 사은품으로 주는 것도 많아서 좋아요,1,,
97,97,23.02.26.,5,모델: 1.NEW 에어팟3세대 / 옵션: 01-쿼카브라운 캐릭터,쿼카랑 냥이화이트 주문했는데 랜던발송 제품들을 예쁜것만 보내쥬셔서 감사합니다~,1,,
98,98,23.02.26.,5,모델: 1.NEW 에어팟3세대 / 옵션: 29-냥이 화이트,랜덤이라지만 귀엽고 마음에 드는것만 보내주셔서 감사합니다~,1,,
99,99,23.02.26.,5,모델: 1.NEW 에어팟3세대 / 옵션: 11-시바얼굴,감사합니다 잘 이용하도록 하겠습니다,1,,
100,100,23.02.26.,5,모델: 1.NEW 에어팟3세대 / 옵션: 60-블랙,감사합니다 잘 이용하도록 하겠습니다,1,,
101,101,23.02.26.,5,모델: 1.NEW 에어팟3세대 / 옵션: 47-미러베어 블랙,여전히 너무 귀엽고 볼 때마다 만족스러워요,1,,
102,102,23.02.26.,5,모델: 1.NEW 에어팟3세대 / 옵션: 01-쿼카브라운 캐릭터,놀이공원에서 사용하려고 샀는데 가성비 좋아요,1,,
103,103,23.02.25.,5,모델: 1.NEW 에어팟3세대 / 옵션: 02-쿼카화이트 캐릭터,처음엔 케이스가 너무 큰가 싶었지만 지금은 너무 귀여워요❤️,1,,
104,104,23.02.25.,5,모델: 1.NEW 에어팟3세대 / 옵션: 02-쿼카화이트 캐릭터,친구 생일선물로 주려고 샀어요 이거 진짜 귀여워요 이 가격이면 진짜 가성비 쩌는듯!,1,,
105,105,23.02.25.,5,모델: 1.NEW 에어팟3세대 / 옵션: 10-테디도그 화이트,너무좋아요 너무많이주셨어요 감사해요,1,,
106,106,23.02.25.,5,모델: 1.NEW 에어팟3세대 / 옵션: 27-비모,배송 물건너무좋아요 2개시켰는데본품 4개가더왔어오 기분업됐어요 대박이에요,1,,
107,107,23.02.25.,5,모델: 1.NEW 에어팟3세대 / 옵션: 02-쿼카화이트 캐릭터,사이즈 딱 맞고 넘귀여워욤!! 불들어오는 것도 잘 보입니다-,1,,
108,108,23.02.25.,5,모델: 1.NEW 에어팟3세대 / 옵션: 56-밀크티,"혜자입니다 최고최고
서비스로 받은 케이스도 좋아하는 색이라 마음에 쏙 들어요 진짜 최고최고",1,,
109,109,23.02.25.,5,모델: 1.NEW 에어팟3세대 / 옵션: 49-반투명,"이렇게 팔아도 마진이 남으시나요ㅠㅠ 혜자입니다.
서비스로 받은 케이스도 어떻게 아셨는지 제가 좋아하는 색으로만 넣어주셨어요ㅠㅠ
잘쓸게요 감사합니다",1,,
110,110,23.02.24.,5,모델: 1.NEW 에어팟3세대 / 옵션: 63-밀키핑크,"저 왠만하면 안남기는데 취향저격 사장님 이러면 뭐 남아요?? 반신반의로 구매....너무 마음에 들어서 만족을 할수밖에 없음 ㅜㅜㅜ 배송 짱빠름, 저렴해, 예뻐, 뭐 하나 안빠짐 감사해요 선물 받은 느낌이예요 ㅜㅜㅜ",1,,
111,111,23.02.23.,5,모델: 1.NEW 에어팟3세대 / 옵션: 30-냥이 블랙,너무 깜찍하고 이쁘고 서비스로 주신것도 맘에 들어요,1,,
112,112,23.02.23.,5,모델: 1.NEW 에어팟3세대 / 옵션: 55-퍼플,색깔 넘 예쁘고 딱 맞게 끼워지네요 잘 사용하겠습니다 ㅎㅎ,1,,
113,113,23.02.23.,5,모델: 1.NEW 에어팟3세대 / 옵션: 25-에그토스트,케이스 너무 이뻐요 하나 샀는데 두개나 왔네요 케이스도 탄탄하고 무슨 가게 문 닫나 싶을 정도였어요,1,,
114,114,23.02.23.,5,모델: 1.NEW 에어팟3세대 / 옵션: 06-아따공룡,"배송도 괜찮고
무엇보다 무료배송에 1+2 여서
하나만 샀는데도 2개가 더 와서 기분에 따라 바꿔가며 쓸수있어서 좋네요",1,,
115,115,23.02.23.,5,모델: 1.NEW 에어팟3세대 / 옵션: 02-쿼카화이트 캐릭터,귀여워요. 너무 귀여워서 에어팟 볼 때마다 행복해요.,1,,
116,116,23.02.22.,5,모델: 1.NEW 에어팟3세대 / 옵션: 21-마리오,넘넘 귀여워요.... 마리오를 주문했는데 아이언맨이 같이왔어요 ㅠ_ㅠ 취저!!!!!,1,,
117,117,23.02.22.,5,모델: 1.NEW 에어팟3세대 / 옵션: 55-퍼플,"1개 주문했는데 +2여서 너무 기분 좋았어요
에어팟에 딱 맞춰서 들어가요~",1,,
118,118,23.02.22.,5,모델: 1.NEW 에어팟3세대 / 옵션: 05-마샬,사기 전에 이거 어떠냐고 물어봤었는데 케이스 뚜껑이 무거워서 혼자 벌어진다는 소리를 들었어요 그래도 그냥 이게 제일 맘에 들어서 구매했는데 사용하는 동안 한 번도 그런 적 없어요!,1,,
119,119,23.02.21.,5,모델: 1.NEW 에어팟3세대 / 옵션: 21-마리오,배송이 빠르고 좋네요,1,,
120,120,23.02.15.,5,모델: 1.NEW 에어팟3세대 / 옵션: 02-쿼카화이트 캐릭터,"진짜 이 가격이면 무조건 사야됨 가성비 미쳣다ㄷㄷ
완전 귀여워요ㅜㅜ",1,,
121,121,23.02.14.,5,모델: 1.NEW 에어팟3세대 / 옵션: 19-몬스터볼,배송 빠르고 좋아요 마니 파세용,1,,
122,122,23.02.14.,5,모델: 1.NEW 에어팟3세대 / 옵션: 02-쿼카화이트 캐릭터,"너무기여워요..
추가로온상품들도 잘쓸꺼같아요
볼때마다 기분이 좋네요!",1,,
123,123,23.02.14.,5,모델: 1.NEW 에어팟3세대 / 옵션: 33-공룡이그린,상품이 아주 맘에들어요,1,,
124,124,23.02.14.,5,모델: 1.NEW 에어팟3세대 / 옵션: 08-상어,"케이스가 빠지지 않고 견고하고 너무 좋아요.
너무 견고해서 빼는 것도 쉽지 않아요 ㅎㅎ",1,,
125,125,23.02.14.,5,모델: 1.NEW 에어팟3세대 / 옵션: 03-감귤꼬꼬,사용하기도 편하고 귀엽고 좋아요~~,1,,
126,126,23.02.13.,5,모델: 1.NEW 에어팟3세대 / 옵션: 61-캔디화이트,조아영 색도 예쁘고 ㅎㅎ 근ㄷㅔ 조개껍질에 아무글자나써져있네요 ㅋㅋㅋ,1,,
127,127,23.02.13.,5,모델: 1.NEW 에어팟3세대 / 옵션: 02-쿼카화이트 캐릭터,이가격에 3개라니 잘쓰겠습니다,1,,
128,128,23.02.13.,5,모델: 1.NEW 에어팟3세대 / 옵션: 05-마샬,사은품으로 온 케이스가 더 이쁘네용 잘 쓸게요~~,1,,
129,129,23.02.12.,5,모델: 1.NEW 에어팟3세대 / 옵션: 01-쿼카브라운 캐릭터,"사장님 땅파서 장사하세요,,??? 제가 주문한건 저렇게 귀염뽀짝한 쿼카지만 케이스가 두개나 더 왔어요ㅎㅎㅎ 배송비도 무료고 최고예요 진짜 ;;;",1,,
130,130,23.02.11.,5,모델: 1.NEW 에어팟3세대 / 옵션: 01-쿼카브라운 캐릭터,쿼카가 너무 귀여워요,1,,
131,131,23.02.11.,5,모델: 1.NEW 에어팟3세대 / 옵션: 02-쿼카화이트 캐릭터,너무 이뻐요!!! 서비스도 대박이에요!,1,,
132,132,23.02.11.,5,모델: 1.NEW 에어팟3세대 / 옵션: 64-투명젤리+키링,투명 케이스도 넘 맘에 들고 덤으로 주신 케이스도 넘 마음에 들어서 바로 착용했습니다!,1,,
133,133,23.02.10.,5,모델: 1.NEW 에어팟3세대 / 옵션: 19-몬스터볼,마감이 아쉽지만 가성비가 좋네요,0,,
134,134,23.02.09.,5,모델: 1.NEW 에어팟3세대 / 옵션: 01-쿼카브라운 캐릭터,잘못 주문해서 문의드렸는데도 잘 보내주셨어요!,1,,
135,135,23.02.09.,5,모델: 1.NEW 에어팟3세대 / 옵션: 09-테디도그브라운,"너무 귀여워요ㅋㅋㅋ
저렴한 금액에 구매해서 더 만족합니다",1,,
136,136,23.02.09.,5,모델: 1.NEW 에어팟3세대 / 옵션: 56-밀크티,서비스까지 주셔서 잘 사용중입니다 감사합니다,1,,
137,137,23.02.08.,5,모델: 1.NEW 에어팟3세대 / 옵션: 44-푸들인형,저렴한 가격에 좋은 퀄리티!,1,,
138,138,23.02.08.,5,모델: 1.NEW 에어팟3세대 / 옵션: 19-몬스터볼,시바가 없어서 아쉬운데... 사은품을 이렇게나 주시면 남는게 있으신건지 :) 넘 감사드리고 잘 쓰겠습니다 !,0,,
139,139,23.02.08.,5,모델: 1.NEW 에어팟3세대 / 옵션: 56-밀크티,싸게 샀고 색도 예뻐요:),1,,
140,140,23.01.31.,5,모델: 1.NEW 에어팟3세대 / 옵션: 02-쿼카화이트 캐릭터,좋아요 케이스 하나는 쫌 작은듯 하네요,0,,
141,141,23.01.31.,5,모델: 1.NEW 에어팟3세대 / 옵션: 24-세일러문 얼굴,너무 귀여워용! 미쳐요 ㅠ,1,,
142,142,23.01.31.,5,모델: 에어팟 1/2세대 1+1 / 옵션: 15-핑크냥이 1+1,너무 맘에 들어요~~,1,,
143,143,23.01.30.,5,모델: 1.NEW 에어팟3세대 / 옵션: 23-세일러문 마법봉,잘 받았습니자 많이 파세요,1,,
144,144,23.01.30.,5,모델: 1.NEW 에어팟3세대 / 옵션: 63-밀키핑크,잘 받았습니자 많이 파세요,1,,
145,145,23.01.30.,5,모델: 1.NEW 에어팟3세대 / 옵션: 03-닌텐도 조이스틱,귀엽고 말랑말랑하니 기스잘 나는 하드 케이스보다는 좋은 것 같아요 잘 사용할게요 감사합니다^^,1,,
146,146,23.01.30.,5,모델: 1.NEW 에어팟3세대 / 옵션: 05-마샬,마샬 스피커 케이스 귀엽고 좋네요. 서비스로 한개 더 주다니!!!,1,,
147,147,23.01.30.,5,모델: 1.NEW 에어팟3세대 / 옵션: 25-에그토스트,배송도 너무빠르고 상품도 만족해요 넘 귀여워요❤,1,,
148,148,23.01.30.,5,모델: 1.NEW 에어팟3세대 / 옵션: 19-몬스터볼,총알배송에 제가 뭘시켰는지도 기억이 안날정도로 사은품을 많이 넣어주셨습니다❤ 정말 감동해서 앞으로 자주자주 구매할것같아요 감사합니다,1,,
149,149,23.01.30.,5,모델: 1.NEW 에어팟3세대 / 옵션: 11-시바얼굴,아주 좋아요 좋은제품 잘 사용하고 있습니다~,1,,
150,150,23.01.30.,5,모델: 1.NEW 에어팟3세대 / 옵션: 60-블랙,아주 좋아요 좋은제품 잘 사용하고 있습니다~,1,,
151,151,23.01.29.,5,모델: 1.NEW 에어팟3세대 / 옵션: 01-쿼카브라운 캐릭터,"귀여워요 서비스로 주신 케이스도 감사합니당
배송 빠르고 좋네용",1,,
152,152,23.01.29.,5,모델: 1.NEW 에어팟3세대 / 옵션: 17-우비피기,"와 나 리뷰 진짜 안다는데.. 
안 달 수 없는 재질과 디자인임 ㅜㅜ
사장님..나눔 기부하시나요..? 이렇게 팔아서 뭐가 남나요 ㅜㅜ 진짜 잘 쓸게요! 최고에요!!
100퍼센트 고무 재질도 아니라서 내 소중한 에어팟 지켜줄 수 잇을거같아요!",1,,
153,153,23.01.28.,5,모델: 1.NEW 에어팟3세대 / 옵션: 27-비모,"이 가격에 배송도 빠르고 추가로 주신 케이스도 너무 예쁜 ~
대만족 입니다
번창 하세요~",1,,
154,154,23.01.28.,5,모델: 1.NEW 에어팟3세대 / 옵션: 33-공룡이그린,귀여워요 빠른 배송 감사합니다,1,,
155,155,23.01.28.,5,모델: 1.NEW 에어팟3세대 / 옵션: 08-상어,상어모양 이뻐요! 랜덤 식빵도 좋아요,1,,
156,156,23.01.27.,5,모델: 1.NEW 에어팟3세대 / 옵션: 56-밀크티,"사진과 같아요 
1+1 착한가격에 사서 더더 만족입니다 ㅎㅎ",1,,
157,157,23.01.27.,5,모델: 1.NEW 에어팟3세대 / 옵션: 02-쿼카화이트 캐릭터,원하는 거 다 받았어요😳,1,,
158,158,23.01.26.,5,모델: 1.NEW 에어팟3세대 / 옵션: 15-볼터치공룡그린,귀여운거 더 많았음 조켈어뇨,1,,
159,159,23.01.26.,5,모델: 1.NEW 에어팟3세대 / 옵션: 05-마샬,여러개 사놨는게 투명한건 와케 뚜껑이 잘빠져요? 별루에요,0,,
160,160,23.01.13.,5,모델: 1.NEW 에어팟3세대 / 옵션: 08-상어,"이가격이라니… 말도안됩니다ㅋㅋㅋ
잘쓸게여 사장님",1,,
161,161,23.01.13.,5,모델: 1.NEW 에어팟3세대 / 옵션: 64-투명젤리+키링,가성비 최고입니다 굿굿,1,,
162,162,23.01.13.,5,모델: 1.NEW 에어팟3세대 / 옵션: 02-쿼카화이트 캐릭터,귀엽고 좋습니다 굿,1,,
163,163,23.01.13.,5,모델: 1.NEW 에어팟3세대 / 옵션: 11-시바얼굴,저렴한만큼 품질도 딱그만큼입니다,0,,
164,164,23.01.13.,5,모델: 1.NEW 에어팟3세대 / 옵션: 17-우비피기,"사이즈가 넘 딱맞고 귀여워요..
사은품도 넘 만에들어요❤️",1,,
165,165,23.01.13.,5,모델: 1.NEW 에어팟3세대 / 옵션: 04-닌텐도,"저렴한 가격에 서비스도 주시고 무료배송이고 너무 만족스럽습니다!
감사합니다",1,,
166,166,23.01.13.,5,모델: 1.NEW 에어팟3세대 / 옵션: 27-비모,"품질은 최고
가격은 최저
1+1으로 만족 두배
여기에 무료배송이라굽쇼
대박 나세요 사장님",1,,
167,167,23.01.12.,5,모델: 1.NEW 에어팟3세대 / 옵션: 21-마리오,질이 좋아요.아들이 맘에 들어해요,1,,
168,168,23.01.12.,5,모델: 1.NEW 에어팟3세대 / 옵션: 33-공룡이그린,빠른배송에 좋은 상품,1,,
169,169,23.01.12.,5,모델: 1.NEW 에어팟3세대 / 옵션: 61-캔디화이트,배송도 빠르고 케이스도 더 와서 좋았어요,1,,
170,170,23.01.12.,5,모델: 1.NEW 에어팟3세대 / 옵션: 15-볼터치공룡그린,저렴해요! 두번째 구매인데 똑같은 증정품 주셨어요.. 까망이악마..?,0,,
171,171,23.01.12.,5,모델: 1.NEW 에어팟3세대 / 옵션: 64-투명젤리+키링,배송 빨리 오고 뚜껑도 잘 안 빠져요 덤으로 주신 케이스도 마음에 들어요 잘 쓰겠습니다!,1,,
172,172,23.01.12.,5,모델: 1.NEW 에어팟3세대 / 옵션: 12-시바몸통,너무너무 귀여워요 실리콘이라 말랑해서 좋아요!,1,,
173,173,23.01.12.,5,모델: 1.NEW 에어팟3세대 / 옵션: 07-오리모자,"오리케이스 너무 귀여워요
입술 삐죽 튀어나온게 킬포 ㅠㅠ
부피 차지가 있지만 귀여워서 잘 가지고 다녀요",0,,
174,174,23.01.12.,5,모델: 1.NEW 에어팟3세대 / 옵션: 12-시바몸통,"기여워요 시바견ㅋㅋㅋ
ㅠㅠㅠ 자꾸 보게되는 시바 !",1,,
175,175,23.01.11.,5,모델: 1.NEW 에어팟3세대 / 옵션: 40-쿠로미,"케이스 너무 귀여워요
아주아주 만족스럽습니당",1,,
176,176,23.01.11.,5,모델: 1.NEW 에어팟3세대 / 옵션: 28-불독블랙,"이 가격에 1+1, 배송도 빠르고 세심하기까지..구매시 적은 메시지도 하나 하나 다 읽고 맞춰주신다는 생각이 드네요.
감동 입니다.
번창하시고 잘 쓰겠습니다~~^^",1,,
177,177,23.01.11.,5,모델: 1.NEW 에어팟3세대 / 옵션: 26-아보카도,살짝양옆이뜨네요ㅠㅠ 뽑기실패인가,0,,
178,178,23.01.11.,5,모델: 1.NEW 에어팟3세대 / 옵션: 11-시바얼굴,괜찮은것 같아요 잘사용중,1,,
179,179,23.01.11.,5,모델: 1.NEW 에어팟3세대 / 옵션: 26-아보카도,에어팟3 사이즈 잘맞고 무료배송에 가성비 짱입니다 플러스 원으로 온 제품도 마음에 들어요,1,,
180,180,22.12.22.,5,모델: 1.NEW 에어팟3세대 / 옵션: 17-우비피기,케이스가 엄청 귀엽고 튼튼해요!! 너무 마음에 들어요!! 서비스로 온 케이스도 진짜 귀여워요!! 다음에도 여기서 케이스 구매할거에요!!,1,,
181,181,22.12.22.,5,모델: 1.NEW 에어팟3세대 / 옵션: 27-비모,배송도 하루만에 오고 비모 캐릭터만 시켰는데 다른 케이스도 서비스로 주셨어요 가격도 배송비 무료고 엄청 싼데 배송도 빠르고 한개 더 주시기까지 하다니 너무 좋네요 퀄리티도 괜찮고 여기 꼭 추천해용,1,,
182,182,22.12.22.,5,모델: 1.NEW 에어팟3세대 / 옵션: 20-잠만보,LED구멍 없는게 에러네요 ㅋㅋㅋ,1,,
183,183,22.12.22.,5,모델: 1.NEW 에어팟3세대 / 옵션: 06-아따공룡,예쁘고 마무리도 깔끔한 케이스 잘 받았습니다,1,,
184,184,22.12.21.,5,모델: 1.NEW 에어팟3세대 / 옵션: 63-밀키핑크,서비스로 온 것도 넘 귀여워서 오히려 먼저 착용했네요 에어팟스티커는 화이트인데 회색빛이라 아쉬워요 ㅠ,0,,
185,185,22.12.21.,5,모델: 1.NEW 에어팟3세대 / 옵션: 14-투슬리스 화이트,저렴한 가격에 감사합니다,1,,
186,186,22.12.21.,5,모델: 1.NEW 에어팟3세대 / 옵션: 23-세일러문 마법봉,배송빠르고 아주 기엽네요,1,,
187,187,22.12.21.,5,모델: 1.NEW 에어팟3세대 / 옵션: 12-시바몸통,배송도 빠르고 너무 예뻐요~ 아이들 선물로 구매했어요~,1,,
188,188,22.12.21.,5,모델: 1.NEW 에어팟3세대 / 옵션: 45-비숑인형,한상 만족하고 사용하고 있어요~ 사은품 감사합니다!,1,,
189,189,22.12.21.,5,모델: 1.NEW 에어팟3세대 / 옵션: 18-미니언즈,넘 귀여워용 잘쓰겠습니다,1,,
190,190,22.12.21.,5,모델: 1.NEW 에어팟3세대 / 옵션: 44-푸들인형,귀여워요 이거면 된 거죠,1,,
191,191,22.12.20.,5,모델: 1.NEW 에어팟3세대 / 옵션: 45-비숑인형,너무너무 귀엽고 원플러스 원 도 좋아요,1,,
192,192,22.12.20.,5,모델: 1.NEW 에어팟3세대 / 옵션: 44-푸들인형,굉장히 가성비가 좋아요,1,,
193,193,22.12.20.,5,모델: 1.NEW 에어팟3세대 / 옵션: 21-마리오,"1+1 엄청 싸게 산거 같아요~ 
배송도 빠르고 완전 귀여워요~",1,,
194,194,22.12.20.,5,모델: 1.NEW 에어팟3세대 / 옵션: 04-닌텐도+케이블보호캡,값싼 가격에 좋게 구매했어요,1,,
195,195,22.12.17.,5,모델: 1.NEW 에어팟3세대 / 옵션: 44-푸들인형,귀여워용~ 이뿌네요~,1,,
196,196,22.12.16.,5,모델: 1.NEW 에어팟3세대 / 옵션: 47-미러베어 블랙,조아요가격도저렴하고  케이스하나를더 주시고  너무좋아요,1,,
197,197,22.12.16.,5,모델: 1.NEW 에어팟3세대 / 옵션: 35-네모푸,귀여워용 ㅎㅎㅎ사은품으로 주신 케이스도 너무 마음에 들어요,1,,
198,198,22.12.16.,5,모델: 1.NEW 에어팟3세대 / 옵션: 45-비숑인형,"보자마자 내꺼다 싶었는데 진짜 제꺼네요…
너무 귀여워요ㅠㅠ",1,,
199,199,22.12.16.,5,모델: 1.NEW 에어팟3세대 / 옵션: 15-볼터치공룡그린,완전 귀여움 ㅋㅋㅋ 개 만족합니다,1,,
0,0,23.03.22.,1,모델: 1.NEW 에어팟3세대 / 옵션: 27-비모,뚜껑 완전 잘 떨어짐,0,0,
1,1,23.03.17.,1,모델: 1.NEW 에어팟3세대 / 옵션: 05-마샬,진짜 너무 별로에요.. 다 버림..ㅠㅠ 싼게 비지떡이네요,0,0,
2,2,23.01.30.,1,모델: 1.NEW 에어팟3세대 / 옵션: 04-닌텐도+케이블보호캡,모양은 이쁜데 사이즈가 작아서 쓰기 힘들어요…,0,0,
3,3,23.01.30.,1,모델: 1.NEW 에어팟3세대 / 옵션: 05-마샬+케이블보호캡,제품이 작게 나와서 잘안맞아요.,0,0,
4,4,22.12.28.,1,모델: 1.NEW 에어팟3세대 / 옵션: 45-비숑인형,"사이즈가 안맞아서 안들어가네요
교환이나 환불은 배송비가 더들어서 걍 구매확정했습니다
싼건 이유가 있는건가요.. 아쉽네요 
덤 안주시고 주문한 제품 사이즈만 맞아도 좋았을텐데 아쉽네요~ 서비스로 주신건 사이즈가 맞아요ㅋ",0,0,
5,5,22.12.25.,1,모델: 1.NEW 에어팟3세대 / 옵션: 05-마샬+케이블보호캡,사이즈가 작네요. 모양은 이쁜데…,0,0,
6,6,22.12.25.,1,모델: 1.NEW 에어팟3세대 / 옵션: 04-닌텐도+케이블보호캡,"예쁘긴한데 사이즈가 안맞아요. 
아래쪽은 그럭저럭 들어가는데 윗쪽은 아에 안들어가네요. ㅠㅠ",0,0,
7,7,22.12.21.,1,모델: 1.NEW 에어팟3세대 / 옵션: 58-카키,에어팟3 사이즈가 안맞네요 뚜껑 부분이 작아요 에휴~,0,0,
8,8,22.03.24.,1,모델: 1.에어팟3세대용 / 옵션: 01-닌텐도,와 리뷰 보고 산건데 이건머 바로 휴지통행 물건 이따위로 만들어 판다는게 신기하네 내돈ㅠㅠ,0,0,
9,9,22.02.20.,1,모델: 1.에어팟3세대용 / 옵션: 18-투명젤리+키링,그냥그럭저럭 그런 케이스,0,0,
10,10,23.03.13.,2,모델: 1.NEW 에어팟3세대 / 옵션: 49-반투명,"오메...안맞아도 너무 안맞네요
반품하기 귀찮아서 그냥 버립니다",0,0,
11,11,23.03.17.,3,모델: 1.NEW 에어팟3세대 / 옵션: 55-퍼플,이뿌긴 한데 크기가 딱 맞진 않아서 조금 작아요ㅠ,0,0,
12,12,23.02.15.,3,모델: 1.NEW 에어팟3세대 / 옵션: 19-몬스터볼,그냥저냥...사용은 안하고있어요..너무 뻑뻑해서 불편 ㅜ,0,0,
13,13,23.01.21.,3,모델: 1.NEW 에어팟3세대 / 옵션: 64-투명젤리+키링,투명케이스에 까만게 묻어왔는데 그냥 쓰려고요~ 하나더 온 젤리케이스도 잘 쓰겠습니다~!!,0,0,
14,14,23.01.09.,3,모델: 1.NEW 에어팟3세대 / 옵션: 19-몬스터볼,너무 두껍고 빡빡하고 ㅜㅜ,0,0,
15,15,23.01.05.,3,모델: 1.NEW 에어팟3세대 / 옵션: 48-미러베어 화이트,케이스가 그렇게 퀄리티가 높진 않네요…,0,0,
16,16,23.01.03.,3,모델: 1.NEW 에어팟3세대 / 옵션: 40-쿠로미,"사진과 똑같아요 
긍데 뺄때 잘 안빠져요
좋은점일수도 있고 나쁠수도 있고..
1개만 시켰는데
다른 캐릭터 케이스 왔긴했는데 제 취향은 아니라서 암튼 감사합니다!",0,0,
17,17,22.08.25.,3,모델: 1.에어팟3세대용 / 옵션: 01-닌텐도 캐릭터,그닥 좋지는 않네요,0,0,
18,18,22.03.11.,3,모델: 1.에어팟3세대용 / 옵션: 06-스키틀즈,그냥 쏘쏘합니다 마감도 그닥..,0,0,
19,19,23.04.09.,4,모델: 1.NEW 에어팟3세대 / 옵션: 49-반투명,아주 만족하며 사용하고있습니다.,1,1,
20,20,23.04.07.,4,모델: 1.NEW 에어팟3세대 / 옵션: 10-테디도그 화이트,마감이나 이런 부분이 조금 아쉽긴 하지만 저렴하게 사서 잘 사용했어요,0,0,
21,21,23.04.07.,4,모델: 1.NEW 에어팟3세대 / 옵션: 01-쿼카브라운 캐릭터,생각보다 튼튼하고 가성비가 좋아용,1,1,
22,22,23.04.05.,4,모델: 1.NEW 에어팟3세대 / 옵션: 06-시바얼굴,"배송이나 서비스 부분은 좋았는데, 상어능 마감이 조금 미흡해서 별 하나 뺐어요!",0,0,
23,23,23.04.04.,4,모델: 1.NEW 에어팟3세대 / 옵션: 01-쿼카브라운 캐릭터,우선 이뻐요~근데 뚜껑부분이 좀 헐거워서 잘 벗겨져요근데 다른 케이스들고 그런 편이라 이 제품만 특히 안 좋은 것은 아니라 조심히 쓰고 있어요 색이 밝아도 때도 잘 안타고 좋네요,0,0,
24,24,23.04.02.,4,모델: 1.NEW 에어팟3세대 / 옵션: 51-레몬,먼지가 엄청 붙어요~ 딱 맞추기도 좀 힘들긴해요,0,0,
25,25,23.03.25.,4,모델: 1.NEW 에어팟3세대 / 옵션: 07-공룡이그린,목욜 주문 토욜 받았어요 ㅎㅎ 귀여워요 ㅋㅋ 입이 살짝 안 맞아서 아쉬워요,0,0,
26,26,23.03.25.,4,모델: 1.NEW 에어팟3세대 / 옵션: 05-상어,목욜 시켜서 토욜 받았어요~ 귀여운데 입이 살짝 안 맞아요 ㅜㅜ,0,0,
27,27,23.03.23.,4,모델: 1.NEW 에어팟3세대 / 옵션: 07-공룡이그린,"무배에 귀엽고 싸서 샀는데 맘에 들어요
냄새는 조금 나지만 쓰다보면 없어지겠죠^^
너무 귀엽네요~~
감사합니다 잘 쓸께요~!!
투슬리스랑 투명케이스 청소도구는 사은품입니다~",0,0,
28,28,23.03.23.,4,모델: 1.NEW 에어팟3세대 / 옵션: 16-오리모자,"무배에 귀엽고 싸서 샀는데 맘에 들어요
냄새는 조금 나지만 쓰다보면 없어지겠죠^^
너무 귀엽네요~~",0,0,
29,29,23.03.14.,4,모델: 1.NEW 에어팟3세대 / 옵션: 01-쿼카화이트 캐릭터,귀엽긴한데 케이스 끼면 자성이 좀 떨어져서 아쉽네요,0,0,
30,30,23.03.12.,4,모델: 1.NEW 에어팟3세대 / 옵션: 48-미러베어 화이트,배송빠르고 가성비있게 쓰기 좋았어요,1,1,
31,31,23.03.11.,4,모델: 1.NEW 에어팟3세대 / 옵션: 16-볼터치공룡핑크,"서비스 제품도 좋고
우선 귀여워서 만족합니다",1,1,
32,32,23.03.08.,4,모델: 1.NEW 에어팟3세대 / 옵션: 33-공룡이그린,귀여워요. 그런데 케이스 입히면 무선 충전이 안되네요 ㅠㅠ,0,0,
33,33,23.03.06.,4,모델: 1.NEW 에어팟3세대 / 옵션: 63-밀키핑크,1개샀는데 2개나 서비스 주시고 감사해요,1,1,
34,34,23.02.28.,4,모델: 1.NEW 에어팟3세대 / 옵션: 25-에그토스트,마감이 그렇게 좋은지는 모르겠어요 그럭저럭 괜찮아요챙겨주신 사은품 잘 쓸게요,0,0,
35,35,23.02.27.,4,모델: 1.NEW 에어팟3세대 / 옵션: 10-테디도그 화이트,괜찮은데 마감은 깔끔하지 않아요,0,0,
36,36,23.02.26.,4,모델: 1.NEW 에어팟3세대 / 옵션: 08-상어,배송 빠르고 다양한 디자인의 케이스를 낄 수 잇어서 좋아영,1,1,
37,37,23.02.25.,4,모델: 1.NEW 에어팟3세대 / 옵션: 02-쿼카화이트 캐릭터,"자렴한 가격으로 귀여운 쿼카 샀어요! 
브라운은 품절이라 화이트로 샀는데 실물 좋아요 ㅎㅎ 이번에는 에어팟 안 잃어버리려고 튀고 큰거 중에 고르다가 귀여워서 시켰는데 사은품까지 고맙습니다! 단지,, 마감이 조금 아쉬울뿐이에요 ㅠㅠ",0,0,
38,38,23.02.24.,4,모델: 1.NEW 에어팟3세대 / 옵션: 01-쿼카브라운 캐릭터,"무난하니 귀엽네여.
가격도 저렴한데 서비스로 더 챙겨주다뇨 ㅠ
감사합니다",1,1,
39,39,23.02.12.,4,모델: 1.NEW 에어팟3세대 / 옵션: 58-카키,"케이스도 깔끔하고 예쁘고 좋아요
배송도 느리지 않고 빨라서 좋았어요",1,1,
40,40,23.02.09.,4,모델: 1.NEW 에어팟3세대 / 옵션: 27-비모,귀여운거 많이 받앗어요 근데 잘 안끼워져서 당황스럽긴 하네요!! 싼가격에 사서 쓸수있어서 좋습니다,0,0,
41,41,23.02.08.,4,모델: 1.NEW 에어팟3세대 / 옵션: 27-비모,귀여워요⭐️⭐️⭐️⭐️,1,1,
42,42,23.02.07.,4,모델: 1.NEW 에어팟3세대 / 옵션: 08-상어,상어 눈 색칠이 한쪽안되있긴 한데 가격이 나쁘지않아 그냥 사용합니다~,0,0,
43,43,23.02.04.,4,모델: 1.NEW 에어팟3세대 / 옵션: 34-공룡이핑크,"화면이랑 똑같이 귀여움
서비스로 온 케이스도 귀여워서 나중에 또 구매할 것 같음ㅋ",1,1,
44,44,23.02.02.,4,모델: 1.NEW 에어팟3세대 / 옵션: 08-상어,디자인귀여워요~~~사은품도 만족이에요~~~,1,1,
45,45,23.02.02.,4,모델: 1.NEW 에어팟3세대 / 옵션: 19-몬스터볼,구매한 싱품은 괜찮은데 딸려온 케이스는 뚜껑과 본체 사이가 많이 벌어져서 못 씁니다. 검수 잘 해주세요,0,0,
46,46,23.02.02.,4,모델: 1.NEW 에어팟3세대 / 옵션: 49-반투명,완벽히 딱딱 끼워지는 느낌은 안나지만 잘 빠질 것 같지도 않고 충전하는 쪽 막아주기도 하고 열쇠고리 다는 곳도 있고 생각보다 너무 얇거나 하지 않아서 찢어질것같은 고무의 느낌이 아닙니다 튼튼해 보여요! 특히 반투명은 충전불빛도 잘보이고 좋아요,0,0,
47,47,23.02.01.,4,모델: 1.NEW 에어팟3세대 / 옵션: 25-에그토스트,조아요 사은품 많이 주네요; 잘쓸께요 조아요,1,1,
48,48,23.02.01.,4,모델: 1.NEW 에어팟3세대 / 옵션: 48-미러베어 화이트,조아요조아요조아요조아요쥬아요,1,1,
49,49,23.02.01.,4,모델: 1.NEW 에어팟3세대 / 옵션: 61-캔디화이트,조아요조아요조아요조아요조아요,1,1,
50,50,23.01.29.,4,모델: 1.NEW 에어팟3세대 / 옵션: 40-쿠로미,"잘 받았습니다~
귀엽네요~ 잘 쓰겠습니다.",1,1,
51,51,23.01.28.,4,모델: 1.NEW 에어팟3세대 / 옵션: 08-상어,이가격에 퀄리티 좋았어요 잘받았습니다☺️,1,1,
52,52,23.01.28.,4,모델: 1.NEW 에어팟3세대 / 옵션: 31-고양이발 핑크,"이염도 있고 잘 안 맞지만, 이 가격에 이 정도면 그냥 쓸만해요..",0,0,
53,53,23.01.26.,4,모델: 1.NEW 에어팟3세대 / 옵션: 31-고양이발 핑크,첫번째꺼로 샀는데 두번째꺼 무료로 주신거 감사합니다~~ 이뻐요!,1,1,
54,54,23.01.26.,4,모델: 1.NEW 에어팟3세대 / 옵션: 61-캔디화이트,저렴해서 좋아요ㅎㅎ,1,1,
55,55,23.01.25.,4,모델: 1.NEW 에어팟3세대 / 옵션: 20-잠만보,뺄대 좀힘들긴하지만 가격대비 괜찮은거같습니다.,0,0,
56,56,23.01.19.,4,모델: 1.NEW 에어팟3세대 / 옵션: 44-딸기라떼,👍🏻👍🏻👍🏻👍🏻👍🏻,1,1,
57,57,23.01.16.,4,모델: 1.NEW 에어팟3세대 / 옵션: 01-쿼카브라운 캐릭터,디자인도 귀엽고 튼튼해요!,1,1,
58,58,23.01.14.,4,모델: 1.NEW 에어팟3세대 / 옵션: 01-쿼카브라운 캐릭터,좋아요좋아요좋아요좋아요,1,1,
59,59,23.01.14.,4,모델: 1.NEW 에어팟3세대 / 옵션: 54-스카이,배송에 착오가 생겨서 조금 늦었습니다. 그래도 제품은 좋네요. 감사합니다:),0,0,
60,60,23.01.13.,4,모델: 1.NEW 에어팟3세대 / 옵션: 09-테디도그브라운,귀여워요~ 근데 약~간 사이즈 미스 ㅠ,0,0,
61,61,23.01.11.,4,모델: 1.NEW 에어팟3세대 / 옵션: 08-상어,"배송은 느리지만 상품은 만족합니다.
또 구매해야겠습니다ㅎ",0,0,
62,62,23.01.10.,4,모델: 1.NEW 에어팟3세대 / 옵션: 61-캔디화이트,배송이 일주일 걸려서 너무 별로였지만 사은품으로 주신 캐릭터 케이스가 너무 귀여워요,0,0,
63,63,23.01.08.,4,모델: 1.NEW 에어팟3세대 / 옵션: 05-마샬+케이블보호캡,빠른배송 좋습니다.,1,1,
64,64,23.01.04.,4,모델: 1.NEW 에어팟3세대 / 옵션: 36-설리,가격대비 만족합니다,1,1,
65,65,23.01.03.,4,모델: 1.NEW 에어팟3세대 / 옵션: 48-미러베어 화이트,"뚜껑이 양면테잎으로 붙여야되는거라..
나중에 뺄때는 어케빼요..?",0,0,
66,66,23.01.03.,4,모델: 1.NEW 에어팟3세대 / 옵션: 01-쿼카브라운 캐릭터,"하자가 있지만 그냥 ㅋ서용 ㅎㅎ
이정도는 뭐 괜찮습니다",0,0,
67,67,23.01.02.,4,모델: 1.NEW 에어팟3세대 / 옵션: 19-몬스터볼,이뻐요 잘맞구요 추천합니다,1,1,
68,68,22.12.31.,4,모델: 1.NEW 에어팟3세대 / 옵션: 35-네모푸,너무 귀여운데 사이즈가 잘 안맞는거 같아요.. 그래도 귀여운거로 하나 더 주셔서 만족합니다~,0,0,
69,69,22.12.31.,4,모델: 1.NEW 에어팟3세대 / 옵션: 64-투명젤리+키링,잘 쓰고있었는데 위뚜껑이 떨어졌어요... 서비스는 좋습니다,0,0,
70,70,22.12.29.,4,모델: 1.NEW 에어팟3세대 / 옵션: 04-닌텐도+케이블보호캡,좀 유격이 있기는한데.. 그래도 아이가 좋아하니.. 나쁘지 않습니다,0,0,
71,71,22.12.28.,4,모델: 1.NEW 에어팟3세대 / 옵션: 18-미니언즈,생각보다 두툼해 지긴 했지만 잘 사용하고 있어요,0,0,
72,72,22.12.28.,4,모델: 1.NEW 에어팟3세대 / 옵션: 58-카키,"케이스가 깔끔하고 색깔도 마음에 들어요
 케이스 끼우기가 조금 힘들어요..ㅎㅎ",0,0,
73,73,22.12.27.,4,모델: 1.NEW 에어팟3세대 / 옵션: 33-공룡이그린,몬스터볼 구매했는데... 퀄리티가 살짝 떨어졌어요ㅠㅠ,0,0,
74,74,22.12.23.,4,모델: 1.NEW 에어팟3세대 / 옵션: 44-푸들인형,귀여워요~1+1이라 싫증날때 번갈아 쓰면 될듯해요,1,1,
75,75,22.12.23.,4,모델: 1.NEW 에어팟3세대 / 옵션: 10-테디도그 화이트,가격도 착하고 귀엽네요 ~2개 샀는데 4개가 되는 마법 ㅎㅎ,1,1,
76,76,22.12.22.,4,모델: 1.NEW 에어팟3세대 / 옵션: 12-시바몸통,배송 빠르고 이뻐요,1,1,
77,77,22.12.19.,4,모델: 1.NEW 에어팟3세대 / 옵션: 61-캔디화이트,"하나가격에 두개 와서 좋았어요. 
근데.. 잘 안들어가서 몇번을 망설이다 장착을 했는데.. 결국 에어팟에 쓸린 자국이 생겼네요.. 기스 나지말라고 끼운 케이스가 오히려 기스를 내버리니 맘이 싱숭생숭 합니다..",0,0,
78,78,22.12.16.,4,모델: 1.NEW 에어팟3세대 / 옵션: 11-시바얼굴,"오기만을 기다렸..ㅎㅎ
1+1이라길래 같은 시바만 아니었음 좋겠다 했지만?! ㅋㅋ 만족합니다!!",0,0,
79,79,22.12.12.,4,모델: 1.NEW 에어팟3세대 / 옵션: 04-닌텐도+케이블보호캡,좋아여! 기여워여!,1,1,
80,80,22.12.09.,4,모델: 1.NEW 에어팟3세대 / 옵션: 04-닌텐도+케이블보호캡,마감이 살짝 안좋긴하지만 그래도 긔엽네요. 배송은 하루만에 왔습니다. 사은품 케이스 잘쓰겠습니다,0,0,
81,81,22.12.05.,4,모델: 1.NEW 에어팟3세대 / 옵션: 20-잠만보,빠른 배송 감사합니다!ㅋㅋ,1,1,
82,82,22.12.02.,4,모델: 1.NEW 에어팟3세대 / 옵션: 45-비숑인형,캐이스 귀여워요 ㅋㅋ 철가루방지 스티커는 뚜껑이 완전히 안닫혀서 아쉬워요,0,0,
83,83,22.12.02.,4,모델: 1.NEW 에어팟3세대 / 옵션: 06-아따공룡,이쁘지만 잘 벗겨진다,0,0,
84,84,22.11.25.,4,모델: 1.NEW 에어팟3세대 / 옵션: 18-미니언즈,사진이랑 비슷합니다,1,1,
85,85,22.11.10.,4,모델: 1.에어팟3세대용 / 옵션: 09-아이언맨 얼굴,사은품까지 좋아요 좋아요,1,1,
86,86,22.08.19.,4,모델: 1.에어팟3세대용 / 옵션: 07-몬스터,귀엽고 이어폰에 딱 맞아서 들고다니기 편합니다,1,1,
87,87,22.07.01.,4,모델: 1.에어팟3세대용 / 옵션: 16-투명젤리+키링,배송도 빠르고 아주 좋습니다,1,1,
88,88,22.05.05.,4,모델: 1.에어팟3세대용 / 옵션: 01-닌텐도 캐릭터,닫히는게잘맞지는않지만 이쁘네요,0,0,
89,89,22.04.24.,4,모델: 1.에어팟3세대용 / 옵션: 01-닌텐도 캐릭터,"상품 잘 받았습니다!
근데 먼지털이나 그런건 어떻게 해야 받을 수 있는건가요?",1,1,
90,90,22.04.12.,4,모델: 1.에어팟3세대용 / 옵션: 01-닌텐도,"너무 잘쓰고 있어요, 좋아요",1,1,
91,91,22.03.27.,4,모델: 1.에어팟3세대용 / 옵션: 01-닌텐도,생각보다 뚜껑이 잘 닫히지 않지만 예뻐서 좋습니다 :>,0,0,
92,92,22.03.11.,4,모델: 1.에어팟3세대용 / 옵션: 01-닌텐도,나름끼면귀여워용 딱 가격만큼,1,1,
93,93,22.03.09.,4,모델: 1.에어팟3세대용 / 옵션: 18-투명젤리+키링,"블랙,카키케이스 투명좋습니다",1,1,
94,94,22.02.20.,4,모델: 1.에어팟3세대용 / 옵션: 03-마샬,귀엽고 맘에들어요! 마감쪽이라해야하나 조금 튀어나온부분은 칼로 살짝만 정리하니 깔끔해졌어요. 꽉 끼우면 착 닫히는 소리가 안나서 가볍게 끼웠어요 완전 핏하진 않지만 만족,0,0,
95,95,22.02.19.,4,모델: 1.NEW 에어팟3세대 / 옵션: 06-스키틀즈,세상 귀여워요ㅠㅠ 완벽하게 여미지 못하는 게 흠이지만,0,0,
96,96,22.01.12.,4,,배송빨랐고 퀄리티 나쁘지않네요,1,1,
97,97,22.01.09.,4,모델: 1.NEW 에어팟3세대 / 옵션: 03-마샬,마감이 완벽하진 않지만 귀여워요~~,0,0,
98,98,22.01.08.,4,모델: 1.NEW 에어팟3세대 / 옵션: 03-마샬,"디자인이 앙증맞고 귀엽네요
단점은 사진과 같이 측면쪽이 뜨는 감이 있어서 별한개는 뺐어요
또 깁숙히 넣으면 뚜껑이 안 닫혀서 살짝 덜 끼워야 뚜껑이 닫힙니다",0,0,
99,99,22.01.03.,4,모델: 1.NEW 에어팟3세대 / 옵션: 02-닌텐도 조이스틱,버튼쪽 실리콘이 조금 떨어져나갓지만 블랙이라서 잘 안보여 그냥 써도 괜찮은거같아요.,0,0,
100,100,21.12.31.,4,모델: 1.NEW 에어팟3세대 / 옵션: 03-마샬,귀여워요 근데 살짝 뚜껑이 삐뚤어요,0,0,
101,101,21.12.29.,4,모델: 1.NEW 에어팟3세대 / 옵션: 06-스키틀즈,마감이 좋지는 않아서 다듬어서 끼웠어요~귀엽다고 좋아하네요~,0,0,
102,102,23.04.13.,5,모델: 1.NEW 에어팟3세대 / 옵션: 49-반투명,사은품이 본품만큼 좋네욤 빠른배송감사하구요 번창하새요,1,1,
103,103,23.04.13.,5,모델: 1.NEW 에어팟3세대 / 옵션: 01-쿼카브라운 캐릭터,케이스가 아주 맘에들어요,1,1,
104,104,23.04.13.,5,모델: 1.NEW 에어팟3세대 / 옵션: 36-설리,저렴하게 잘 샀습니다. 감사합니다!,1,1,
105,105,23.04.12.,5,모델: 1.NEW 에어팟3세대 / 옵션: 19-닌텐도,배송빠르고 디자인 넘이뻐요,1,1,
106,106,23.04.12.,5,모델: 1.NEW 에어팟3세대 / 옵션: 03-닌텐도 조이스틱,"케이스 너무 귀여워요^_^
 강추!!",1,1,
107,107,23.04.12.,5,모델: 1.NEW 에어팟3세대 / 옵션: 64-투명젤리+키링,"샀는데 또 사고 싶어서
다음것도 주문들어갑니다.
자주 떨어틀어서 꼭 케이스
있어야해요^_^",1,1,
108,108,23.04.11.,5,모델: 1.NEW 에어팟3세대 / 옵션: 14-고양이발 핑크,배송이 빠르고 뇌물로 주신 케이스 너무 좋아요,1,1,
109,109,23.04.11.,5,모델: 1.NEW 에어팟3세대 / 옵션: 13-냥이 블랙,배송도 빠르고 뇌물로 주신 케이스가 너무 좋아요,1,1,
110,110,23.04.10.,5,모델: 1.NEW 에어팟3세대 / 옵션: 20-잠만보,너무 귀엽고 이뻐요😁😁,1,1,
111,111,23.04.10.,5,모델: 1.NEW 에어팟3세대 / 옵션: 02-쿼카화이트 캐릭터,너무 예쁘네요..  좋습니다,1,1,
112,112,23.04.10.,5,모델: 1.NEW 에어팟3세대 / 옵션: 12-냥이 화이트,저렴하게 많이 받았네요,1,1,
113,113,23.04.10.,5,모델: 1.NEW 에어팟3세대 / 옵션: 01-쿼카브라운 캐릭터,"너무 귀여워서 선물해주기 좋아요
이것저것 덤으로 더주시고 무선충전 인식도 되고 너무 좋아요",1,1,
114,114,23.04.10.,5,모델: 1.NEW 에어팟3세대 / 옵션: 02-쿼카화이트 캐릭터,"아 너무 귀여워서 선물해주기 좋아요
이것저것 덤으로 더주시고 무선충전 인식도 되고 너무 좋아요",1,1,
115,115,23.04.10.,5,모델: 1.NEW 에어팟3세대 / 옵션: 33-공룡이그린,튼튼하고 보호를 잘 해줘요,1,1,
116,116,23.04.08.,5,모델: 1.NEW 에어팟3세대 / 옵션: 27-비모,마음에 드는 랜덤 에어팟 케이스 주셔서 좋음,1,1,
117,117,23.04.06.,5,모델: 1.NEW 에어팟3세대 / 옵션: 02-쿼카화이트 캐릭터,만족해요 잘 사용할게요,1,1,
118,118,23.04.06.,5,모델: 1.NEW 에어팟3세대 / 옵션: 08-상어,튼튼하고 좋아요!!,1,1,
119,119,23.04.05.,5,모델: 1.NEW 에어팟3세대 / 옵션: 01-쿼카브라운 캐릭터,쿼카 넘귀!! 사은품도 많고 좋아용,1,1,
120,120,23.03.24.,5,모델: 1.NEW 에어팟3세대 / 옵션: 10-아따공룡,넘귀여워용🥹🥹❤️,1,1,
121,121,23.03.24.,5,모델: 1.NEW 에어팟3세대 / 옵션: 16-오리모자,넘 귀여워요~~🥹👍,1,1,
122,122,23.03.22.,5,모델: 1.NEW 에어팟3세대 / 옵션: 09-테디도그브라운,상품좋아요. 배송도 빨라요,1,1,
123,123,23.03.22.,5,모델: 1.NEW 에어팟3세대 / 옵션: 20-잠만보,너무너무너무 좋아요,1,1,
124,124,23.03.21.,5,모델: 1.NEW 에어팟3세대 / 옵션: 51-레몬,케이스 2개 구매했는데 사은품을 더 많이 주네요 케이스 이뻐요 감사합니다,1,1,
125,125,23.03.21.,5,모델: 1.NEW 에어팟3세대 / 옵션: 64-투명젤리+키링,"케이스 두개 샀더니 키링도 주고 케이스 2개 더 주고 서비스가 좋네요 
케이스도 깔끔하게 이뻐요 감사합니다",1,1,
126,126,23.03.20.,5,모델: 1.NEW 에어팟3세대 / 옵션: 05-마샬,곰돌이 너무 귀여워,1,1,
127,127,23.03.18.,5,모델: 1.NEW 에어팟3세대 / 옵션: 31-고양이발 핑크,배송빠르고 좋아요.,1,1,
128,128,23.03.18.,5,모델: 1.NEW 에어팟3세대 / 옵션: 30-냥이 블랙,배송빠르고 질도 좋네요,1,1,
129,129,23.03.18.,5,모델: 1.NEW 에어팟3세대 / 옵션: 19-몬스터볼,"오, 너무 귀엽습니다. 같이 무료로 동봉해준 상품들도 잘 쓰겠습니다",1,1,
130,130,23.03.18.,5,모델: 1.NEW 에어팟3세대 / 옵션: 08-상어,만족합니다 좋아요~,1,1,
131,131,23.03.17.,5,모델: 1.NEW 에어팟3세대 / 옵션: 33-공룡이그린,"귀엽고 싸요
에어팟을 보호할 수 있어서 좋네요",1,1,
132,132,23.03.17.,5,모델: 1.NEW 에어팟3세대 / 옵션: 05-마샬,너무 깜찍해서 놀람 대만족쿠 서비스도 빵빵,1,1,
133,133,23.03.16.,5,모델: 1.NEW 에어팟3세대 / 옵션: 22-버섯,배송빠르고 좋아요 잘쓸께요,1,1,
134,134,23.03.16.,5,모델: 1.NEW 에어팟3세대 / 옵션: 34-공룡이핑크,싸구려 색상이 아니라 예쁜 색이에요,1,1,
135,135,23.03.15.,5,모델: 1.NEW 에어팟3세대 / 옵션: 04-닌텐도,빠르고 좋네요 굿ㄱ,1,1,
136,136,23.03.15.,5,모델: 1.NEW 에어팟3세대 / 옵션: 15-볼터치공룡그린,빠르게 왓습니다 이쁘고 좋네요,1,1,
137,137,23.03.14.,5,모델: 1.NEW 에어팟3세대 / 옵션: 08-상어,이쁘고 귀여워용 ㅎㅎ,1,1,
138,138,23.03.12.,5,모델: 1.NEW 에어팟3세대 / 옵션: 41-조이패드 블랙,ㅔㅂ리베리베리베리베리베리베리베리베리베리굿,1,1,
139,139,23.03.12.,5,모델: 1.NEW 에어팟3세대 / 옵션: 08-상어,귀여워요 너무 귀여워,1,1,
140,140,23.02.26.,5,모델: 1.NEW 에어팟3세대 / 옵션: 29-냥이 화이트,랜덤이라지만 귀엽고 마음에 드는것만 보내주셔서 감사합니다~,1,1,
141,141,23.02.26.,5,모델: 1.NEW 에어팟3세대 / 옵션: 11-시바얼굴,감사합니다 잘 이용하도록 하겠습니다,1,1,
142,142,23.02.26.,5,모델: 1.NEW 에어팟3세대 / 옵션: 60-블랙,감사합니다 잘 이용하도록 하겠습니다,1,1,
143,143,23.02.26.,5,모델: 1.NEW 에어팟3세대 / 옵션: 47-미러베어 블랙,여전히 너무 귀엽고 볼 때마다 만족스러워요,1,1,
144,144,23.02.26.,5,모델: 1.NEW 에어팟3세대 / 옵션: 01-쿼카브라운 캐릭터,놀이공원에서 사용하려고 샀는데 가성비 좋아요,1,1,
145,145,23.02.25.,5,모델: 1.NEW 에어팟3세대 / 옵션: 02-쿼카화이트 캐릭터,처음엔 케이스가 너무 큰가 싶었지만 지금은 너무 귀여워요❤️,1,1,
146,146,23.02.25.,5,모델: 1.NEW 에어팟3세대 / 옵션: 02-쿼카화이트 캐릭터,친구 생일선물로 주려고 샀어요 이거 진짜 귀여워요 이 가격이면 진짜 가성비 쩌는듯!,1,1,
147,147,23.02.25.,5,모델: 1.NEW 에어팟3세대 / 옵션: 10-테디도그 화이트,너무좋아요 너무많이주셨어요 감사해요,1,1,
148,148,23.02.25.,5,모델: 1.NEW 에어팟3세대 / 옵션: 27-비모,배송 물건너무좋아요 2개시켰는데본품 4개가더왔어오 기분업됐어요 대박이에요,1,1,
149,149,23.02.25.,5,모델: 1.NEW 에어팟3세대 / 옵션: 02-쿼카화이트 캐릭터,사이즈 딱 맞고 넘귀여워욤!! 불들어오는 것도 잘 보입니다-,1,1,
150,150,23.02.25.,5,모델: 1.NEW 에어팟3세대 / 옵션: 56-밀크티,"혜자입니다 최고최고
서비스로 받은 케이스도 좋아하는 색이라 마음에 쏙 들어요 진짜 최고최고",1,1,
151,151,23.02.25.,5,모델: 1.NEW 에어팟3세대 / 옵션: 49-반투명,"이렇게 팔아도 마진이 남으시나요ㅠㅠ 혜자입니다.
서비스로 받은 케이스도 어떻게 아셨는지 제가 좋아하는 색으로만 넣어주셨어요ㅠㅠ
잘쓸게요 감사합니다",1,1,
152,152,23.02.24.,5,모델: 1.NEW 에어팟3세대 / 옵션: 63-밀키핑크,"저 왠만하면 안남기는데 취향저격 사장님 이러면 뭐 남아요?? 반신반의로 구매....너무 마음에 들어서 만족을 할수밖에 없음 ㅜㅜㅜ 배송 짱빠름, 저렴해, 예뻐, 뭐 하나 안빠짐 감사해요 선물 받은 느낌이예요 ㅜㅜㅜ",1,1,
153,153,23.02.23.,5,모델: 1.NEW 에어팟3세대 / 옵션: 30-냥이 블랙,너무 깜찍하고 이쁘고 서비스로 주신것도 맘에 들어요,1,1,
154,154,23.02.23.,5,모델: 1.NEW 에어팟3세대 / 옵션: 55-퍼플,색깔 넘 예쁘고 딱 맞게 끼워지네요 잘 사용하겠습니다 ㅎㅎ,1,1,
155,155,23.02.23.,5,모델: 1.NEW 에어팟3세대 / 옵션: 25-에그토스트,케이스 너무 이뻐요 하나 샀는데 두개나 왔네요 케이스도 탄탄하고 무슨 가게 문 닫나 싶을 정도였어요,1,1,
156,156,23.02.23.,5,모델: 1.NEW 에어팟3세대 / 옵션: 06-아따공룡,"배송도 괜찮고
무엇보다 무료배송에 1+2 여서
하나만 샀는데도 2개가 더 와서 기분에 따라 바꿔가며 쓸수있어서 좋네요",1,1,
157,157,23.02.23.,5,모델: 1.NEW 에어팟3세대 / 옵션: 02-쿼카화이트 캐릭터,귀여워요. 너무 귀여워서 에어팟 볼 때마다 행복해요.,1,1,
158,158,23.02.22.,5,모델: 1.NEW 에어팟3세대 / 옵션: 21-마리오,넘넘 귀여워요.... 마리오를 주문했는데 아이언맨이 같이왔어요 ㅠ_ㅠ 취저!!!!!,1,1,
159,159,23.02.22.,5,모델: 1.NEW 에어팟3세대 / 옵션: 55-퍼플,"1개 주문했는데 +2여서 너무 기분 좋았어요
에어팟에 딱 맞춰서 들어가요~",1,1,
160,160,23.02.03.,5,모델: 1.NEW 에어팟3세대 / 옵션: 19-몬스터볼,아직 에어팟이 배송이 안되서 착용은 못해봤지만 이뻐서 만족합니다!!,1,1,
161,161,23.02.02.,5,모델: 1.NEW 에어팟3세대 / 옵션: 01-쿼카브라운 캐릭터,너무 귀여워서 오열..ㅠㅠㅠ,1,1,
162,162,23.02.02.,5,모델: 1.NEW 에어팟3세대 / 옵션: 10-테디도그 화이트,배송도 짱빠르고 넘 예쁘네요ㅎㅎㅎ 사은품도 짱이에요~!!!,1,1,
163,163,23.02.02.,5,모델: 1.NEW 에어팟3세대 / 옵션: 02-쿼카화이트 캐릭터,너무 귀여워요! 추가로 주신것도 감사합니다!,1,1,
164,164,23.02.02.,5,모델: 1.NEW 에어팟3세대 / 옵션: 22-버섯,빠른배송 알찬구성 너무좋아요^^,1,1,
165,165,23.02.01.,5,모델: 1.NEW 에어팟3세대 / 옵션: 30-냥이 블랙,"싼가격에 3개나 구매한 기분이에요!! 
배송도 빠르고 사진이랑 너무 똑같아요!!",1,1,
166,166,23.02.01.,5,모델: 1.NEW 에어팟3세대 / 옵션: 05-마샬,마샬 케이스 사이즈도 딱 맞고 너무 귀여워요🤩,1,1,
167,167,23.02.01.,5,모델: 1.NEW 에어팟3세대 / 옵션: 37-마이크,디자인도 예쁘고 괜찮네요! 하나 더 주니 최고입니다!,1,1,
168,168,23.02.01.,5,모델: 1.NEW 에어팟3세대 / 옵션: 25-에그토스트,에그토스트 좋아해서 이걸로 샀는데 너무 귀여워요!! 귀여운 공룡이랑 분홍분홍한 케이스도 같이 주셔서 너무 감사합니다!!ㅠㅠ 쏘 큐트입니다-!,1,1,
169,169,23.02.01.,5,모델: 1.NEW 에어팟3세대 / 옵션: 08-상어,너무 귀여워요 미치겠음,1,1,
170,170,23.02.01.,5,모델: 1.NEW 에어팟3세대 / 옵션: 41-조이패드 블랙,사장님 진지하게 한마디할게요 이렇게 보내주시면 파셔서 뭐가 남아요?너무 귀엽잖아요 ㅠㅠ2개만시켰을뿐인데 이렇게 많이 보내주시고 서비스마인드 진심 대박이신 사장님 다음에 또 여기서 사겠습니다 번창하세용!!,1,1,
171,171,23.02.01.,5,모델: 1.NEW 에어팟3세대 / 옵션: 02-쿼카화이트 캐릭터,"원했던 색상 외에 더 보내주셔서 고맙습니다 번갈아가면서 잘 쓸게요
에어팟에 이쁘게 잘 맞네요",1,1,
172,172,23.02.01.,5,모델: 1.NEW 에어팟3세대 / 옵션: 52-레드,귀여운자식들이 넘 많아서 행복했떠욤,1,1,
173,173,23.02.01.,5,모델: 1.NEW 에어팟3세대 / 옵션: 07-오리모자,서비스까지 챙겨주셔서 너무 감사했습니다. 자주 이용할게요오옹오옹,1,1,
174,174,23.01.31.,5,모델: 1.NEW 에어팟3세대 / 옵션: 33-공룡이그린,귀여운 케이스 하나를 구입했는데 두개가 오다니요~ 완전 특템입니다! 보너스 케이스는 랜덤으로 오긴했는데 제 맘에 쏙 드는 귀여운 케이스로 왔네요 ㅎㅎ 좋은 제품 감사합니다!,1,1,
175,175,23.01.31.,5,모델: 1.NEW 에어팟3세대 / 옵션: 27-비모,안에 붙이는 건 없어서 다이소에서 붙여써야할 거 같긴 한데 귀엽네요 2개 샀는데 6개 와서 놀랐네요 다 쓸진 모르겠지만 몬스터볼이 젤 귀여워요 그리고 젤 빡빡함,0,0,
176,176,23.01.31.,5,모델: 1.NEW 에어팟3세대 / 옵션: 30-냥이 블랙,"우와 하나샀는데 세개나!!
넘 귀여워용 
에어팟3 찾기도 힘들었는데ㅜㅠ
 감사합니당ㅎㅎ",1,1,
177,177,23.01.31.,5,모델: 1.NEW 에어팟3세대 / 옵션: 52-레드,잘받았습니다 만족합니다,1,1,
178,178,23.01.31.,5,모델: 1.NEW 에어팟3세대 / 옵션: 25-에그토스트,"군복무중이라 사진은 못찍지만 ㅠㅠ
제가 원하던 케이스를 2개나 더 받았어요
전에 에어팟2 쓸때도 여기서 샀었는데 너무 기여워요 구매 강추드려용!!",1,1,
179,179,23.01.31.,5,모델: 1.NEW 에어팟3세대 / 옵션: 18-불독블랙,너무만족해요 배송도빠르고 무엇보다 서비스가.. 혜자에요 한개를 시켰는데 3개가 왔어요 너무귀여워요 감사합니다!!!,1,1,
180,180,23.01.13.,5,모델: 1.NEW 에어팟3세대 / 옵션: 12-시바몸통,너무 잘받았습니다 사은품도 일반 사은품으로 주는줄 알았는데 보기에 있는것중 골라주시는거네요 잘쓸게요,1,1,
181,181,23.01.13.,5,모델: 1.NEW 에어팟3세대 / 옵션: 25-에그토스트,너무 잘받았습니다 사은품도 일반 사은품으로 주는줄 알았는데 보기에 있는것중 골라주시는거네요 잘쓸게요,1,1,
182,182,23.01.13.,5,모델: 1.NEW 에어팟3세대 / 옵션: 08-상어,"이가격이라니… 말도안됩니다ㅋㅋㅋ
잘쓸게여 사장님",1,1,
183,183,23.01.13.,5,모델: 1.NEW 에어팟3세대 / 옵션: 64-투명젤리+키링,가성비 최고입니다 굿굿,1,1,
184,184,23.01.13.,5,모델: 1.NEW 에어팟3세대 / 옵션: 02-쿼카화이트 캐릭터,귀엽고 좋습니다 굿,1,1,
185,185,23.01.13.,5,모델: 1.NEW 에어팟3세대 / 옵션: 11-시바얼굴,저렴한만큼 품질도 딱그만큼입니다,0,0,#
186,186,23.01.13.,5,모델: 1.NEW 에어팟3세대 / 옵션: 17-우비피기,"사이즈가 넘 딱맞고 귀여워요..
사은품도 넘 만에들어요❤️",1,1,
187,187,23.01.13.,5,모델: 1.NEW 에어팟3세대 / 옵션: 04-닌텐도,"저렴한 가격에 서비스도 주시고 무료배송이고 너무 만족스럽습니다!
감사합니다",1,1,
188,188,23.01.13.,5,모델: 1.NEW 에어팟3세대 / 옵션: 27-비모,"품질은 최고
가격은 최저
1+1으로 만족 두배
여기에 무료배송이라굽쇼
대박 나세요 사장님",1,1,
189,189,23.01.12.,5,모델: 1.NEW 에어팟3세대 / 옵션: 21-마리오,질이 좋아요.아들이 맘에 들어해요,1,1,
190,190,23.01.12.,5,모델: 1.NEW 에어팟3세대 / 옵션: 33-공룡이그린,빠른배송에 좋은 상품,1,1,
191,191,23.01.12.,5,모델: 1.NEW 에어팟3세대 / 옵션: 61-캔디화이트,배송도 빠르고 케이스도 더 와서 좋았어요,1,1,
192,192,23.01.12.,5,모델: 1.NEW 에어팟3세대 / 옵션: 15-볼터치공룡그린,저렴해요! 두번째 구매인데 똑같은 증정품 주셨어요.. 까망이악마..?,0,0,#
193,193,23.01.12.,5,모델: 1.NEW 에어팟3세대 / 옵션: 64-투명젤리+키링,배송 빨리 오고 뚜껑도 잘 안 빠져요 덤으로 주신 케이스도 마음에 들어요 잘 쓰겠습니다!,1,1,
194,194,23.01.12.,5,모델: 1.NEW 에어팟3세대 / 옵션: 12-시바몸통,너무너무 귀여워요 실리콘이라 말랑해서 좋아요!,1,1,
195,195,23.01.12.,5,모델: 1.NEW 에어팟3세대 / 옵션: 07-오리모자,"오리케이스 너무 귀여워요
입술 삐죽 튀어나온게 킬포 ㅠㅠ
부피 차지가 있지만 귀여워서 잘 가지고 다녀요",0,0,
196,196,23.01.12.,5,모델: 1.NEW 에어팟3세대 / 옵션: 12-시바몸통,"기여워요 시바견ㅋㅋㅋ
ㅠㅠㅠ 자꾸 보게되는 시바 !",1,1,
197,197,23.01.11.,5,모델: 1.NEW 에어팟3세대 / 옵션: 40-쿠로미,"케이스 너무 귀여워요
아주아주 만족스럽습니당",1,1,
198,198,23.01.11.,5,모델: 1.NEW 에어팟3세대 / 옵션: 28-불독블랙,"이 가격에 1+1, 배송도 빠르고 세심하기까지..구매시 적은 메시지도 하나 하나 다 읽고 맞춰주신다는 생각이 드네요.
감동 입니다.
번창하시고 잘 쓰겠습니다~~^^",1,1,
199,199,23.01.11.,5,모델: 1.NEW 에어팟3세대 / 옵션: 26-아보카도,살짝양옆이뜨네요ㅠㅠ 뽑기실패인가,0,0,
