,category,catlink,itemlink,itemname
0,❤후원 목걸이❤,https://smartstore.naver.com/vldiol/category/b1069017d4564db0a8271d2b64ffd014?cp=1,https://smartstore.naver.com/vldiol/products/8241901071,[브디올] 유기동물 후원 Cozy 목걸이
1,❤후원 팔찌❤,https://smartstore.naver.com/vldiol/category/011287821edf4f56ac9b6d214d1179e9?cp=1,https://smartstore.naver.com/vldiol/products/5647583908,[브디올] 유기동물 후원 디안 팔찌
2,All Products,https://smartstore.naver.com/vldiol/category/d7d6f68ca6594222a6416d6298f3d696?cp=1,https://smartstore.naver.com/vldiol/products/8241901071,[브디올] 유기동물 후원 Cozy 목걸이
3,All Products,https://smartstore.naver.com/vldiol/category/d7d6f68ca6594222a6416d6298f3d696?cp=1,https://smartstore.naver.com/vldiol/products/5647583908,[브디올] 유기동물 후원 디안 팔찌
4,BEST,https://smartstore.naver.com/talk_that_griptok/best?cp=1,https://smartstore.naver.com/talk_that_griptok/products/8131706861,[무배] 톡댓그립톡 심플 슬림 라운드 원형 스마트링 마그네틱 그립 스마트톡  4컬러 1+1 골라담기
5,BEST,https://smartstore.naver.com/talk_that_griptok/best?cp=1,https://smartstore.naver.com/talk_that_griptok/products/8215932406,톡댓그립톡 미키 미니 디즈니 캐릭터 거울 미러 그립톡
6,BEST,https://smartstore.naver.com/talk_that_griptok/best?cp=1,https://smartstore.naver.com/talk_that_griptok/products/7900405507,톡댓그립톡 심플 슬림 라운드 원형 스마트링 마그네틱 그립 스마트톡
7,BEST,https://smartstore.naver.com/talk_that_griptok/best?cp=1,https://smartstore.naver.com/talk_that_griptok/products/8175469237,[무배] 톡댓그립톡 오로라 테디베어 곰돌이 레진 그립톡 5컬러 1+1 2개 골라담기
8,BEST,https://smartstore.naver.com/talk_that_griptok/best?cp=1,https://smartstore.naver.com/talk_that_griptok/products/8166812222,톡댓그립톡 우주 갤럭시 하리보 테디베어 아크릴 그립톡
9,BEST,https://smartstore.naver.com/talk_that_griptok/best?cp=1,https://smartstore.naver.com/talk_that_griptok/products/8140276417,[무배] 톡댓그립톡 하이틴 레트로 Y2K 키치 큐티 캐릭터 베티붑 아크릴 그립톡
10,BEST,https://smartstore.naver.com/talk_that_griptok/best?cp=1,https://smartstore.naver.com/talk_that_griptok/products/8264295636,톡댓그립톡 키치한 Y2K 무드 에잇볼 갤럭시 아이폰 케이스
11,BEST,https://smartstore.naver.com/talk_that_griptok/best?cp=1,https://smartstore.naver.com/talk_that_griptok/products/8264236478,톡댓그립톡 키치한 Y2K 무드 에잇볼 그립톡
12,BEST,https://smartstore.naver.com/talk_that_griptok/best?cp=1,https://smartstore.naver.com/talk_that_griptok/products/8013142859,톡댓그립톡 럭키 구름 카메라풀커버 실리콘 젤리 아이폰 에어팟 케이스
13,BEST,https://smartstore.naver.com/talk_that_griptok/best?cp=1,https://smartstore.naver.com/talk_that_griptok/products/8385745521,[무배] 톡댓그립톡 초경량 도킹형 스틱 보조배터리 5000mAh C타입 갤럭시 8핀 아이폰 1+1 골라담기
14,BEST,https://smartstore.naver.com/talk_that_griptok/best?cp=1,https://smartstore.naver.com/talk_that_griptok/products/8336487237,톡댓그립톡 키치한 쏘스 아크릴 그립톡
15,BEST,https://smartstore.naver.com/talk_that_griptok/best?cp=1,https://smartstore.naver.com/talk_that_griptok/products/8336289795,톡댓그립톡 귀여운 피크닉 소품 디저트 아크릴 그립톡
16,BEST,https://smartstore.naver.com/talk_that_griptok/best?cp=1,https://smartstore.naver.com/talk_that_griptok/products/8324883889,톡댓그립톡 귀여운 키치 패스트푸드 프렌즈 아크릴 그립톡
17,BEST,https://smartstore.naver.com/talk_that_griptok/best?cp=1,https://smartstore.naver.com/talk_that_griptok/products/8305549651,톡댓그립톡 귀여운 하리보 곰돌이 프렌즈 카드 케이스
18,BEST,https://smartstore.naver.com/talk_that_griptok/best?cp=1,https://smartstore.naver.com/talk_that_griptok/products/8305400605,톡댓그립톡 귀여운 하리보 곰돌이 프렌즈 갤럭시 아이폰 케이스
19,BEST,https://smartstore.naver.com/talk_that_griptok/best?cp=1,https://smartstore.naver.com/talk_that_griptok/products/8289155165,톡댓그립톡 귀여운 하리보 곰돌이 프렌즈 아크릴 그립톡
20,BEST,https://smartstore.naver.com/talk_that_griptok/best?cp=1,https://smartstore.naver.com/talk_that_griptok/products/8264146485,톡댓그립톡 폭신폭신 귀여운 리본 털 토끼 열쇠고리 키홀더 키링
21,BEST,https://smartstore.naver.com/talk_that_griptok/best?cp=1,https://smartstore.naver.com/talk_that_griptok/products/8264032896,톡댓그립톡 폭신폭신 귀여운 하트 폼폼이 솜털 열쇠고리 키링
22,BEST,https://smartstore.naver.com/talk_that_griptok/best?cp=1,https://smartstore.naver.com/talk_that_griptok/products/8230754523,톡댓그립톡 베네치아 열쇠고리 에어팟 갤럭시버즈 키링
23,BEST,https://smartstore.naver.com/talk_that_griptok/best?cp=1,https://smartstore.naver.com/talk_that_griptok/products/8230683006,톡댓그립톡 아기천사 열쇠고리 에어팟 갤럭시버즈 키링
24,BEST,https://smartstore.naver.com/talk_that_griptok/best?cp=1,https://smartstore.naver.com/talk_that_griptok/products/8205344796,톡댓그립톡 귀여운 초코 곰돌이 에어팟 케이스 키링 세트
25,BEST,https://smartstore.naver.com/talk_that_griptok/best?cp=1,https://smartstore.naver.com/talk_that_griptok/products/8205181256,톡댓그립톡 귀여운 하리보 카메라풀커버 실리콘 젤리 아이폰 케이스
26,BEST,https://smartstore.naver.com/talk_that_griptok/best?cp=1,https://smartstore.naver.com/talk_that_griptok/products/8168478517,톡댓그립톡 해피벌스데이 테디베어 인형 그립 스마트톡
27,BEST,https://smartstore.naver.com/talk_that_griptok/best?cp=1,https://smartstore.naver.com/talk_that_griptok/products/8161565340,톡댓그립톡 OREO 오레오 그립 스마트톡
28,BEST,https://smartstore.naver.com/talk_that_griptok/best?cp=1,https://smartstore.naver.com/talk_that_griptok/products/8158386402,톡댓그립톡 디저트카페 아이스크림 치즈 쿠키 베이커리 아크릴 그립톡
29,BEST,https://smartstore.naver.com/talk_that_griptok/best?cp=1,https://smartstore.naver.com/talk_that_griptok/products/8158258687,톡댓그립톡 피크닉 소풍 소품샵 구름 레몬 케이크 아크릴 그립톡
30,BEST,https://smartstore.naver.com/talk_that_griptok/best?cp=1,https://smartstore.naver.com/talk_that_griptok/products/8150365318,톡댓그립톡 귀여운 센과 치히로 스스와타리 먼지 인형 그립톡
31,BEST,https://smartstore.naver.com/talk_that_griptok/best?cp=1,https://smartstore.naver.com/talk_that_griptok/products/8150010199,톡댓그립톡 봄날 파스텔톤 플라워 꽃송이 아크릴 그립톡
32,BEST,https://smartstore.naver.com/talk_that_griptok/best?cp=1,https://smartstore.naver.com/talk_that_griptok/products/8148335246,톡댓그립톡 폭신폭신 귀여운 산리오 캐릭터 쿠션팝 빅사이즈 인형 그립톡
33,BEST,https://smartstore.naver.com/talk_that_griptok/best?cp=1,https://smartstore.naver.com/talk_that_griptok/products/8148107108,톡댓그립톡 건물 사이에 피어난 장미 그립톡
34,GRIPTOK,https://smartstore.naver.com/talk_that_griptok/category/2c52067db4a1490cad10e472512980ca?cp=1,https://smartstore.naver.com/talk_that_griptok/products/8336487237,톡댓그립톡 키치한 쏘스 아크릴 그립톡
35,GRIPTOK,https://smartstore.naver.com/talk_that_griptok/category/2c52067db4a1490cad10e472512980ca?cp=1,https://smartstore.naver.com/talk_that_griptok/products/8336289795,톡댓그립톡 귀여운 피크닉 소품 디저트 아크릴 그립톡
36,GRIPTOK,https://smartstore.naver.com/talk_that_griptok/category/2c52067db4a1490cad10e472512980ca?cp=1,https://smartstore.naver.com/talk_that_griptok/products/8324883889,톡댓그립톡 귀여운 키치 패스트푸드 프렌즈 아크릴 그립톡
37,GRIPTOK,https://smartstore.naver.com/talk_that_griptok/category/2c52067db4a1490cad10e472512980ca?cp=1,https://smartstore.naver.com/talk_that_griptok/products/8289155165,톡댓그립톡 귀여운 하리보 곰돌이 프렌즈 아크릴 그립톡
38,GRIPTOK,https://smartstore.naver.com/talk_that_griptok/category/2c52067db4a1490cad10e472512980ca?cp=1,https://smartstore.naver.com/talk_that_griptok/products/8264236478,톡댓그립톡 키치한 Y2K 무드 에잇볼 그립톡
39,GRIPTOK,https://smartstore.naver.com/talk_that_griptok/category/2c52067db4a1490cad10e472512980ca?cp=1,https://smartstore.naver.com/talk_that_griptok/products/8215932406,톡댓그립톡 미키 미니 디즈니 캐릭터 거울 미러 그립톡
40,GRIPTOK,https://smartstore.naver.com/talk_that_griptok/category/2c52067db4a1490cad10e472512980ca?cp=1,https://smartstore.naver.com/talk_that_griptok/products/8175469237,[무배] 톡댓그립톡 오로라 테디베어 곰돌이 레진 그립톡 5컬러 1+1 2개 골라담기
41,GRIPTOK,https://smartstore.naver.com/talk_that_griptok/category/2c52067db4a1490cad10e472512980ca?cp=1,https://smartstore.naver.com/talk_that_griptok/products/8168478517,톡댓그립톡 해피벌스데이 테디베어 인형 그립 스마트톡
42,GRIPTOK,https://smartstore.naver.com/talk_that_griptok/category/2c52067db4a1490cad10e472512980ca?cp=1,https://smartstore.naver.com/talk_that_griptok/products/8166812222,톡댓그립톡 우주 갤럭시 하리보 테디베어 아크릴 그립톡
43,GRIPTOK,https://smartstore.naver.com/talk_that_griptok/category/2c52067db4a1490cad10e472512980ca?cp=1,https://smartstore.naver.com/talk_that_griptok/products/8161565340,톡댓그립톡 OREO 오레오 그립 스마트톡
44,GRIPTOK,https://smartstore.naver.com/talk_that_griptok/category/2c52067db4a1490cad10e472512980ca?cp=1,https://smartstore.naver.com/talk_that_griptok/products/8158386402,톡댓그립톡 디저트카페 아이스크림 치즈 쿠키 베이커리 아크릴 그립톡
45,GRIPTOK,https://smartstore.naver.com/talk_that_griptok/category/2c52067db4a1490cad10e472512980ca?cp=1,https://smartstore.naver.com/talk_that_griptok/products/8158258687,톡댓그립톡 피크닉 소풍 소품샵 구름 레몬 케이크 아크릴 그립톡
46,GRIPTOK,https://smartstore.naver.com/talk_that_griptok/category/2c52067db4a1490cad10e472512980ca?cp=1,https://smartstore.naver.com/talk_that_griptok/products/8150365318,톡댓그립톡 귀여운 센과 치히로 스스와타리 먼지 인형 그립톡
47,GRIPTOK,https://smartstore.naver.com/talk_that_griptok/category/2c52067db4a1490cad10e472512980ca?cp=1,https://smartstore.naver.com/talk_that_griptok/products/8150010199,톡댓그립톡 봄날 파스텔톤 플라워 꽃송이 아크릴 그립톡
48,GRIPTOK,https://smartstore.naver.com/talk_that_griptok/category/2c52067db4a1490cad10e472512980ca?cp=1,https://smartstore.naver.com/talk_that_griptok/products/8148335246,톡댓그립톡 폭신폭신 귀여운 산리오 캐릭터 쿠션팝 빅사이즈 인형 그립톡
49,GRIPTOK,https://smartstore.naver.com/talk_that_griptok/category/2c52067db4a1490cad10e472512980ca?cp=1,https://smartstore.naver.com/talk_that_griptok/products/8148107108,톡댓그립톡 건물 사이에 피어난 장미 그립톡
50,GRIPTOK,https://smartstore.naver.com/talk_that_griptok/category/2c52067db4a1490cad10e472512980ca?cp=1,https://smartstore.naver.com/talk_that_griptok/products/8140276417,[무배] 톡댓그립톡 하이틴 레트로 Y2K 키치 큐티 캐릭터 베티붑 아크릴 그립톡
51,GRIPTOK,https://smartstore.naver.com/talk_that_griptok/category/2c52067db4a1490cad10e472512980ca?cp=1,https://smartstore.naver.com/talk_that_griptok/products/8131706861,[무배] 톡댓그립톡 심플 슬림 라운드 원형 스마트링 마그네틱 그립 스마트톡  4컬러 1+1 골라담기
52,GRIPTOK,https://smartstore.naver.com/talk_that_griptok/category/2c52067db4a1490cad10e472512980ca?cp=1,https://smartstore.naver.com/talk_that_griptok/products/8120603034,톡댓그립톡 폭신폭신 귀여운 하트 폼폼이 솜털 멀티 컬러 그립톡
53,GRIPTOK,https://smartstore.naver.com/talk_that_griptok/category/2c52067db4a1490cad10e472512980ca?cp=1,https://smartstore.naver.com/talk_that_griptok/products/8108074327,톡댓그립톡 폭신폭신 빵빵한 귀여운 하트 쿠션 패딩 그립톡
54,GRIPTOK,https://smartstore.naver.com/talk_that_griptok/category/2c52067db4a1490cad10e472512980ca?cp=1,https://smartstore.naver.com/talk_that_griptok/products/8107911152,톡댓그립톡 비비드 빅 스마일 미러 거울 그립 스마트톡
55,GRIPTOK,https://smartstore.naver.com/talk_that_griptok/category/2c52067db4a1490cad10e472512980ca?cp=1,https://smartstore.naver.com/talk_that_griptok/products/8107346149,톡댓그립톡 영롱한 유광 홀로그램 투명 곰돌이 하리보 오로라 레진 그립 스마트톡
56,GRIPTOK,https://smartstore.naver.com/talk_that_griptok/category/2c52067db4a1490cad10e472512980ca?cp=1,https://smartstore.naver.com/talk_that_griptok/products/8105438890,톡댓그립톡 키치 유니크 하리보 초코비 곰젤리 쿠션 그립톡 별키링 포함
57,GRIPTOK,https://smartstore.naver.com/talk_that_griptok/category/2c52067db4a1490cad10e472512980ca?cp=1,https://smartstore.naver.com/talk_that_griptok/products/8105199513,톡댓그립톡 고급스러운 무광 홀로그램 투명 곰돌이 하리보 오로라 레진 그립 스마트톡
58,GRIPTOK,https://smartstore.naver.com/talk_that_griptok/category/2c52067db4a1490cad10e472512980ca?cp=1,https://smartstore.naver.com/talk_that_griptok/products/8098574202,[무배] 톡댓그립톡 엠엔엠즈 초콜릿 하이틴 테디베어 아크릴 그립 스마트톡
59,GRIPTOK,https://smartstore.naver.com/talk_that_griptok/category/2c52067db4a1490cad10e472512980ca?cp=1,https://smartstore.naver.com/talk_that_griptok/products/8090818284,[무배] 톡댓그립톡 해피래빗 하이틴 토끼 아크릴 그립 스마트톡
60,GRIPTOK,https://smartstore.naver.com/talk_that_griptok/category/2c52067db4a1490cad10e472512980ca?cp=1,https://smartstore.naver.com/talk_that_griptok/products/8087451583,[무배] 톡댓그립톡 귀여운 하이틴 심슨 도넛 핑거톡 그립톡
61,GRIPTOK,https://smartstore.naver.com/talk_that_griptok/category/2c52067db4a1490cad10e472512980ca?cp=1,https://smartstore.naver.com/talk_that_griptok/products/8075711084,톡댓그립톡 폭신폭신 꽃잎 플라워 그립톡 스마트톡
62,GRIPTOK,https://smartstore.naver.com/talk_that_griptok/category/2c52067db4a1490cad10e472512980ca?cp=1,https://smartstore.naver.com/talk_that_griptok/products/8075616464,톡댓그립톡 귀여운 곰돌이 인형 스마트톡 핑거톡 그립톡
63,GRIPTOK,https://smartstore.naver.com/talk_that_griptok/category/2c52067db4a1490cad10e472512980ca?cp=1,https://smartstore.naver.com/talk_that_griptok/products/8075415691,톡댓그립톡 귀여운 눈사람 식빵 쿠키 강아지 그립톡 스마트톡
64,GRIPTOK,https://smartstore.naver.com/talk_that_griptok/category/2c52067db4a1490cad10e472512980ca?cp=1,https://smartstore.naver.com/talk_that_griptok/products/7922512839,[무배] 톡댓그립톡 스누즈키튼즈 캐릭터 스쿨 슈퍼마켓 아크릴 거치대 홀더 그립톡
65,GRIPTOK,https://smartstore.naver.com/talk_that_griptok/category/2c52067db4a1490cad10e472512980ca?cp=1,https://smartstore.naver.com/talk_that_griptok/products/7918410978,톡댓그립톡 심플 링 그립톡2 맥세이프 메탈릭 컬러 그립톡
66,GRIPTOK,https://smartstore.naver.com/talk_that_griptok/category/2c52067db4a1490cad10e472512980ca?cp=1,https://smartstore.naver.com/talk_that_griptok/products/7916980054,톡댓그립톡 복실복실 체리 베어 부드러운 곰돌이 인형 그립 스마트톡
67,GRIPTOK,https://smartstore.naver.com/talk_that_griptok/category/2c52067db4a1490cad10e472512980ca?cp=1,https://smartstore.naver.com/talk_that_griptok/products/7916649014,톡댓그립톡 복실복실 귀여운 털실 곰돌이 곰도리 그립톡
68,GRIPTOK,https://smartstore.naver.com/talk_that_griptok/category/2c52067db4a1490cad10e472512980ca?cp=1,https://smartstore.naver.com/talk_that_griptok/products/7900405507,톡댓그립톡 심플 슬림 라운드 원형 스마트링 마그네틱 그립 스마트톡
69,GRIPTOK,https://smartstore.naver.com/talk_that_griptok/category/2c52067db4a1490cad10e472512980ca?cp=1,https://smartstore.naver.com/talk_that_griptok/products/7900398440,톡댓그립톡 곰돌이 테드 테디베어 스마트톡 그립톡 거치대 홀더
70,GRIPTOK,https://smartstore.naver.com/talk_that_griptok/category/2c52067db4a1490cad10e472512980ca?cp=1,https://smartstore.naver.com/talk_that_griptok/products/7900379143,톡댓그립톡 깅엄 체크 해피데이 스마일 이모지 그립톡
71,GRIPTOK,https://smartstore.naver.com/talk_that_griptok/category/2c52067db4a1490cad10e472512980ca?cp=1,https://smartstore.naver.com/talk_that_griptok/products/7897305430,[무배] 톡댓그립톡 디저트래빗 하이틴 토끼 아크릴 그립 스마트톡
72,CASE,https://smartstore.naver.com/talk_that_griptok/category/729339b4a1ef425f8a0bb7739b91adb2?cp=1,https://smartstore.naver.com/talk_that_griptok/products/8305400605,톡댓그립톡 귀여운 하리보 곰돌이 프렌즈 갤럭시 아이폰 케이스
73,CASE,https://smartstore.naver.com/talk_that_griptok/category/729339b4a1ef425f8a0bb7739b91adb2?cp=1,https://smartstore.naver.com/talk_that_griptok/products/8264295636,톡댓그립톡 키치한 Y2K 무드 에잇볼 갤럭시 아이폰 케이스
74,CASE,https://smartstore.naver.com/talk_that_griptok/category/729339b4a1ef425f8a0bb7739b91adb2?cp=1,https://smartstore.naver.com/talk_that_griptok/products/8205181256,톡댓그립톡 귀여운 하리보 카메라풀커버 실리콘 젤리 아이폰 케이스
75,CASE,https://smartstore.naver.com/talk_that_griptok/category/729339b4a1ef425f8a0bb7739b91adb2?cp=1,https://smartstore.naver.com/talk_that_griptok/products/8100750909,톡댓그립톡 젤하드 투명 클리어 방탄 에어쿠션 범퍼 케이스
76,CASE,https://smartstore.naver.com/talk_that_griptok/category/729339b4a1ef425f8a0bb7739b91adb2?cp=1,https://smartstore.naver.com/talk_that_griptok/products/8082044431,톡댓그립톡 심플 무광 힌지보호 힌지가드 Z플립4 케이스
77,CASE,https://smartstore.naver.com/talk_that_griptok/category/729339b4a1ef425f8a0bb7739b91adb2?cp=1,https://smartstore.naver.com/talk_that_griptok/products/8039180302,톡댓그립톡 젤하드 맥세이프 아이폰 케이스
78,CASE,https://smartstore.naver.com/talk_that_griptok/category/729339b4a1ef425f8a0bb7739b91adb2?cp=1,https://smartstore.naver.com/talk_that_griptok/products/8013211707,톡댓그립톡 캔디 코튼 웨이브 미러 그립톡 일체형 아이폰 케이스
79,CASE,https://smartstore.naver.com/talk_that_griptok/category/729339b4a1ef425f8a0bb7739b91adb2?cp=1,https://smartstore.naver.com/talk_that_griptok/products/8013142859,톡댓그립톡 럭키 구름 카메라풀커버 실리콘 젤리 아이폰 에어팟 케이스
80,CASE,https://smartstore.naver.com/talk_that_griptok/category/729339b4a1ef425f8a0bb7739b91adb2?cp=1,https://smartstore.naver.com/talk_that_griptok/products/8007297066,톡댓그립톡 사랑스러운 하트 토끼 베어 카메라풀커버 아이폰 케이스
81,CASE,https://smartstore.naver.com/talk_that_griptok/category/729339b4a1ef425f8a0bb7739b91adb2?cp=1,https://smartstore.naver.com/talk_that_griptok/products/8007292622,톡댓그립톡 귀여운 바니 토끼 카메라풀커버 아이폰 케이스
82,CASE,https://smartstore.naver.com/talk_that_griptok/category/729339b4a1ef425f8a0bb7739b91adb2?cp=1,https://smartstore.naver.com/talk_that_griptok/products/7934883863,톡댓그립톡 그라디언트 그라데이션 카메라 풀커버 카드수납 방탄 젤리 케이스 / 아이폰 갤럭시
83,CASE,https://smartstore.naver.com/talk_that_griptok/category/729339b4a1ef425f8a0bb7739b91adb2?cp=1,https://smartstore.naver.com/talk_that_griptok/products/7934754880,톡댓그립톡 슈퍼방탄 변색방지 카드수납 카메라 풀커버 소프트 젤리 투명 갤럭시 아이폰 케이스
84,CASE,https://smartstore.naver.com/talk_that_griptok/category/729339b4a1ef425f8a0bb7739b91adb2?cp=1,https://smartstore.naver.com/talk_that_griptok/products/7922714359,톡댓그립톡 하이틴 xoxo 다이어리 블링블링 글리터 아이폰 갤럭시 케이스
85,CASE,https://smartstore.naver.com/talk_that_griptok/category/729339b4a1ef425f8a0bb7739b91adb2?cp=1,https://smartstore.naver.com/talk_that_griptok/products/7921446018,톡댓그립톡 Z플립4 플라워 스마일 이모지 케이스
86,CASE,https://smartstore.naver.com/talk_that_griptok/category/729339b4a1ef425f8a0bb7739b91adb2?cp=1,https://smartstore.naver.com/talk_that_griptok/products/7920651509,톡댓그립톡 Z플립 힌지 가드 귀여운 냐미 커플 투명 케이스 포크 거치대 포함
87,CASE,https://smartstore.naver.com/talk_that_griptok/category/729339b4a1ef425f8a0bb7739b91adb2?cp=1,https://smartstore.naver.com/talk_that_griptok/products/7908245556,톡댓그립톡 귀여운 타마고 다이노 공룡 카메라 풀커버 아이폰 케이스
88,CASE,https://smartstore.naver.com/talk_that_griptok/category/729339b4a1ef425f8a0bb7739b91adb2?cp=1,https://smartstore.naver.com/talk_that_griptok/products/7908225437,톡댓그립톡 사랑스러운 로맨틱 커플 강아지 카메라 풀커버 케이스 아이폰
89,CASE,https://smartstore.naver.com/talk_that_griptok/category/729339b4a1ef425f8a0bb7739b91adb2?cp=1,https://smartstore.naver.com/talk_that_griptok/products/7908205660,톡댓그립톡 상큼한 애플 민트 토끼와 곰돌이 카메라 풀커버 아이폰 케이스
90,CASE,https://smartstore.naver.com/talk_that_griptok/category/729339b4a1ef425f8a0bb7739b91adb2?cp=1,https://smartstore.naver.com/talk_that_griptok/products/7908171302,톡댓그립톡 귀여운 강아지 말티 카메라 풀커버 아이폰 케이스
91,CASE,https://smartstore.naver.com/talk_that_griptok/category/729339b4a1ef425f8a0bb7739b91adb2?cp=1,https://smartstore.naver.com/talk_that_griptok/products/7908158941,톡댓그립톡 귀여운 도토리와 고양이 카메라 풀커버 아이폰 케이스
92,CASE,https://smartstore.naver.com/talk_that_griptok/category/729339b4a1ef425f8a0bb7739b91adb2?cp=1,https://smartstore.naver.com/talk_that_griptok/products/7908146357,톡댓그립톡 귀여운 양말 속 곰돌이 카메라 풀커버 아이폰 케이스
93,KEYRING,https://smartstore.naver.com/talk_that_griptok/category/a3bf9937e0e74fb7a725b4c3d54b01d0?cp=1,https://smartstore.naver.com/talk_that_griptok/products/8264146485,톡댓그립톡 폭신폭신 귀여운 리본 털 토끼 열쇠고리 키홀더 키링
94,KEYRING,https://smartstore.naver.com/talk_that_griptok/category/a3bf9937e0e74fb7a725b4c3d54b01d0?cp=1,https://smartstore.naver.com/talk_that_griptok/products/8264032896,톡댓그립톡 폭신폭신 귀여운 하트 폼폼이 솜털 열쇠고리 키링
95,KEYRING,https://smartstore.naver.com/talk_that_griptok/category/a3bf9937e0e74fb7a725b4c3d54b01d0?cp=1,https://smartstore.naver.com/talk_that_griptok/products/8230754523,톡댓그립톡 베네치아 열쇠고리 에어팟 갤럭시버즈 키링
96,KEYRING,https://smartstore.naver.com/talk_that_griptok/category/a3bf9937e0e74fb7a725b4c3d54b01d0?cp=1,https://smartstore.naver.com/talk_that_griptok/products/8230683006,톡댓그립톡 아기천사 열쇠고리 에어팟 갤럭시버즈 키링
97,KEYRING,https://smartstore.naver.com/talk_that_griptok/category/a3bf9937e0e74fb7a725b4c3d54b01d0?cp=1,https://smartstore.naver.com/talk_that_griptok/products/8108899586,[무배] 톡댓그립톡 복실복실 부들부들 귀여운 강아지 바둑이 인형 키홀더 키링
98,KEYRING,https://smartstore.naver.com/talk_that_griptok/category/a3bf9937e0e74fb7a725b4c3d54b01d0?cp=1,https://smartstore.naver.com/talk_that_griptok/products/7983928870,톡댓그립톡 뽀글뽀글 귀여운 푸들 구름이 강아지 인형 키홀더 키링
99,KEYRING,https://smartstore.naver.com/talk_that_griptok/category/a3bf9937e0e74fb7a725b4c3d54b01d0?cp=1,https://smartstore.naver.com/talk_that_griptok/products/7973454644,톡댓그립톡 귀여운 코스튬 테디베어 에어팟 케이스 스마트폰 가방 키링
100,KEYRING,https://smartstore.naver.com/talk_that_griptok/category/a3bf9937e0e74fb7a725b4c3d54b01d0?cp=1,https://smartstore.naver.com/talk_that_griptok/products/7970501679,톡댓그립톡 산리오 키링 시나모롤 마이멜로디 쿠로미 헬로키티 폼폼푸린 모찌 인형
101,KEYRING,https://smartstore.naver.com/talk_that_griptok/category/a3bf9937e0e74fb7a725b4c3d54b01d0?cp=1,https://smartstore.naver.com/talk_that_griptok/products/7958197180,톡댓그립톡 키치한 하이틴 볼터치 애착 인형 토끼 래빗 키링
102,KEYRING,https://smartstore.naver.com/talk_that_griptok/category/a3bf9937e0e74fb7a725b4c3d54b01d0?cp=1,https://smartstore.naver.com/talk_that_griptok/products/7958071886,톡댓그립톡 키치한 하이틴 볼터치 애착 인형 테디베어 키링
103,AIRPODS,https://smartstore.naver.com/talk_that_griptok/category/33f19827b008410ca09be05467837cd2?cp=1,https://smartstore.naver.com/talk_that_griptok/products/8205344796,톡댓그립톡 귀여운 초코 곰돌이 에어팟 케이스 키링 세트
104,AIRPODS,https://smartstore.naver.com/talk_that_griptok/category/33f19827b008410ca09be05467837cd2?cp=1,https://smartstore.naver.com/talk_that_griptok/products/8013142859,톡댓그립톡 럭키 구름 카메라풀커버 실리콘 젤리 아이폰 에어팟 케이스
105,AIRPODS,https://smartstore.naver.com/talk_that_griptok/category/33f19827b008410ca09be05467837cd2?cp=1,https://smartstore.naver.com/talk_that_griptok/products/8007479192,톡댓그립톡 에어팟 투명 클리어 젤리 실리콘 케이스 카라비너 포함
106,AIRPODS,https://smartstore.naver.com/talk_that_griptok/category/33f19827b008410ca09be05467837cd2?cp=1,https://smartstore.naver.com/talk_that_griptok/products/7984513181,톡댓그립톡 로마네 도낫도낫 베어 밀크티 초코 베리 에어팟프로 케이스
107,AIRPODS,https://smartstore.naver.com/talk_that_griptok/category/33f19827b008410ca09be05467837cd2?cp=1,https://smartstore.naver.com/talk_that_griptok/products/7967394026,톡댓그립톡 귀여운 몽몽 강아지 에어팟 실리콘 케이스 1/2세대 프로
108,AIRPODS,https://smartstore.naver.com/talk_that_griptok/category/33f19827b008410ca09be05467837cd2?cp=1,https://smartstore.naver.com/talk_that_griptok/products/7966535108,톡댓그립톡 진주 플라워 베어 키링 에어팟 케이스 1.2세대 프로 3세대
109,AIRPODS,https://smartstore.naver.com/talk_that_griptok/category/33f19827b008410ca09be05467837cd2?cp=1,https://smartstore.naver.com/talk_that_griptok/products/7959168404,톡댓그립톡 에어팟 체커보드 보더체크 바둑무늬 케이스
110,POUCH,https://smartstore.naver.com/talk_that_griptok/category/6489e4328de9460dbbd35774e16cbe03?cp=1,https://smartstore.naver.com/talk_that_griptok/products/8114166758,[무배] 톡댓그립톡 귀여운 피넛 인형 펜슬 케이스 파우치
111,POUCH,https://smartstore.naver.com/talk_that_griptok/category/6489e4328de9460dbbd35774e16cbe03?cp=1,https://smartstore.naver.com/talk_that_griptok/products/8114090699,[무배] 톡댓그립톡 귀여운 가을 뽀글이 곰돌이 테디베어 펜슬 케이스 파우치
112,POUCH,https://smartstore.naver.com/talk_that_griptok/category/6489e4328de9460dbbd35774e16cbe03?cp=1,https://smartstore.naver.com/talk_that_griptok/products/8114007485,[무배] 톡댓그립톡 귀여운 부드러운 동물 애니멀 캐릭터 퍼 파우치
113,POUCH,https://smartstore.naver.com/talk_that_griptok/category/6489e4328de9460dbbd35774e16cbe03?cp=1,https://smartstore.naver.com/talk_that_griptok/products/8113916017,[무배] 톡댓그립톡 귀여운 부드러운 비비드 컬러 퍼 파우치
114,POUCH,https://smartstore.naver.com/talk_that_griptok/category/6489e4328de9460dbbd35774e16cbe03?cp=1,https://smartstore.naver.com/talk_that_griptok/products/8113767108,[무배] 톡댓그립톡 귀여운 동물 뽀글이 퍼 곰돌이 테디베어 파우치
115,POUCH,https://smartstore.naver.com/talk_that_griptok/category/6489e4328de9460dbbd35774e16cbe03?cp=1,https://smartstore.naver.com/talk_that_griptok/products/8113703307,[무배] 톡댓그립톡 귀여운 보더체크 체크보드 패턴 새학기 필통 펜슬 케이스 파우치
116,POUCH,https://smartstore.naver.com/talk_that_griptok/category/6489e4328de9460dbbd35774e16cbe03?cp=1,https://smartstore.naver.com/talk_that_griptok/products/8113471288,[무배] 톡댓그립톡 귀여운 동물 애니멀 곰돌이 테디베어 동전지갑 파우치
117,POUCH,https://smartstore.naver.com/talk_that_griptok/category/6489e4328de9460dbbd35774e16cbe03?cp=1,https://smartstore.naver.com/talk_that_griptok/products/8113428657,[무배] 톡댓그립톡 귀여운 식빵 브레드 캐릭터 키링 파우치
118,POUCH,https://smartstore.naver.com/talk_that_griptok/category/6489e4328de9460dbbd35774e16cbe03?cp=1,https://smartstore.naver.com/talk_that_griptok/products/8113368580,[무배] 톡댓그립톡 귀여운 과일 체리 패턴 파우치
119,POUCH,https://smartstore.naver.com/talk_that_griptok/category/6489e4328de9460dbbd35774e16cbe03?cp=1,https://smartstore.naver.com/talk_that_griptok/products/8113312424,[무배] 톡댓그립톡 귀여운 동물 친구들 크롱이 토토 파우치
120,POUCH,https://smartstore.naver.com/talk_that_griptok/category/6489e4328de9460dbbd35774e16cbe03?cp=1,https://smartstore.naver.com/talk_that_griptok/products/7987492519,톡댓그립톡 로마네 도낫도낫 11형 아이패드 파우치 도낫베어 도낫프렌즈
121,ALL,https://smartstore.naver.com/talk_that_griptok/category/20bf14b32ffb4fdc9cc378632f183cee?cp=1,https://smartstore.naver.com/talk_that_griptok/products/8385745521,[무배] 톡댓그립톡 초경량 도킹형 스틱 보조배터리 5000mAh C타입 갤럭시 8핀 아이폰 1+1 골라담기
122,ALL,https://smartstore.naver.com/talk_that_griptok/category/20bf14b32ffb4fdc9cc378632f183cee?cp=1,https://smartstore.naver.com/talk_that_griptok/products/8336487237,톡댓그립톡 키치한 쏘스 아크릴 그립톡
123,ALL,https://smartstore.naver.com/talk_that_griptok/category/20bf14b32ffb4fdc9cc378632f183cee?cp=1,https://smartstore.naver.com/talk_that_griptok/products/8336289795,톡댓그립톡 귀여운 피크닉 소품 디저트 아크릴 그립톡
124,ALL,https://smartstore.naver.com/talk_that_griptok/category/20bf14b32ffb4fdc9cc378632f183cee?cp=1,https://smartstore.naver.com/talk_that_griptok/products/8324883889,톡댓그립톡 귀여운 키치 패스트푸드 프렌즈 아크릴 그립톡
125,ALL,https://smartstore.naver.com/talk_that_griptok/category/20bf14b32ffb4fdc9cc378632f183cee?cp=1,https://smartstore.naver.com/talk_that_griptok/products/8305549651,톡댓그립톡 귀여운 하리보 곰돌이 프렌즈 카드 케이스
126,ALL,https://smartstore.naver.com/talk_that_griptok/category/20bf14b32ffb4fdc9cc378632f183cee?cp=1,https://smartstore.naver.com/talk_that_griptok/products/8305400605,톡댓그립톡 귀여운 하리보 곰돌이 프렌즈 갤럭시 아이폰 케이스
127,ALL,https://smartstore.naver.com/talk_that_griptok/category/20bf14b32ffb4fdc9cc378632f183cee?cp=1,https://smartstore.naver.com/talk_that_griptok/products/8289155165,톡댓그립톡 귀여운 하리보 곰돌이 프렌즈 아크릴 그립톡
128,ALL,https://smartstore.naver.com/talk_that_griptok/category/20bf14b32ffb4fdc9cc378632f183cee?cp=1,https://smartstore.naver.com/talk_that_griptok/products/8264295636,톡댓그립톡 키치한 Y2K 무드 에잇볼 갤럭시 아이폰 케이스
129,ALL,https://smartstore.naver.com/talk_that_griptok/category/20bf14b32ffb4fdc9cc378632f183cee?cp=1,https://smartstore.naver.com/talk_that_griptok/products/8264236478,톡댓그립톡 키치한 Y2K 무드 에잇볼 그립톡
130,ALL,https://smartstore.naver.com/talk_that_griptok/category/20bf14b32ffb4fdc9cc378632f183cee?cp=1,https://smartstore.naver.com/talk_that_griptok/products/8264146485,톡댓그립톡 폭신폭신 귀여운 리본 털 토끼 열쇠고리 키홀더 키링
131,ALL,https://smartstore.naver.com/talk_that_griptok/category/20bf14b32ffb4fdc9cc378632f183cee?cp=1,https://smartstore.naver.com/talk_that_griptok/products/8264032896,톡댓그립톡 폭신폭신 귀여운 하트 폼폼이 솜털 열쇠고리 키링
132,ALL,https://smartstore.naver.com/talk_that_griptok/category/20bf14b32ffb4fdc9cc378632f183cee?cp=1,https://smartstore.naver.com/talk_that_griptok/products/8230754523,톡댓그립톡 베네치아 열쇠고리 에어팟 갤럭시버즈 키링
133,ALL,https://smartstore.naver.com/talk_that_griptok/category/20bf14b32ffb4fdc9cc378632f183cee?cp=1,https://smartstore.naver.com/talk_that_griptok/products/8230683006,톡댓그립톡 아기천사 열쇠고리 에어팟 갤럭시버즈 키링
134,ALL,https://smartstore.naver.com/talk_that_griptok/category/20bf14b32ffb4fdc9cc378632f183cee?cp=1,https://smartstore.naver.com/talk_that_griptok/products/8215932406,톡댓그립톡 미키 미니 디즈니 캐릭터 거울 미러 그립톡
135,ALL,https://smartstore.naver.com/talk_that_griptok/category/20bf14b32ffb4fdc9cc378632f183cee?cp=1,https://smartstore.naver.com/talk_that_griptok/products/8205344796,톡댓그립톡 귀여운 초코 곰돌이 에어팟 케이스 키링 세트
136,ALL,https://smartstore.naver.com/talk_that_griptok/category/20bf14b32ffb4fdc9cc378632f183cee?cp=1,https://smartstore.naver.com/talk_that_griptok/products/8205181256,톡댓그립톡 귀여운 하리보 카메라풀커버 실리콘 젤리 아이폰 케이스
137,ALL,https://smartstore.naver.com/talk_that_griptok/category/20bf14b32ffb4fdc9cc378632f183cee?cp=1,https://smartstore.naver.com/talk_that_griptok/products/8175469237,[무배] 톡댓그립톡 오로라 테디베어 곰돌이 레진 그립톡 5컬러 1+1 2개 골라담기
138,ALL,https://smartstore.naver.com/talk_that_griptok/category/20bf14b32ffb4fdc9cc378632f183cee?cp=1,https://smartstore.naver.com/talk_that_griptok/products/8168478517,톡댓그립톡 해피벌스데이 테디베어 인형 그립 스마트톡
139,ALL,https://smartstore.naver.com/talk_that_griptok/category/20bf14b32ffb4fdc9cc378632f183cee?cp=1,https://smartstore.naver.com/talk_that_griptok/products/8166812222,톡댓그립톡 우주 갤럭시 하리보 테디베어 아크릴 그립톡
140,ALL,https://smartstore.naver.com/talk_that_griptok/category/20bf14b32ffb4fdc9cc378632f183cee?cp=1,https://smartstore.naver.com/talk_that_griptok/products/8161565340,톡댓그립톡 OREO 오레오 그립 스마트톡
141,ALL,https://smartstore.naver.com/talk_that_griptok/category/20bf14b32ffb4fdc9cc378632f183cee?cp=1,https://smartstore.naver.com/talk_that_griptok/products/8158386402,톡댓그립톡 디저트카페 아이스크림 치즈 쿠키 베이커리 아크릴 그립톡
142,ALL,https://smartstore.naver.com/talk_that_griptok/category/20bf14b32ffb4fdc9cc378632f183cee?cp=1,https://smartstore.naver.com/talk_that_griptok/products/8158258687,톡댓그립톡 피크닉 소풍 소품샵 구름 레몬 케이크 아크릴 그립톡
143,ALL,https://smartstore.naver.com/talk_that_griptok/category/20bf14b32ffb4fdc9cc378632f183cee?cp=1,https://smartstore.naver.com/talk_that_griptok/products/8150365318,톡댓그립톡 귀여운 센과 치히로 스스와타리 먼지 인형 그립톡
144,ALL,https://smartstore.naver.com/talk_that_griptok/category/20bf14b32ffb4fdc9cc378632f183cee?cp=1,https://smartstore.naver.com/talk_that_griptok/products/8150010199,톡댓그립톡 봄날 파스텔톤 플라워 꽃송이 아크릴 그립톡
145,ALL,https://smartstore.naver.com/talk_that_griptok/category/20bf14b32ffb4fdc9cc378632f183cee?cp=1,https://smartstore.naver.com/talk_that_griptok/products/8148335246,톡댓그립톡 폭신폭신 귀여운 산리오 캐릭터 쿠션팝 빅사이즈 인형 그립톡
146,ALL,https://smartstore.naver.com/talk_that_griptok/category/20bf14b32ffb4fdc9cc378632f183cee?cp=1,https://smartstore.naver.com/talk_that_griptok/products/8148107108,톡댓그립톡 건물 사이에 피어난 장미 그립톡
147,ALL,https://smartstore.naver.com/talk_that_griptok/category/20bf14b32ffb4fdc9cc378632f183cee?cp=1,https://smartstore.naver.com/talk_that_griptok/products/8140276417,[무배] 톡댓그립톡 하이틴 레트로 Y2K 키치 큐티 캐릭터 베티붑 아크릴 그립톡
148,ALL,https://smartstore.naver.com/talk_that_griptok/category/20bf14b32ffb4fdc9cc378632f183cee?cp=1,https://smartstore.naver.com/talk_that_griptok/products/8131706861,[무배] 톡댓그립톡 심플 슬림 라운드 원형 스마트링 마그네틱 그립 스마트톡  4컬러 1+1 골라담기
149,ALL,https://smartstore.naver.com/talk_that_griptok/category/20bf14b32ffb4fdc9cc378632f183cee?cp=1,https://smartstore.naver.com/talk_that_griptok/products/8120603034,톡댓그립톡 폭신폭신 귀여운 하트 폼폼이 솜털 멀티 컬러 그립톡
150,ALL,https://smartstore.naver.com/talk_that_griptok/category/20bf14b32ffb4fdc9cc378632f183cee?cp=1,https://smartstore.naver.com/talk_that_griptok/products/8114166758,[무배] 톡댓그립톡 귀여운 피넛 인형 펜슬 케이스 파우치
151,ALL,https://smartstore.naver.com/talk_that_griptok/category/20bf14b32ffb4fdc9cc378632f183cee?cp=1,https://smartstore.naver.com/talk_that_griptok/products/8114090699,[무배] 톡댓그립톡 귀여운 가을 뽀글이 곰돌이 테디베어 펜슬 케이스 파우치
152,ALL,https://smartstore.naver.com/talk_that_griptok/category/20bf14b32ffb4fdc9cc378632f183cee?cp=1,https://smartstore.naver.com/talk_that_griptok/products/8114007485,[무배] 톡댓그립톡 귀여운 부드러운 동물 애니멀 캐릭터 퍼 파우치
153,ALL,https://smartstore.naver.com/talk_that_griptok/category/20bf14b32ffb4fdc9cc378632f183cee?cp=1,https://smartstore.naver.com/talk_that_griptok/products/8113916017,[무배] 톡댓그립톡 귀여운 부드러운 비비드 컬러 퍼 파우치
154,ALL,https://smartstore.naver.com/talk_that_griptok/category/20bf14b32ffb4fdc9cc378632f183cee?cp=1,https://smartstore.naver.com/talk_that_griptok/products/8113767108,[무배] 톡댓그립톡 귀여운 동물 뽀글이 퍼 곰돌이 테디베어 파우치
155,ALL,https://smartstore.naver.com/talk_that_griptok/category/20bf14b32ffb4fdc9cc378632f183cee?cp=1,https://smartstore.naver.com/talk_that_griptok/products/8113703307,[무배] 톡댓그립톡 귀여운 보더체크 체크보드 패턴 새학기 필통 펜슬 케이스 파우치
156,ALL,https://smartstore.naver.com/talk_that_griptok/category/20bf14b32ffb4fdc9cc378632f183cee?cp=1,https://smartstore.naver.com/talk_that_griptok/products/8113471288,[무배] 톡댓그립톡 귀여운 동물 애니멀 곰돌이 테디베어 동전지갑 파우치
157,ALL,https://smartstore.naver.com/talk_that_griptok/category/20bf14b32ffb4fdc9cc378632f183cee?cp=1,https://smartstore.naver.com/talk_that_griptok/products/8113428657,[무배] 톡댓그립톡 귀여운 식빵 브레드 캐릭터 키링 파우치
158,ALL,https://smartstore.naver.com/talk_that_griptok/category/20bf14b32ffb4fdc9cc378632f183cee?cp=1,https://smartstore.naver.com/talk_that_griptok/products/8113368580,[무배] 톡댓그립톡 귀여운 과일 체리 패턴 파우치
159,ALL,https://smartstore.naver.com/talk_that_griptok/category/20bf14b32ffb4fdc9cc378632f183cee?cp=1,https://smartstore.naver.com/talk_that_griptok/products/8113312424,[무배] 톡댓그립톡 귀여운 동물 친구들 크롱이 토토 파우치
160,ALL,https://smartstore.naver.com/talk_that_griptok/category/20bf14b32ffb4fdc9cc378632f183cee?cp=1,https://smartstore.naver.com/talk_that_griptok/products/8108899586,[무배] 톡댓그립톡 복실복실 부들부들 귀여운 강아지 바둑이 인형 키홀더 키링
161,ALL,https://smartstore.naver.com/talk_that_griptok/category/20bf14b32ffb4fdc9cc378632f183cee?cp=1,https://smartstore.naver.com/talk_that_griptok/products/8108074327,톡댓그립톡 폭신폭신 빵빵한 귀여운 하트 쿠션 패딩 그립톡
162,ALL,https://smartstore.naver.com/talk_that_griptok/category/20bf14b32ffb4fdc9cc378632f183cee?cp=1,https://smartstore.naver.com/talk_that_griptok/products/8107911152,톡댓그립톡 비비드 빅 스마일 미러 거울 그립 스마트톡
163,ALL,https://smartstore.naver.com/talk_that_griptok/category/20bf14b32ffb4fdc9cc378632f183cee?cp=1,https://smartstore.naver.com/talk_that_griptok/products/8107346149,톡댓그립톡 영롱한 유광 홀로그램 투명 곰돌이 하리보 오로라 레진 그립 스마트톡
164,ALL,https://smartstore.naver.com/talk_that_griptok/category/20bf14b32ffb4fdc9cc378632f183cee?cp=1,https://smartstore.naver.com/talk_that_griptok/products/8105438890,톡댓그립톡 키치 유니크 하리보 초코비 곰젤리 쿠션 그립톡 별키링 포함
165,ALL,https://smartstore.naver.com/talk_that_griptok/category/20bf14b32ffb4fdc9cc378632f183cee?cp=1,https://smartstore.naver.com/talk_that_griptok/products/8105199513,톡댓그립톡 고급스러운 무광 홀로그램 투명 곰돌이 하리보 오로라 레진 그립 스마트톡
166,ALL,https://smartstore.naver.com/talk_that_griptok/category/20bf14b32ffb4fdc9cc378632f183cee?cp=1,https://smartstore.naver.com/talk_that_griptok/products/8100750909,톡댓그립톡 젤하드 투명 클리어 방탄 에어쿠션 범퍼 케이스
167,ALL,https://smartstore.naver.com/talk_that_griptok/category/20bf14b32ffb4fdc9cc378632f183cee?cp=1,https://smartstore.naver.com/talk_that_griptok/products/8098574202,[무배] 톡댓그립톡 엠엔엠즈 초콜릿 하이틴 테디베어 아크릴 그립 스마트톡
168,ALL,https://smartstore.naver.com/talk_that_griptok/category/20bf14b32ffb4fdc9cc378632f183cee?cp=1,https://smartstore.naver.com/talk_that_griptok/products/8090818284,[무배] 톡댓그립톡 해피래빗 하이틴 토끼 아크릴 그립 스마트톡
169,ALL,https://smartstore.naver.com/talk_that_griptok/category/20bf14b32ffb4fdc9cc378632f183cee?cp=1,https://smartstore.naver.com/talk_that_griptok/products/8087451583,[무배] 톡댓그립톡 귀여운 하이틴 심슨 도넛 핑거톡 그립톡
170,ALL,https://smartstore.naver.com/talk_that_griptok/category/20bf14b32ffb4fdc9cc378632f183cee?cp=1,https://smartstore.naver.com/talk_that_griptok/products/8082044431,톡댓그립톡 심플 무광 힌지보호 힌지가드 Z플립4 케이스
171,ALL,https://smartstore.naver.com/talk_that_griptok/category/20bf14b32ffb4fdc9cc378632f183cee?cp=1,https://smartstore.naver.com/talk_that_griptok/products/8075711084,톡댓그립톡 폭신폭신 꽃잎 플라워 그립톡 스마트톡
172,ALL,https://smartstore.naver.com/talk_that_griptok/category/20bf14b32ffb4fdc9cc378632f183cee?cp=1,https://smartstore.naver.com/talk_that_griptok/products/8075616464,톡댓그립톡 귀여운 곰돌이 인형 스마트톡 핑거톡 그립톡
173,ALL,https://smartstore.naver.com/talk_that_griptok/category/20bf14b32ffb4fdc9cc378632f183cee?cp=1,https://smartstore.naver.com/talk_that_griptok/products/8075415691,톡댓그립톡 귀여운 눈사람 식빵 쿠키 강아지 그립톡 스마트톡
174,ALL,https://smartstore.naver.com/talk_that_griptok/category/20bf14b32ffb4fdc9cc378632f183cee?cp=1,https://smartstore.naver.com/talk_that_griptok/products/8039180302,톡댓그립톡 젤하드 맥세이프 아이폰 케이스
175,ALL,https://smartstore.naver.com/talk_that_griptok/category/20bf14b32ffb4fdc9cc378632f183cee?cp=1,https://smartstore.naver.com/talk_that_griptok/products/8013211707,톡댓그립톡 캔디 코튼 웨이브 미러 그립톡 일체형 아이폰 케이스
176,ALL,https://smartstore.naver.com/talk_that_griptok/category/20bf14b32ffb4fdc9cc378632f183cee?cp=1,https://smartstore.naver.com/talk_that_griptok/products/8013142859,톡댓그립톡 럭키 구름 카메라풀커버 실리콘 젤리 아이폰 에어팟 케이스
177,ALL,https://smartstore.naver.com/talk_that_griptok/category/20bf14b32ffb4fdc9cc378632f183cee?cp=1,https://smartstore.naver.com/talk_that_griptok/products/8007479192,톡댓그립톡 에어팟 투명 클리어 젤리 실리콘 케이스 카라비너 포함
178,ALL,https://smartstore.naver.com/talk_that_griptok/category/20bf14b32ffb4fdc9cc378632f183cee?cp=1,https://smartstore.naver.com/talk_that_griptok/products/8007297066,톡댓그립톡 사랑스러운 하트 토끼 베어 카메라풀커버 아이폰 케이스
179,ALL,https://smartstore.naver.com/talk_that_griptok/category/20bf14b32ffb4fdc9cc378632f183cee?cp=1,https://smartstore.naver.com/talk_that_griptok/products/8007292622,톡댓그립톡 귀여운 바니 토끼 카메라풀커버 아이폰 케이스
180,ALL,https://smartstore.naver.com/talk_that_griptok/category/20bf14b32ffb4fdc9cc378632f183cee?cp=1,https://smartstore.naver.com/talk_that_griptok/products/7987492519,톡댓그립톡 로마네 도낫도낫 11형 아이패드 파우치 도낫베어 도낫프렌즈
181,ALL,https://smartstore.naver.com/talk_that_griptok/category/20bf14b32ffb4fdc9cc378632f183cee?cp=1,https://smartstore.naver.com/talk_that_griptok/products/7984513181,톡댓그립톡 로마네 도낫도낫 베어 밀크티 초코 베리 에어팟프로 케이스
182,ALL,https://smartstore.naver.com/talk_that_griptok/category/20bf14b32ffb4fdc9cc378632f183cee?cp=1,https://smartstore.naver.com/talk_that_griptok/products/7983928870,톡댓그립톡 뽀글뽀글 귀여운 푸들 구름이 강아지 인형 키홀더 키링
183,ALL,https://smartstore.naver.com/talk_that_griptok/category/20bf14b32ffb4fdc9cc378632f183cee?cp=1,https://smartstore.naver.com/talk_that_griptok/products/7973454644,톡댓그립톡 귀여운 코스튬 테디베어 에어팟 케이스 스마트폰 가방 키링
184,ALL,https://smartstore.naver.com/talk_that_griptok/category/20bf14b32ffb4fdc9cc378632f183cee?cp=1,https://smartstore.naver.com/talk_that_griptok/products/7970501679,톡댓그립톡 산리오 키링 시나모롤 마이멜로디 쿠로미 헬로키티 폼폼푸린 모찌 인형
185,ALL,https://smartstore.naver.com/talk_that_griptok/category/20bf14b32ffb4fdc9cc378632f183cee?cp=1,https://smartstore.naver.com/talk_that_griptok/products/7967394026,톡댓그립톡 귀여운 몽몽 강아지 에어팟 실리콘 케이스 1/2세대 프로
186,ALL,https://smartstore.naver.com/talk_that_griptok/category/20bf14b32ffb4fdc9cc378632f183cee?cp=1,https://smartstore.naver.com/talk_that_griptok/products/7966535108,톡댓그립톡 진주 플라워 베어 키링 에어팟 케이스 1.2세대 프로 3세대
187,ALL,https://smartstore.naver.com/talk_that_griptok/category/20bf14b32ffb4fdc9cc378632f183cee?cp=1,https://smartstore.naver.com/talk_that_griptok/products/7959168404,톡댓그립톡 에어팟 체커보드 보더체크 바둑무늬 케이스
188,ALL,https://smartstore.naver.com/talk_that_griptok/category/20bf14b32ffb4fdc9cc378632f183cee?cp=1,https://smartstore.naver.com/talk_that_griptok/products/7958197180,톡댓그립톡 키치한 하이틴 볼터치 애착 인형 토끼 래빗 키링
189,ALL,https://smartstore.naver.com/talk_that_griptok/category/20bf14b32ffb4fdc9cc378632f183cee?cp=1,https://smartstore.naver.com/talk_that_griptok/products/7958071886,톡댓그립톡 키치한 하이틴 볼터치 애착 인형 테디베어 키링
190,ALL,https://smartstore.naver.com/talk_that_griptok/category/20bf14b32ffb4fdc9cc378632f183cee?cp=1,https://smartstore.naver.com/talk_that_griptok/products/7934883863,톡댓그립톡 그라디언트 그라데이션 카메라 풀커버 카드수납 방탄 젤리 케이스 / 아이폰 갤럭시
191,ALL,https://smartstore.naver.com/talk_that_griptok/category/20bf14b32ffb4fdc9cc378632f183cee?cp=1,https://smartstore.naver.com/talk_that_griptok/products/7934754880,톡댓그립톡 슈퍼방탄 변색방지 카드수납 카메라 풀커버 소프트 젤리 투명 갤럭시 아이폰 케이스
192,ALL,https://smartstore.naver.com/talk_that_griptok/category/20bf14b32ffb4fdc9cc378632f183cee?cp=1,https://smartstore.naver.com/talk_that_griptok/products/7922714359,톡댓그립톡 하이틴 xoxo 다이어리 블링블링 글리터 아이폰 갤럭시 케이스
193,ALL,https://smartstore.naver.com/talk_that_griptok/category/20bf14b32ffb4fdc9cc378632f183cee?cp=1,https://smartstore.naver.com/talk_that_griptok/products/7922512839,[무배] 톡댓그립톡 스누즈키튼즈 캐릭터 스쿨 슈퍼마켓 아크릴 거치대 홀더 그립톡
194,ALL,https://smartstore.naver.com/talk_that_griptok/category/20bf14b32ffb4fdc9cc378632f183cee?cp=1,https://smartstore.naver.com/talk_that_griptok/products/7921446018,톡댓그립톡 Z플립4 플라워 스마일 이모지 케이스
195,ALL,https://smartstore.naver.com/talk_that_griptok/category/20bf14b32ffb4fdc9cc378632f183cee?cp=1,https://smartstore.naver.com/talk_that_griptok/products/7920651509,톡댓그립톡 Z플립 힌지 가드 귀여운 냐미 커플 투명 케이스 포크 거치대 포함
196,ALL,https://smartstore.naver.com/talk_that_griptok/category/20bf14b32ffb4fdc9cc378632f183cee?cp=1,https://smartstore.naver.com/talk_that_griptok/products/7918410978,톡댓그립톡 심플 링 그립톡2 맥세이프 메탈릭 컬러 그립톡
197,ALL,https://smartstore.naver.com/talk_that_griptok/category/20bf14b32ffb4fdc9cc378632f183cee?cp=1,https://smartstore.naver.com/talk_that_griptok/products/7916980054,톡댓그립톡 복실복실 체리 베어 부드러운 곰돌이 인형 그립 스마트톡
198,ALL,https://smartstore.naver.com/talk_that_griptok/category/20bf14b32ffb4fdc9cc378632f183cee?cp=1,https://smartstore.naver.com/talk_that_griptok/products/7916649014,톡댓그립톡 복실복실 귀여운 털실 곰돌이 곰도리 그립톡
199,ALL,https://smartstore.naver.com/talk_that_griptok/category/20bf14b32ffb4fdc9cc378632f183cee?cp=1,https://smartstore.naver.com/talk_that_griptok/products/7908245556,톡댓그립톡 귀여운 타마고 다이노 공룡 카메라 풀커버 아이폰 케이스
200,ALL,https://smartstore.naver.com/talk_that_griptok/category/20bf14b32ffb4fdc9cc378632f183cee?cp=1,https://smartstore.naver.com/talk_that_griptok/products/7908225437,톡댓그립톡 사랑스러운 로맨틱 커플 강아지 카메라 풀커버 케이스 아이폰
201,ALL,https://smartstore.naver.com/talk_that_griptok/category/20bf14b32ffb4fdc9cc378632f183cee?cp=1,https://smartstore.naver.com/talk_that_griptok/products/7908205660,톡댓그립톡 상큼한 애플 민트 토끼와 곰돌이 카메라 풀커버 아이폰 케이스
202,ALL,https://smartstore.naver.com/talk_that_griptok/category/20bf14b32ffb4fdc9cc378632f183cee?cp=1,https://smartstore.naver.com/talk_that_griptok/products/7908171302,톡댓그립톡 귀여운 강아지 말티 카메라 풀커버 아이폰 케이스
203,ALL,https://smartstore.naver.com/talk_that_griptok/category/20bf14b32ffb4fdc9cc378632f183cee?cp=1,https://smartstore.naver.com/talk_that_griptok/products/7908158941,톡댓그립톡 귀여운 도토리와 고양이 카메라 풀커버 아이폰 케이스
204,ALL,https://smartstore.naver.com/talk_that_griptok/category/20bf14b32ffb4fdc9cc378632f183cee?cp=1,https://smartstore.naver.com/talk_that_griptok/products/7908146357,톡댓그립톡 귀여운 양말 속 곰돌이 카메라 풀커버 아이폰 케이스
205,ALL,https://smartstore.naver.com/talk_that_griptok/category/20bf14b32ffb4fdc9cc378632f183cee?cp=1,https://smartstore.naver.com/talk_that_griptok/products/7900405507,톡댓그립톡 심플 슬림 라운드 원형 스마트링 마그네틱 그립 스마트톡
206,ALL,https://smartstore.naver.com/talk_that_griptok/category/20bf14b32ffb4fdc9cc378632f183cee?cp=1,https://smartstore.naver.com/talk_that_griptok/products/7900398440,톡댓그립톡 곰돌이 테드 테디베어 스마트톡 그립톡 거치대 홀더
207,ALL,https://smartstore.naver.com/talk_that_griptok/category/20bf14b32ffb4fdc9cc378632f183cee?cp=1,https://smartstore.naver.com/talk_that_griptok/products/7900379143,톡댓그립톡 깅엄 체크 해피데이 스마일 이모지 그립톡
208,ALL,https://smartstore.naver.com/talk_that_griptok/category/20bf14b32ffb4fdc9cc378632f183cee?cp=1,https://smartstore.naver.com/talk_that_griptok/products/7897305430,[무배] 톡댓그립톡 디저트래빗 하이틴 토끼 아크릴 그립 스마트톡
209,베스트,https://smartstore.naver.com/g-fox/best?cp=1,https://smartstore.naver.com/g-fox/products/5586438095,쇼트볼청소기
210,베스트,https://smartstore.naver.com/g-fox/best?cp=1,https://smartstore.naver.com/g-fox/products/5439293715,DB 2018
211,베스트,https://smartstore.naver.com/g-fox/best?cp=1,https://smartstore.naver.com/g-fox/products/6187910977,K-2195TST 고압세척기 크란즐2195TST
212,베스트,https://smartstore.naver.com/g-fox/best?cp=1,https://smartstore.naver.com/g-fox/products/6111320455,X2D PLUS 보행식청소차 (20in / 500mm)
213,베스트,https://smartstore.naver.com/g-fox/best?cp=1,https://smartstore.naver.com/g-fox/products/6103447864,"크란즐 고압세척기 HD7/122TS 에어컨세척,운동화세척"
214,베스트,https://smartstore.naver.com/g-fox/best?cp=1,https://smartstore.naver.com/g-fox/products/6103034713,Profi 195TST 고압세척기 크란즐195TST
215,베스트,https://smartstore.naver.com/g-fox/best?cp=1,https://smartstore.naver.com/g-fox/products/6099334285,Profi 160TST 고압세척기 크란즐160TST
216,베스트,https://smartstore.naver.com/g-fox/best?cp=1,https://smartstore.naver.com/g-fox/products/5590390968,[AR] 고압펌프 04.10RC-M N 고압세척기/세차장/부품/펌프
217,베스트,https://smartstore.naver.com/g-fox/best?cp=1,https://smartstore.naver.com/g-fox/products/5590388057,[AR] 고압펌프 RWA-S 5.5G30H 고압세척기/세차장/부품/펌프
218,베스트,https://smartstore.naver.com/g-fox/best?cp=1,https://smartstore.naver.com/g-fox/products/5590378244,[AR] 고압펌프 RKA-SS 7G22 고압세척기/세차장/부품/펌프
219,베스트,https://smartstore.naver.com/g-fox/best?cp=1,https://smartstore.naver.com/g-fox/products/5590372486,[AR] 고압펌프 RKA-SS 4.2G15 고압세척기/세차장/부품/펌프
220,베스트,https://smartstore.naver.com/g-fox/best?cp=1,https://smartstore.naver.com/g-fox/products/5590360789,[AR] 고압펌프 RKA-SS 3G15 N 고압세척기/세차장/부품/펌프
221,베스트,https://smartstore.naver.com/g-fox/best?cp=1,https://smartstore.naver.com/g-fox/products/5590356285,[AR] 고압펌프 XTA 3G19 고압세척기/세차장/부품/펌프
222,베스트,https://smartstore.naver.com/g-fox/best?cp=1,https://smartstore.naver.com/g-fox/products/5590352743,[AR] 고압펌프 XMTA 3.5G22 고압세척기/세차장/부품/펌프
223,베스트,https://smartstore.naver.com/g-fox/best?cp=1,https://smartstore.naver.com/g-fox/products/5590349465,[AR] 고압펌프 XMA 3.5G22J (엔진형) 고압세척기/세차장/부품/펌프
224,베스트,https://smartstore.naver.com/g-fox/best?cp=1,https://smartstore.naver.com/g-fox/products/5590343793,[AR] 고압펌프 RKA 4G30 고압세척기/세차장/부품/펌프
225,베스트,https://smartstore.naver.com/g-fox/best?cp=1,https://smartstore.naver.com/g-fox/products/5590340627,[AR] 고압펌프 RKV 4G40H 고압세척기/세차장/부품/펌프
226,베스트,https://smartstore.naver.com/g-fox/best?cp=1,https://smartstore.naver.com/g-fox/products/5590338709,[AR] 고압펌프 RKA 5.5G30H 고압세척기/세차장/부품/펌프
227,베스트,https://smartstore.naver.com/g-fox/best?cp=1,https://smartstore.naver.com/g-fox/products/5590336698,[AR] 고압펌프 SXWA 5.5G50 고압세척기/세차장/부품/펌프
228,베스트,https://smartstore.naver.com/g-fox/best?cp=1,https://smartstore.naver.com/g-fox/products/5590334805,[AR] 고압펌프 RCA 3G25N 고압세척기/세차장/부품/펌프
229,베스트,https://smartstore.naver.com/g-fox/best?cp=1,https://smartstore.naver.com/g-fox/products/5590332215,[AR] 고압펌프 XWA-S 8G29H 고압세척기/세차장/부품/펌프
230,베스트,https://smartstore.naver.com/g-fox/best?cp=1,https://smartstore.naver.com/g-fox/products/5590329720,[AR] 고압펌프 XWL 36.15 고압세척기/세차장/부품/펌프
231,베스트,https://smartstore.naver.com/g-fox/best?cp=1,https://smartstore.naver.com/g-fox/products/5590328461,[AR] 고압펌프 XWL 41.20 고압세척기/세차장/부품/펌프
232,베스트,https://smartstore.naver.com/g-fox/best?cp=1,https://smartstore.naver.com/g-fox/products/5590325625,[AR] 고압펌프 XWLA 13G15 고압세척기/세차장/부품/펌프
233,베스트,https://smartstore.naver.com/g-fox/best?cp=1,https://smartstore.naver.com/g-fox/products/5590321881,[AR] 고압펌프 XWA 9G16 고압세척기/세차장/부품/펌프
234,베스트,https://smartstore.naver.com/g-fox/best?cp=1,https://smartstore.naver.com/g-fox/products/5590319939,[AR] 고압펌프 SXWA 7G50 고압세척기/세차장/부품/펌프
235,베스트,https://smartstore.naver.com/g-fox/best?cp=1,https://smartstore.naver.com/g-fox/products/5590271788,[AR] 아노비 고압펌프 SHP 15.50 고압세척기/세차장/부품/펌프
236,베스트,https://smartstore.naver.com/g-fox/best?cp=1,https://smartstore.naver.com/g-fox/products/5590266356,[AR] 아노비 고압펌프 SHP 22.50 고압세척기/세차장/부품/펌프
237,베스트,https://smartstore.naver.com/g-fox/best?cp=1,https://smartstore.naver.com/g-fox/products/5590260643,[AR] 아노비 고압펌프 RTP 30.600N 고압세척기/세차장/부품/펌프
238,베스트,https://smartstore.naver.com/g-fox/best?cp=1,https://smartstore.naver.com/g-fox/products/5590255086,[AR] 아노비 고압펌프 XWL-SS 42.15 고압세척기/세차장/부품/펌프
239,고압세척기하위 메뉴 있음,https://smartstore.naver.com/g-fox/category/92f165efe42c4a01a83e3d859f7c2af4?cp=1,https://smartstore.naver.com/g-fox/products/5439293715,DB 2018
240,고압세척기하위 메뉴 있음,https://smartstore.naver.com/g-fox/category/92f165efe42c4a01a83e3d859f7c2af4?cp=1,https://smartstore.naver.com/g-fox/products/6187910977,K-2195TST 고압세척기 크란즐2195TST
241,고압세척기하위 메뉴 있음,https://smartstore.naver.com/g-fox/category/92f165efe42c4a01a83e3d859f7c2af4?cp=1,https://smartstore.naver.com/g-fox/products/6103447864,"크란즐 고압세척기 HD7/122TS 에어컨세척,운동화세척"
242,고압세척기하위 메뉴 있음,https://smartstore.naver.com/g-fox/category/92f165efe42c4a01a83e3d859f7c2af4?cp=1,https://smartstore.naver.com/g-fox/products/6103034713,Profi 195TST 고압세척기 크란즐195TST
243,고압세척기하위 메뉴 있음,https://smartstore.naver.com/g-fox/category/92f165efe42c4a01a83e3d859f7c2af4?cp=1,https://smartstore.naver.com/g-fox/products/6099334285,Profi 160TST 고압세척기 크란즐160TST
244,고압세척기하위 메뉴 있음,https://smartstore.naver.com/g-fox/category/92f165efe42c4a01a83e3d859f7c2af4?cp=1,https://smartstore.naver.com/g-fox/products/5439322532,MISSISSIPPI 1310 [미시시피]
245,고압세척기하위 메뉴 있음,https://smartstore.naver.com/g-fox/category/92f165efe42c4a01a83e3d859f7c2af4?cp=1,https://smartstore.naver.com/g-fox/products/5439316603,HYPER L 2018 [하이퍼2018]
246,고압세척기하위 메뉴 있음,https://smartstore.naver.com/g-fox/category/92f165efe42c4a01a83e3d859f7c2af4?cp=1,https://smartstore.naver.com/g-fox/products/5439311081,HYPER L 1211 [하이퍼1211]
247,고압세척기하위 메뉴 있음,https://smartstore.naver.com/g-fox/category/92f165efe42c4a01a83e3d859f7c2af4?cp=1,https://smartstore.naver.com/g-fox/products/5439306009,COLUMBIA 2018 [콜럼비아]
248,고압세척기하위 메뉴 있음,https://smartstore.naver.com/g-fox/category/92f165efe42c4a01a83e3d859f7c2af4?cp=1,https://smartstore.naver.com/g-fox/products/5439304612,HYPER C 2018
249,고압세척기하위 메뉴 있음,https://smartstore.naver.com/g-fox/category/92f165efe42c4a01a83e3d859f7c2af4?cp=1,https://smartstore.naver.com/g-fox/products/5439302178,TUCSON 2018
250,고압세척기하위 메뉴 있음,https://smartstore.naver.com/g-fox/category/92f165efe42c4a01a83e3d859f7c2af4?cp=1,https://smartstore.naver.com/g-fox/products/5439287052,DB 2018A (Auto-stop)
251,고압세척기하위 메뉴 있음,https://smartstore.naver.com/g-fox/category/92f165efe42c4a01a83e3d859f7c2af4?cp=1,https://smartstore.naver.com/g-fox/products/5439282750,DB 200H [온수흡입]
252,고압세척기하위 메뉴 있음,https://smartstore.naver.com/g-fox/category/92f165efe42c4a01a83e3d859f7c2af4?cp=1,https://smartstore.naver.com/g-fox/products/5439278298,DB 2018P (Premium)
253,고압세척기하위 메뉴 있음,https://smartstore.naver.com/g-fox/category/92f165efe42c4a01a83e3d859f7c2af4?cp=1,https://smartstore.naver.com/g-fox/products/5439273167,DB 2518
254,고압세척기하위 메뉴 있음,https://smartstore.naver.com/g-fox/category/92f165efe42c4a01a83e3d859f7c2af4?cp=1,https://smartstore.naver.com/g-fox/products/5439268636,DB 2525
255,고압세척기하위 메뉴 있음,https://smartstore.naver.com/g-fox/category/92f165efe42c4a01a83e3d859f7c2af4?cp=1,https://smartstore.naver.com/g-fox/products/5411674474,DB 2532
256,고압세척기하위 메뉴 있음,https://smartstore.naver.com/g-fox/category/92f165efe42c4a01a83e3d859f7c2af4?cp=1,https://smartstore.naver.com/g-fox/products/5409939157,DB150A
257,고압세척기하위 메뉴 있음,https://smartstore.naver.com/g-fox/category/92f165efe42c4a01a83e3d859f7c2af4?cp=1,https://smartstore.naver.com/g-fox/products/5409929953,DB150
258,고압세척기하위 메뉴 있음,https://smartstore.naver.com/g-fox/category/92f165efe42c4a01a83e3d859f7c2af4?cp=1,https://smartstore.naver.com/g-fox/products/5409899910,GARAGE S1 [가라지]
259,고압세척기하위 메뉴 있음,https://smartstore.naver.com/g-fox/category/92f165efe42c4a01a83e3d859f7c2af4?cp=1,https://smartstore.naver.com/g-fox/products/5409878083,GARAGE S2 [가라지]
260,고압세척기하위 메뉴 있음,https://smartstore.naver.com/g-fox/category/92f165efe42c4a01a83e3d859f7c2af4?cp=1,https://smartstore.naver.com/g-fox/products/5409862214,HYPER C 1211
261,고압세척기하위 메뉴 있음,https://smartstore.naver.com/g-fox/category/92f165efe42c4a01a83e3d859f7c2af4?cp=1,https://smartstore.naver.com/g-fox/products/5409845318,MCHPV1211
262,고압세척기하위 메뉴 있음,https://smartstore.naver.com/g-fox/category/92f165efe42c4a01a83e3d859f7c2af4?cp=1,https://smartstore.naver.com/g-fox/products/5409829269,TUCSON1211
263,고압세척기하위 메뉴 있음,https://smartstore.naver.com/g-fox/category/92f165efe42c4a01a83e3d859f7c2af4?cp=1,https://smartstore.naver.com/g-fox/products/5409795411,LMX 160M
264,고압세척기하위 메뉴 있음,https://smartstore.naver.com/g-fox/category/92f165efe42c4a01a83e3d859f7c2af4?cp=1,https://smartstore.naver.com/g-fox/products/5409742474,KW35
265,고압세척기하위 메뉴 있음,https://smartstore.naver.com/g-fox/category/92f165efe42c4a01a83e3d859f7c2af4?cp=1,https://smartstore.naver.com/g-fox/products/5409700739,KW26
266,고압세척기하위 메뉴 있음,https://smartstore.naver.com/g-fox/category/92f165efe42c4a01a83e3d859f7c2af4?cp=1,https://smartstore.naver.com/g-fox/products/5409556331,5K
267,고압세척기하위 메뉴 있음,https://smartstore.naver.com/g-fox/category/92f165efe42c4a01a83e3d859f7c2af4?cp=1,https://smartstore.naver.com/g-fox/products/5409466388,161K X-TRA
268,고압세척기하위 메뉴 있음,https://smartstore.naver.com/g-fox/category/92f165efe42c4a01a83e3d859f7c2af4?cp=1,https://smartstore.naver.com/g-fox/products/5405851577,171K X-TRA
269,"청소용품,세제",https://smartstore.naver.com/g-fox/category/f33a45310b914867a63224d6534debe3?cp=1,https://smartstore.naver.com/g-fox/products/3417885933,"진공 청소기 호스 38Ø (내경38mm) (길이5m~20m 선택)   ( 진공청소기 호스, 세차장/주유소 호스, 브라보 진공청소기 호스, 경서/보흥 청소기 외 )"
270,"청소용품,세제",https://smartstore.naver.com/g-fox/category/f33a45310b914867a63224d6534debe3?cp=1,https://smartstore.naver.com/g-fox/products/3417820927,"청소기 호스 45Ø  (내경45mm) (길이5m~20m)   ( 진공청소기 호스, 세차장/주유소 진공청소기 호스, 브라보 진공청소기 호스, 경서/보흥 청소기 외 )"
271,"청소용품,세제",https://smartstore.naver.com/g-fox/category/f33a45310b914867a63224d6534debe3?cp=1,https://smartstore.naver.com/g-fox/products/3417811212,"청소기 호스 45Ø  (내경45mm) (길이10m)   ( 진공청소기 호스, 세차장/주유소 진공청소기 호스, 브라보 진공청소기 호스, 경서/보흥 청소기 외 )"
272,"청소용품,세제",https://smartstore.naver.com/g-fox/category/f33a45310b914867a63224d6534debe3?cp=1,https://smartstore.naver.com/g-fox/products/3417765609,"청소기 호스 45Ø  (내경45mm) (길이20m)   ( 진공청소기 호스, 세차장/주유소 진공청소기 호스, 브라보 진공청소기 호스, 경서/보흥 청소기 외 )"
273,쇼트볼청소기,https://smartstore.naver.com/g-fox/category/4f80ea67fdbc475791ed48f57dc710f7?cp=1,https://smartstore.naver.com/g-fox/products/5586438095,쇼트볼청소기
274,고압펌프&모터하위 메뉴 있음,https://smartstore.naver.com/g-fox/category/c92f7dbfdfbf4d2aa2108f30db1fb8a7?cp=1,https://smartstore.naver.com/g-fox/products/5590390968,[AR] 고압펌프 04.10RC-M N 고압세척기/세차장/부품/펌프
275,고압펌프&모터하위 메뉴 있음,https://smartstore.naver.com/g-fox/category/c92f7dbfdfbf4d2aa2108f30db1fb8a7?cp=1,https://smartstore.naver.com/g-fox/products/5590388057,[AR] 고압펌프 RWA-S 5.5G30H 고압세척기/세차장/부품/펌프
276,고압펌프&모터하위 메뉴 있음,https://smartstore.naver.com/g-fox/category/c92f7dbfdfbf4d2aa2108f30db1fb8a7?cp=1,https://smartstore.naver.com/g-fox/products/5590378244,[AR] 고압펌프 RKA-SS 7G22 고압세척기/세차장/부품/펌프
277,고압펌프&모터하위 메뉴 있음,https://smartstore.naver.com/g-fox/category/c92f7dbfdfbf4d2aa2108f30db1fb8a7?cp=1,https://smartstore.naver.com/g-fox/products/5590372486,[AR] 고압펌프 RKA-SS 4.2G15 고압세척기/세차장/부품/펌프
278,고압펌프&모터하위 메뉴 있음,https://smartstore.naver.com/g-fox/category/c92f7dbfdfbf4d2aa2108f30db1fb8a7?cp=1,https://smartstore.naver.com/g-fox/products/5590360789,[AR] 고압펌프 RKA-SS 3G15 N 고압세척기/세차장/부품/펌프
279,고압펌프&모터하위 메뉴 있음,https://smartstore.naver.com/g-fox/category/c92f7dbfdfbf4d2aa2108f30db1fb8a7?cp=1,https://smartstore.naver.com/g-fox/products/5590356285,[AR] 고압펌프 XTA 3G19 고압세척기/세차장/부품/펌프
280,고압펌프&모터하위 메뉴 있음,https://smartstore.naver.com/g-fox/category/c92f7dbfdfbf4d2aa2108f30db1fb8a7?cp=1,https://smartstore.naver.com/g-fox/products/5590352743,[AR] 고압펌프 XMTA 3.5G22 고압세척기/세차장/부품/펌프
281,고압펌프&모터하위 메뉴 있음,https://smartstore.naver.com/g-fox/category/c92f7dbfdfbf4d2aa2108f30db1fb8a7?cp=1,https://smartstore.naver.com/g-fox/products/5590349465,[AR] 고압펌프 XMA 3.5G22J (엔진형) 고압세척기/세차장/부품/펌프
282,고압펌프&모터하위 메뉴 있음,https://smartstore.naver.com/g-fox/category/c92f7dbfdfbf4d2aa2108f30db1fb8a7?cp=1,https://smartstore.naver.com/g-fox/products/5590343793,[AR] 고압펌프 RKA 4G30 고압세척기/세차장/부품/펌프
283,고압펌프&모터하위 메뉴 있음,https://smartstore.naver.com/g-fox/category/c92f7dbfdfbf4d2aa2108f30db1fb8a7?cp=1,https://smartstore.naver.com/g-fox/products/5590340627,[AR] 고압펌프 RKV 4G40H 고압세척기/세차장/부품/펌프
284,고압펌프&모터하위 메뉴 있음,https://smartstore.naver.com/g-fox/category/c92f7dbfdfbf4d2aa2108f30db1fb8a7?cp=1,https://smartstore.naver.com/g-fox/products/5590338709,[AR] 고압펌프 RKA 5.5G30H 고압세척기/세차장/부품/펌프
285,고압펌프&모터하위 메뉴 있음,https://smartstore.naver.com/g-fox/category/c92f7dbfdfbf4d2aa2108f30db1fb8a7?cp=1,https://smartstore.naver.com/g-fox/products/5590336698,[AR] 고압펌프 SXWA 5.5G50 고압세척기/세차장/부품/펌프
286,고압펌프&모터하위 메뉴 있음,https://smartstore.naver.com/g-fox/category/c92f7dbfdfbf4d2aa2108f30db1fb8a7?cp=1,https://smartstore.naver.com/g-fox/products/5590334805,[AR] 고압펌프 RCA 3G25N 고압세척기/세차장/부품/펌프
287,고압펌프&모터하위 메뉴 있음,https://smartstore.naver.com/g-fox/category/c92f7dbfdfbf4d2aa2108f30db1fb8a7?cp=1,https://smartstore.naver.com/g-fox/products/5590332215,[AR] 고압펌프 XWA-S 8G29H 고압세척기/세차장/부품/펌프
288,고압펌프&모터하위 메뉴 있음,https://smartstore.naver.com/g-fox/category/c92f7dbfdfbf4d2aa2108f30db1fb8a7?cp=1,https://smartstore.naver.com/g-fox/products/5590329720,[AR] 고압펌프 XWL 36.15 고압세척기/세차장/부품/펌프
289,고압펌프&모터하위 메뉴 있음,https://smartstore.naver.com/g-fox/category/c92f7dbfdfbf4d2aa2108f30db1fb8a7?cp=1,https://smartstore.naver.com/g-fox/products/5590328461,[AR] 고압펌프 XWL 41.20 고압세척기/세차장/부품/펌프
290,고압펌프&모터하위 메뉴 있음,https://smartstore.naver.com/g-fox/category/c92f7dbfdfbf4d2aa2108f30db1fb8a7?cp=1,https://smartstore.naver.com/g-fox/products/5590325625,[AR] 고압펌프 XWLA 13G15 고압세척기/세차장/부품/펌프
291,고압펌프&모터하위 메뉴 있음,https://smartstore.naver.com/g-fox/category/c92f7dbfdfbf4d2aa2108f30db1fb8a7?cp=1,https://smartstore.naver.com/g-fox/products/5590321881,[AR] 고압펌프 XWA 9G16 고압세척기/세차장/부품/펌프
292,고압펌프&모터하위 메뉴 있음,https://smartstore.naver.com/g-fox/category/c92f7dbfdfbf4d2aa2108f30db1fb8a7?cp=1,https://smartstore.naver.com/g-fox/products/5590319939,[AR] 고압펌프 SXWA 7G50 고압세척기/세차장/부품/펌프
293,고압펌프&모터하위 메뉴 있음,https://smartstore.naver.com/g-fox/category/c92f7dbfdfbf4d2aa2108f30db1fb8a7?cp=1,https://smartstore.naver.com/g-fox/products/5590271788,[AR] 아노비 고압펌프 SHP 15.50 고압세척기/세차장/부품/펌프
294,고압펌프&모터하위 메뉴 있음,https://smartstore.naver.com/g-fox/category/c92f7dbfdfbf4d2aa2108f30db1fb8a7?cp=1,https://smartstore.naver.com/g-fox/products/5590266356,[AR] 아노비 고압펌프 SHP 22.50 고압세척기/세차장/부품/펌프
295,고압펌프&모터하위 메뉴 있음,https://smartstore.naver.com/g-fox/category/c92f7dbfdfbf4d2aa2108f30db1fb8a7?cp=1,https://smartstore.naver.com/g-fox/products/5590260643,[AR] 아노비 고압펌프 RTP 30.600N 고압세척기/세차장/부품/펌프
296,고압펌프&모터하위 메뉴 있음,https://smartstore.naver.com/g-fox/category/c92f7dbfdfbf4d2aa2108f30db1fb8a7?cp=1,https://smartstore.naver.com/g-fox/products/5590255086,[AR] 아노비 고압펌프 XWL-SS 42.15 고압세척기/세차장/부품/펌프
297,고압펌프&모터하위 메뉴 있음,https://smartstore.naver.com/g-fox/category/c92f7dbfdfbf4d2aa2108f30db1fb8a7?cp=1,https://smartstore.naver.com/g-fox/products/5590250720,[AR] 아노비 고압펌프 HYD-RK 15.20 고압세척기/세차장/부품/펌프
298,고압펌프&모터하위 메뉴 있음,https://smartstore.naver.com/g-fox/category/c92f7dbfdfbf4d2aa2108f30db1fb8a7?cp=1,https://smartstore.naver.com/g-fox/products/5590239114,[AR] 아노비 고압펌프 XM-M 02.10 고압세척기/세차장/부품/펌프
299,고압펌프&모터하위 메뉴 있음,https://smartstore.naver.com/g-fox/category/c92f7dbfdfbf4d2aa2108f30db1fb8a7?cp=1,https://smartstore.naver.com/g-fox/products/5590224398,[AR] 아노비 고압펌프 RC-M 02.10 N DX 고압세척기/세차장/부품/펌프
300,고압펌프&모터하위 메뉴 있음,https://smartstore.naver.com/g-fox/category/c92f7dbfdfbf4d2aa2108f30db1fb8a7?cp=1,https://smartstore.naver.com/g-fox/products/5590218478,[AR] 아노비 고압펌프 RC-M 05.10N DX 고압세척기/세차장/부품/펌프
301,고압펌프&모터하위 메뉴 있음,https://smartstore.naver.com/g-fox/category/c92f7dbfdfbf4d2aa2108f30db1fb8a7?cp=1,https://smartstore.naver.com/g-fox/products/5586516499,[AR] 아노비 고압펌프 RC-M 06.10N 고압세척기/세차장/부품/펌프
302,전체상품,https://smartstore.naver.com/g-fox/category/4a4a8790632241d48f1a4fd0651ebf93?cp=1,https://smartstore.naver.com/g-fox/products/6187910977,K-2195TST 고압세척기 크란즐2195TST
303,전체상품,https://smartstore.naver.com/g-fox/category/4a4a8790632241d48f1a4fd0651ebf93?cp=1,https://smartstore.naver.com/g-fox/products/6111320455,X2D PLUS 보행식청소차 (20in / 500mm)
304,전체상품,https://smartstore.naver.com/g-fox/category/4a4a8790632241d48f1a4fd0651ebf93?cp=1,https://smartstore.naver.com/g-fox/products/6103447864,"크란즐 고압세척기 HD7/122TS 에어컨세척,운동화세척"
305,전체상품,https://smartstore.naver.com/g-fox/category/4a4a8790632241d48f1a4fd0651ebf93?cp=1,https://smartstore.naver.com/g-fox/products/6103034713,Profi 195TST 고압세척기 크란즐195TST
306,전체상품,https://smartstore.naver.com/g-fox/category/4a4a8790632241d48f1a4fd0651ebf93?cp=1,https://smartstore.naver.com/g-fox/products/6099334285,Profi 160TST 고압세척기 크란즐160TST
307,전체상품,https://smartstore.naver.com/g-fox/category/4a4a8790632241d48f1a4fd0651ebf93?cp=1,https://smartstore.naver.com/g-fox/products/5590390968,[AR] 고압펌프 04.10RC-M N 고압세척기/세차장/부품/펌프
308,전체상품,https://smartstore.naver.com/g-fox/category/4a4a8790632241d48f1a4fd0651ebf93?cp=1,https://smartstore.naver.com/g-fox/products/5590388057,[AR] 고압펌프 RWA-S 5.5G30H 고압세척기/세차장/부품/펌프
309,전체상품,https://smartstore.naver.com/g-fox/category/4a4a8790632241d48f1a4fd0651ebf93?cp=1,https://smartstore.naver.com/g-fox/products/5590378244,[AR] 고압펌프 RKA-SS 7G22 고압세척기/세차장/부품/펌프
310,전체상품,https://smartstore.naver.com/g-fox/category/4a4a8790632241d48f1a4fd0651ebf93?cp=1,https://smartstore.naver.com/g-fox/products/5590372486,[AR] 고압펌프 RKA-SS 4.2G15 고압세척기/세차장/부품/펌프
311,전체상품,https://smartstore.naver.com/g-fox/category/4a4a8790632241d48f1a4fd0651ebf93?cp=1,https://smartstore.naver.com/g-fox/products/5590360789,[AR] 고압펌프 RKA-SS 3G15 N 고압세척기/세차장/부품/펌프
312,전체상품,https://smartstore.naver.com/g-fox/category/4a4a8790632241d48f1a4fd0651ebf93?cp=1,https://smartstore.naver.com/g-fox/products/5590356285,[AR] 고압펌프 XTA 3G19 고압세척기/세차장/부품/펌프
313,전체상품,https://smartstore.naver.com/g-fox/category/4a4a8790632241d48f1a4fd0651ebf93?cp=1,https://smartstore.naver.com/g-fox/products/5590352743,[AR] 고압펌프 XMTA 3.5G22 고압세척기/세차장/부품/펌프
314,전체상품,https://smartstore.naver.com/g-fox/category/4a4a8790632241d48f1a4fd0651ebf93?cp=1,https://smartstore.naver.com/g-fox/products/5590349465,[AR] 고압펌프 XMA 3.5G22J (엔진형) 고압세척기/세차장/부품/펌프
315,전체상품,https://smartstore.naver.com/g-fox/category/4a4a8790632241d48f1a4fd0651ebf93?cp=1,https://smartstore.naver.com/g-fox/products/5590343793,[AR] 고압펌프 RKA 4G30 고압세척기/세차장/부품/펌프
316,전체상품,https://smartstore.naver.com/g-fox/category/4a4a8790632241d48f1a4fd0651ebf93?cp=1,https://smartstore.naver.com/g-fox/products/5590340627,[AR] 고압펌프 RKV 4G40H 고압세척기/세차장/부품/펌프
317,전체상품,https://smartstore.naver.com/g-fox/category/4a4a8790632241d48f1a4fd0651ebf93?cp=1,https://smartstore.naver.com/g-fox/products/5590338709,[AR] 고압펌프 RKA 5.5G30H 고압세척기/세차장/부품/펌프
318,전체상품,https://smartstore.naver.com/g-fox/category/4a4a8790632241d48f1a4fd0651ebf93?cp=1,https://smartstore.naver.com/g-fox/products/5590336698,[AR] 고압펌프 SXWA 5.5G50 고압세척기/세차장/부품/펌프
319,전체상품,https://smartstore.naver.com/g-fox/category/4a4a8790632241d48f1a4fd0651ebf93?cp=1,https://smartstore.naver.com/g-fox/products/5590334805,[AR] 고압펌프 RCA 3G25N 고압세척기/세차장/부품/펌프
320,전체상품,https://smartstore.naver.com/g-fox/category/4a4a8790632241d48f1a4fd0651ebf93?cp=1,https://smartstore.naver.com/g-fox/products/5590332215,[AR] 고압펌프 XWA-S 8G29H 고압세척기/세차장/부품/펌프
321,전체상품,https://smartstore.naver.com/g-fox/category/4a4a8790632241d48f1a4fd0651ebf93?cp=1,https://smartstore.naver.com/g-fox/products/5590329720,[AR] 고압펌프 XWL 36.15 고압세척기/세차장/부품/펌프
322,전체상품,https://smartstore.naver.com/g-fox/category/4a4a8790632241d48f1a4fd0651ebf93?cp=1,https://smartstore.naver.com/g-fox/products/5590328461,[AR] 고압펌프 XWL 41.20 고압세척기/세차장/부품/펌프
323,전체상품,https://smartstore.naver.com/g-fox/category/4a4a8790632241d48f1a4fd0651ebf93?cp=1,https://smartstore.naver.com/g-fox/products/5590325625,[AR] 고압펌프 XWLA 13G15 고압세척기/세차장/부품/펌프
324,전체상품,https://smartstore.naver.com/g-fox/category/4a4a8790632241d48f1a4fd0651ebf93?cp=1,https://smartstore.naver.com/g-fox/products/5590321881,[AR] 고압펌프 XWA 9G16 고압세척기/세차장/부품/펌프
325,전체상품,https://smartstore.naver.com/g-fox/category/4a4a8790632241d48f1a4fd0651ebf93?cp=1,https://smartstore.naver.com/g-fox/products/5590319939,[AR] 고압펌프 SXWA 7G50 고압세척기/세차장/부품/펌프
326,전체상품,https://smartstore.naver.com/g-fox/category/4a4a8790632241d48f1a4fd0651ebf93?cp=1,https://smartstore.naver.com/g-fox/products/5590271788,[AR] 아노비 고압펌프 SHP 15.50 고압세척기/세차장/부품/펌프
327,전체상품,https://smartstore.naver.com/g-fox/category/4a4a8790632241d48f1a4fd0651ebf93?cp=1,https://smartstore.naver.com/g-fox/products/5590266356,[AR] 아노비 고압펌프 SHP 22.50 고압세척기/세차장/부품/펌프
328,전체상품,https://smartstore.naver.com/g-fox/category/4a4a8790632241d48f1a4fd0651ebf93?cp=1,https://smartstore.naver.com/g-fox/products/5590260643,[AR] 아노비 고압펌프 RTP 30.600N 고압세척기/세차장/부품/펌프
329,전체상품,https://smartstore.naver.com/g-fox/category/4a4a8790632241d48f1a4fd0651ebf93?cp=1,https://smartstore.naver.com/g-fox/products/5590255086,[AR] 아노비 고압펌프 XWL-SS 42.15 고압세척기/세차장/부품/펌프
330,전체상품,https://smartstore.naver.com/g-fox/category/4a4a8790632241d48f1a4fd0651ebf93?cp=1,https://smartstore.naver.com/g-fox/products/5590250720,[AR] 아노비 고압펌프 HYD-RK 15.20 고압세척기/세차장/부품/펌프
331,전체상품,https://smartstore.naver.com/g-fox/category/4a4a8790632241d48f1a4fd0651ebf93?cp=1,https://smartstore.naver.com/g-fox/products/5590239114,[AR] 아노비 고압펌프 XM-M 02.10 고압세척기/세차장/부품/펌프
332,전체상품,https://smartstore.naver.com/g-fox/category/4a4a8790632241d48f1a4fd0651ebf93?cp=1,https://smartstore.naver.com/g-fox/products/5590224398,[AR] 아노비 고압펌프 RC-M 02.10 N DX 고압세척기/세차장/부품/펌프
333,전체상품,https://smartstore.naver.com/g-fox/category/4a4a8790632241d48f1a4fd0651ebf93?cp=1,https://smartstore.naver.com/g-fox/products/5590218478,[AR] 아노비 고압펌프 RC-M 05.10N DX 고압세척기/세차장/부품/펌프
334,전체상품,https://smartstore.naver.com/g-fox/category/4a4a8790632241d48f1a4fd0651ebf93?cp=1,https://smartstore.naver.com/g-fox/products/5586516499,[AR] 아노비 고압펌프 RC-M 06.10N 고압세척기/세차장/부품/펌프
335,전체상품,https://smartstore.naver.com/g-fox/category/4a4a8790632241d48f1a4fd0651ebf93?cp=1,https://smartstore.naver.com/g-fox/products/5586438095,쇼트볼청소기
336,전체상품,https://smartstore.naver.com/g-fox/category/4a4a8790632241d48f1a4fd0651ebf93?cp=1,https://smartstore.naver.com/g-fox/products/5439322532,MISSISSIPPI 1310 [미시시피]
337,전체상품,https://smartstore.naver.com/g-fox/category/4a4a8790632241d48f1a4fd0651ebf93?cp=1,https://smartstore.naver.com/g-fox/products/5439316603,HYPER L 2018 [하이퍼2018]
338,전체상품,https://smartstore.naver.com/g-fox/category/4a4a8790632241d48f1a4fd0651ebf93?cp=1,https://smartstore.naver.com/g-fox/products/5439311081,HYPER L 1211 [하이퍼1211]
339,전체상품,https://smartstore.naver.com/g-fox/category/4a4a8790632241d48f1a4fd0651ebf93?cp=1,https://smartstore.naver.com/g-fox/products/5439306009,COLUMBIA 2018 [콜럼비아]
340,전체상품,https://smartstore.naver.com/g-fox/category/4a4a8790632241d48f1a4fd0651ebf93?cp=1,https://smartstore.naver.com/g-fox/products/5439304612,HYPER C 2018
341,전체상품,https://smartstore.naver.com/g-fox/category/4a4a8790632241d48f1a4fd0651ebf93?cp=1,https://smartstore.naver.com/g-fox/products/5439302178,TUCSON 2018
342,전체상품,https://smartstore.naver.com/g-fox/category/4a4a8790632241d48f1a4fd0651ebf93?cp=1,https://smartstore.naver.com/g-fox/products/5439293715,DB 2018
343,전체상품,https://smartstore.naver.com/g-fox/category/4a4a8790632241d48f1a4fd0651ebf93?cp=1,https://smartstore.naver.com/g-fox/products/5439287052,DB 2018A (Auto-stop)
344,전체상품,https://smartstore.naver.com/g-fox/category/4a4a8790632241d48f1a4fd0651ebf93?cp=1,https://smartstore.naver.com/g-fox/products/5439282750,DB 200H [온수흡입]
345,전체상품,https://smartstore.naver.com/g-fox/category/4a4a8790632241d48f1a4fd0651ebf93?cp=1,https://smartstore.naver.com/g-fox/products/5439278298,DB 2018P (Premium)
346,전체상품,https://smartstore.naver.com/g-fox/category/4a4a8790632241d48f1a4fd0651ebf93?cp=1,https://smartstore.naver.com/g-fox/products/5439273167,DB 2518
347,전체상품,https://smartstore.naver.com/g-fox/category/4a4a8790632241d48f1a4fd0651ebf93?cp=1,https://smartstore.naver.com/g-fox/products/5439268636,DB 2525
348,전체상품,https://smartstore.naver.com/g-fox/category/4a4a8790632241d48f1a4fd0651ebf93?cp=1,https://smartstore.naver.com/g-fox/products/5411674474,DB 2532
349,전체상품,https://smartstore.naver.com/g-fox/category/4a4a8790632241d48f1a4fd0651ebf93?cp=1,https://smartstore.naver.com/g-fox/products/5409939157,DB150A
350,전체상품,https://smartstore.naver.com/g-fox/category/4a4a8790632241d48f1a4fd0651ebf93?cp=1,https://smartstore.naver.com/g-fox/products/5409929953,DB150
351,전체상품,https://smartstore.naver.com/g-fox/category/4a4a8790632241d48f1a4fd0651ebf93?cp=1,https://smartstore.naver.com/g-fox/products/5409899910,GARAGE S1 [가라지]
352,전체상품,https://smartstore.naver.com/g-fox/category/4a4a8790632241d48f1a4fd0651ebf93?cp=1,https://smartstore.naver.com/g-fox/products/5409878083,GARAGE S2 [가라지]
353,전체상품,https://smartstore.naver.com/g-fox/category/4a4a8790632241d48f1a4fd0651ebf93?cp=1,https://smartstore.naver.com/g-fox/products/5409862214,HYPER C 1211
354,전체상품,https://smartstore.naver.com/g-fox/category/4a4a8790632241d48f1a4fd0651ebf93?cp=1,https://smartstore.naver.com/g-fox/products/5409845318,MCHPV1211
355,전체상품,https://smartstore.naver.com/g-fox/category/4a4a8790632241d48f1a4fd0651ebf93?cp=1,https://smartstore.naver.com/g-fox/products/5409829269,TUCSON1211
356,전체상품,https://smartstore.naver.com/g-fox/category/4a4a8790632241d48f1a4fd0651ebf93?cp=1,https://smartstore.naver.com/g-fox/products/5409795411,LMX 160M
357,전체상품,https://smartstore.naver.com/g-fox/category/4a4a8790632241d48f1a4fd0651ebf93?cp=1,https://smartstore.naver.com/g-fox/products/5409742474,KW35
358,전체상품,https://smartstore.naver.com/g-fox/category/4a4a8790632241d48f1a4fd0651ebf93?cp=1,https://smartstore.naver.com/g-fox/products/5409700739,KW26
359,전체상품,https://smartstore.naver.com/g-fox/category/4a4a8790632241d48f1a4fd0651ebf93?cp=1,https://smartstore.naver.com/g-fox/products/5409556331,5K
360,전체상품,https://smartstore.naver.com/g-fox/category/4a4a8790632241d48f1a4fd0651ebf93?cp=1,https://smartstore.naver.com/g-fox/products/5409466388,161K X-TRA
361,전체상품,https://smartstore.naver.com/g-fox/category/4a4a8790632241d48f1a4fd0651ebf93?cp=1,https://smartstore.naver.com/g-fox/products/5405851577,171K X-TRA
362,전체상품,https://smartstore.naver.com/g-fox/category/4a4a8790632241d48f1a4fd0651ebf93?cp=1,https://smartstore.naver.com/g-fox/products/3417885933,"진공 청소기 호스 38Ø (내경38mm) (길이5m~20m 선택)   ( 진공청소기 호스, 세차장/주유소 호스, 브라보 진공청소기 호스, 경서/보흥 청소기 외 )"
363,전체상품,https://smartstore.naver.com/g-fox/category/4a4a8790632241d48f1a4fd0651ebf93?cp=1,https://smartstore.naver.com/g-fox/products/3417820927,"청소기 호스 45Ø  (내경45mm) (길이5m~20m)   ( 진공청소기 호스, 세차장/주유소 진공청소기 호스, 브라보 진공청소기 호스, 경서/보흥 청소기 외 )"
364,전체상품,https://smartstore.naver.com/g-fox/category/4a4a8790632241d48f1a4fd0651ebf93?cp=1,https://smartstore.naver.com/g-fox/products/3417811212,"청소기 호스 45Ø  (내경45mm) (길이10m)   ( 진공청소기 호스, 세차장/주유소 진공청소기 호스, 브라보 진공청소기 호스, 경서/보흥 청소기 외 )"
365,전체상품,https://smartstore.naver.com/g-fox/category/4a4a8790632241d48f1a4fd0651ebf93?cp=1,https://smartstore.naver.com/g-fox/products/3417765609,"청소기 호스 45Ø  (내경45mm) (길이20m)   ( 진공청소기 호스, 세차장/주유소 진공청소기 호스, 브라보 진공청소기 호스, 경서/보흥 청소기 외 )"
366,생활/건강하위 메뉴 있음,https://smartstore.naver.com/momo24time/category/50000008?cp=1,https://smartstore.naver.com/momo24time/products/8316242788,담금주 키트 상견례 집들이선물
367,전체상품,https://smartstore.naver.com/momo24time/category/ALL?cp=1,https://smartstore.naver.com/momo24time/products/8316242788,담금주 키트 상견례 집들이선물
368,식품하위 메뉴 있음,https://smartstore.naver.com/orangebridge/category/50000006?cp=1,https://smartstore.naver.com/orangebridge/products/8319907183,성주꿀참외 참외5kg 3kg 2kg 참외농장 직송 가정용 선물용 담하네
369,전체상품,https://smartstore.naver.com/orangebridge/category/ALL?cp=1,https://smartstore.naver.com/orangebridge/products/8319907183,성주꿀참외 참외5kg 3kg 2kg 참외농장 직송 가정용 선물용 담하네
